feature_id,longitude,latitude,wigos_station_identifier,reportId,reportTime,phenomenonTime,name,units,value,description,numeric_value_missing
0-20000-0-42383-202609290300-0,84.91667,26.66667,0-20000-0-42383,0-20000-0-42383-202609290300,2026-09-29T03:00:00Z,2026-09-29T03:00:00Z,pressure_reduced_to_mean_sea_level,hPa,1011.6,,False
0-20000-0-42383-202609290300-1,84.91667,26.66667,0-20000-0-42383,0-20000-0-42383-202609290300,2026-09-29T03:00:00Z,2026-09-29T03:00:00Z,24hour_pressure_change,hPa,0.9,,False
0-20000-0-42383-202609290300-10,84.91667,26.66667,0-20000-0-42383,0-20000-0-42383-202609290300,2026-09-29T03:00:00Z,2026-09-29T03:00:00Z,present_weather,CODE TABLE,,HAZE,True
0-20000-0-42383-202609290300-11,84.91667,26.66667,0-20000-0-42383,0-20000-0-42383-202609290300,2026-09-29T03:00:00Z,2026-09-29T03:00:00Z,past_weather1,CODE TABLE,,CLOUD COVERING 1/2 OR LESS OF THE SKY THROUGHOUT THE APPROPRIATE PERIOD,True
0-20000-0-42383-202609290300-12,84.91667,26.66667,0-20000-0-42383,0-20000-0-42383-202609290300,2026-09-29T03:00:00Z,2026-09-29T03:00:00Z,past_weather2,CODE TABLE,,CLOUD COVERING 1/2 OR LESS OF THE SKY THROUGHOUT THE APPROPRIATE PERIOD,True
0-20000-0-42383-202609290300-13,84.91667,26.66667,0-20000-0-42383,0-20000-0-42383-202609290300,2026-09-29T03:00:00Z,2026-09-29T02:50:00Z/2026-09-29T03:00:00Z,wind_direction,deg,0.0,,False
0-20000-0-42383-202609290300-14,84.91667,26.66667,0-20000-0-42383,0-20000-0-42383-202609290300,2026-09-29T03:00:00Z,2026-09-29T02:50:00Z/2026-09-29T03:00:00Z,wind_speed,m/s,0.0,,False
0-20000-0-42383-202609290300-15,84.91667,26.66667,0-20000-0-42383,0-20000-0-42383-202609290300,2026-09-29T03:00:00Z,2026-09-29T02:00:00Z/2026-09-29T03:00:00Z,minimum_temperature_at_height_and_over_period_specified,Celsius,24.0,,False
0-20000-0-42383-202609290300-16,84.91667,26.66667,0-20000-0-42383,0-20000-0-42383-202609290300,2026-09-29T03:00:00Z,2026-09-28T15:00:00Z/2026-09-29T03:00:00Z,minimum_temperature_at_height_and_over_period_specified,Celsius,24.0,,False
0-20000-0-42383-202609290300-2,84.91667,26.66667,0-20000-0-42383,0-20000-0-42383-202609290300,2026-09-29T03:00:00Z,2026-09-29T03:00:00Z,air_temperature,Celsius,27.4,,False
0-20000-0-42383-202609290300-3,84.91667,26.66667,0-20000-0-42383,0-20000-0-42383-202609290300,2026-09-29T03:00:00Z,2026-09-29T03:00:00Z,dewpoint_temperature,Celsius,25.1,,False
0-20000-0-42383-202609290300-4,84.91667,26.66667,0-20000-0-42383,0-20000-0-42383-202609290300,2026-09-29T03:00:00Z,2026-09-29T03:00:00Z,horizontal_visibility,m,4000.0,,False
0-20000-0-42383-202609290300-5,84.91667,26.66667,0-20000-0-42383,0-20000-0-42383-202609290300,2026-09-29T03:00:00Z,2026-09-29T03:00:00Z,cloud_cover_total,%,0.0,,False
0-20000-0-42383-202609290300-6,84.91667,26.66667,0-20000-0-42383,0-20000-0-42383-202609290300,2026-09-29T03:00:00Z,2026-09-29T03:00:00Z,cloud_amount,CODE TABLE,,0,True
0-20000-0-42383-202609290300-7,84.91667,26.66667,0-20000-0-42383,0-20000-0-42383-202609290300,2026-09-29T03:00:00Z,2026-09-29T03:00:00Z,cloud_type,CODE TABLE,,NO CL CLOUDS,True
0-20000-0-42383-202609290300-8,84.91667,26.66667,0-20000-0-42383,0-20000-0-42383-202609290300,2026-09-29T03:00:00Z,2026-09-29T03:00:00Z,cloud_type,CODE TABLE,,NO CM CLOUDS,True
0-20000-0-42383-202609290300-9,84.91667,26.66667,0-20000-0-42383,0-20000-0-42383-202609290300,2026-09-29T03:00:00Z,2026-09-29T03:00:00Z,cloud_type,CODE TABLE,,NO CH CLOUDS,True
0-20000-0-42383-202609291200-0,84.91,26.66,0-20000-0-42383,0-20000-0-42383-202609291200,2026-09-29T12:00:00Z,2026-09-29T12:00:00Z,pressure_reduced_to_mean_sea_level,hPa,1008.8,,False
0-20000-0-42383-202609291200-1,84.91,26.66,0-20000-0-42383,0-20000-0-42383-202609291200,2026-09-29T12:00:00Z,2026-09-29T12:00:00Z,24hour_pressure_change,hPa,0.7,,False
0-20000-0-42383-202609291200-10,84.91,26.66,0-20000-0-42383,0-20000-0-42383-202609291200,2026-09-29T12:00:00Z,2026-09-29T11:00:00Z/2026-09-29T12:00:00Z,total_precipitation_or_total_water_equivalent,kg m-2,0.0,,False
0-20000-0-42383-202609291200-11,84.91,26.66,0-20000-0-42383,0-20000-0-42383-202609291200,2026-09-29T12:00:00Z,2026-09-29T00:00:00Z/2026-09-29T12:00:00Z,maximum_temperature_at_height_and_over_period_specified,Celsius,33.6,,False
0-20000-0-42383-202609291200-12,84.91,26.66,0-20000-0-42383,0-20000-0-42383-202609291200,2026-09-29T12:00:00Z,2026-09-29T11:50:00Z/2026-09-29T12:00:00Z,wind_direction,deg,0.0,,False
0-20000-0-42383-202609291200-13,84.91,26.66,0-20000-0-42383,0-20000-0-42383-202609291200,2026-09-29T12:00:00Z,2026-09-29T11:50:00Z/2026-09-29T12:00:00Z,wind_speed,m/s,0.0,,False
0-20000-0-42383-202609291200-14,84.91667,26.66667,0-20000-0-42383,0-20000-0-42383-202609291200,2026-09-29T12:00:00Z,2026-09-29T11:50:00Z/2026-09-29T12:00:00Z,wind_speed,m/s,0.0,,False
0-20000-0-42383-202609291200-15,84.91667,26.66667,0-20000-0-42383,0-20000-0-42383-202609291200,2026-09-29T12:00:00Z,2026-09-29T11:00:00Z/2026-09-29T12:00:00Z,maximum_temperature_at_height_and_over_period_specified,Celsius,33.6,,False
0-20000-0-42383-202609291200-16,84.91667,26.66667,0-20000-0-42383,0-20000-0-42383-202609291200,2026-09-29T12:00:00Z,2026-09-29T00:00:00Z/2026-09-29T12:00:00Z,maximum_temperature_at_height_and_over_period_specified,Celsius,33.6,,False
0-20000-0-42383-202609291200-2,84.91,26.66,0-20000-0-42383,0-20000-0-42383-202609291200,2026-09-29T12:00:00Z,2026-09-29T12:00:00Z,air_temperature,Celsius,32.2,,False
0-20000-0-42383-202609291200-3,84.91,26.66,0-20000-0-42383,0-20000-0-42383-202609291200,2026-09-29T12:00:00Z,2026-09-29T12:00:00Z,dewpoint_temperature,Celsius,25.5,,False
0-20000-0-42383-202609291200-4,84.91,26.66,0-20000-0-42383,0-20000-0-42383-202609291200,2026-09-29T12:00:00Z,2026-09-29T12:00:00Z,horizontal_visibility,m,4000.0,,False
0-20000-0-42383-202609291200-5,84.91,26.66,0-20000-0-42383,0-20000-0-42383-202609291200,2026-09-29T12:00:00Z,2026-09-29T12:00:00Z,cloud_cover_total,%,0.0,,False
0-20000-0-42383-202609291200-6,84.91,26.66,0-20000-0-42383,0-20000-0-42383-202609291200,2026-09-29T12:00:00Z,2026-09-29T12:00:00Z,height_of_base_of_cloud,m,0.0,,False
0-20000-0-42383-202609291200-7,84.91,26.66,0-20000-0-42383,0-20000-0-42383-202609291200,2026-09-29T12:00:00Z,2026-09-29T12:00:00Z,present_weather,CODE TABLE,,HAZE,True
0-20000-0-42383-202609291200-8,84.91,26.66,0-20000-0-42383,0-20000-0-42383-202609291200,2026-09-29T12:00:00Z,2026-09-29T06:00:00Z/2026-09-29T12:00:00Z,past_weather1,CODE TABLE,,CLOUD COVERING 1/2 OR LESS OF THE SKY THROUGHOUT THE APPROPRIATE PERIOD,True
0-20000-0-42383-202609291200-9,84.91,26.66,0-20000-0-42383,0-20000-0-42383-202609291200,2026-09-29T12:00:00Z,2026-09-29T06:00:00Z/2026-09-29T12:00:00Z,past_weather2,CODE TABLE,,CLOUD COVERING 1/2 OR LESS OF THE SKY THROUGHOUT THE APPROPRIATE PERIOD,True
0-20000-0-42387-202609290300-0,85.4,26.11,0-20000-0-42387,0-20000-0-42387-202609290300,2026-09-29T03:00:00Z,2026-09-29T03:00:00Z,pressure_reduced_to_mean_sea_level,hPa,1009.5,,False
0-20000-0-42387-202609290300-1,85.4,26.11,0-20000-0-42387,0-20000-0-42387-202609290300,2026-09-29T03:00:00Z,2026-09-29T03:00:00Z,24hour_pressure_change,hPa,1.2,,False
0-20000-0-42387-202609290300-10,85.4,26.11,0-20000-0-42387,0-20000-0-42387-202609290300,2026-09-29T03:00:00Z,2026-09-29T03:00:00Z,cloud_type,CODE TABLE,,"CIRRUS FIBRATUS, SOMETIMES UNCINUS, NOT PROGRESSIVELY INVADING THE SKY",True
0-20000-0-42387-202609290300-11,85.4,26.11,0-20000-0-42387,0-20000-0-42387-202609290300,2026-09-29T03:00:00Z,2026-09-29T03:00:00Z,true_direction_from_which_aphenomenon_or_clouds_are_moving_or_in_which_they_are_observed,deg,270.0,,False
0-20000-0-42387-202609290300-12,85.4,26.11,0-20000-0-42387,0-20000-0-42387-202609290300,2026-09-29T03:00:00Z,2026-09-29T03:00:00Z,present_weather,CODE TABLE,,MIST,True
0-20000-0-42387-202609290300-13,85.4,26.11,0-20000-0-42387,0-20000-0-42387-202609290300,2026-09-29T03:00:00Z,2026-09-29T00:00:00Z/2026-09-29T03:00:00Z,past_weather1,CODE TABLE,,CLOUD COVERING MORE THAN 1/2 OF THE SKY DURING PART OF THE APPROPRIATE PERIOD AND COVERING 1/2 OR LESS DURING PART OF THE PERIOD,True
0-20000-0-42387-202609290300-14,85.4,26.11,0-20000-0-42387,0-20000-0-42387-202609290300,2026-09-29T03:00:00Z,2026-09-29T00:00:00Z/2026-09-29T03:00:00Z,past_weather2,CODE TABLE,,CLOUD COVERING MORE THAN 1/2 OF THE SKY DURING PART OF THE APPROPRIATE PERIOD AND COVERING 1/2 OR LESS DURING PART OF THE PERIOD,True
0-20000-0-42387-202609290300-15,85.4,26.11,0-20000-0-42387,0-20000-0-42387-202609290300,2026-09-29T03:00:00Z,2026-09-29T02:00:00Z/2026-09-29T03:00:00Z,total_precipitation_or_total_water_equivalent,kg m-2,0.0,,False
0-20000-0-42387-202609290300-16,85.4,26.11,0-20000-0-42387,0-20000-0-42387-202609290300,2026-09-29T03:00:00Z,2026-09-28T15:00:00Z/2026-09-29T03:00:00Z,minimum_temperature_at_height_and_over_period_specified,Celsius,25.5,,False
0-20000-0-42387-202609290300-17,85.4,26.11,0-20000-0-42387,0-20000-0-42387-202609290300,2026-09-29T03:00:00Z,2026-09-29T02:50:00Z/2026-09-29T03:00:00Z,wind_direction,deg,0.0,,False
0-20000-0-42387-202609290300-18,85.4,26.11,0-20000-0-42387,0-20000-0-42387-202609290300,2026-09-29T03:00:00Z,2026-09-29T02:50:00Z/2026-09-29T03:00:00Z,wind_speed,m/s,0.0,,False
0-20000-0-42387-202609290300-2,85.4,26.11,0-20000-0-42387,0-20000-0-42387-202609290300,2026-09-29T03:00:00Z,2026-09-29T03:00:00Z,air_temperature,Celsius,27.8,,False
0-20000-0-42387-202609290300-3,85.4,26.11,0-20000-0-42387,0-20000-0-42387-202609290300,2026-09-29T03:00:00Z,2026-09-29T03:00:00Z,dewpoint_temperature,Celsius,25.2,,False
0-20000-0-42387-202609290300-4,85.4,26.11,0-20000-0-42387,0-20000-0-42387-202609290300,2026-09-29T03:00:00Z,2026-09-29T03:00:00Z,horizontal_visibility,m,4000.0,,False
0-20000-0-42387-202609290300-5,85.4,26.11,0-20000-0-42387,0-20000-0-42387-202609290300,2026-09-29T03:00:00Z,2026-09-29T03:00:00Z,cloud_cover_total,%,50.0,,False
0-20000-0-42387-202609290300-6,85.4,26.11,0-20000-0-42387,0-20000-0-42387-202609290300,2026-09-29T03:00:00Z,2026-09-29T03:00:00Z,cloud_amount,CODE TABLE,,2 OKTAS,True
0-20000-0-42387-202609290300-7,85.4,26.11,0-20000-0-42387,0-20000-0-42387-202609290300,2026-09-29T03:00:00Z,2026-09-29T03:00:00Z,height_of_base_of_cloud,m,1250.0,,False
0-20000-0-42387-202609290300-8,85.4,26.11,0-20000-0-42387,0-20000-0-42387-202609290300,2026-09-29T03:00:00Z,2026-09-29T03:00:00Z,cloud_type,CODE TABLE,,STRATOCUMULUS CUMULOGENITUS,True
0-20000-0-42387-202609290300-9,85.4,26.11,0-20000-0-42387,0-20000-0-42387-202609290300,2026-09-29T03:00:00Z,2026-09-29T03:00:00Z,cloud_type,CODE TABLE,,ALTOCUMULUS TRANSLUCIDUS AT A SINGLE LEVEL,True
0-20000-0-42387-202609291200-0,85.4,26.11667,0-20000-0-42387,0-20000-0-42387-202609291200,2026-09-29T12:00:00Z,2026-09-29T12:00:00Z,pressure_reduced_to_mean_sea_level,hPa,1006.7,,False
0-20000-0-42387-202609291200-1,85.4,26.11667,0-20000-0-42387,0-20000-0-42387-202609291200,2026-09-29T12:00:00Z,2026-09-29T12:00:00Z,24hour_pressure_change,hPa,0.7,,False
0-20000-0-42387-202609291200-10,85.4,26.11667,0-20000-0-42387,0-20000-0-42387-202609291200,2026-09-29T12:00:00Z,2026-09-29T12:00:00Z,present_weather,CODE TABLE,,HAZE,True
0-20000-0-42387-202609291200-11,85.4,26.11667,0-20000-0-42387,0-20000-0-42387-202609291200,2026-09-29T12:00:00Z,2026-09-29T12:00:00Z,past_weather1,CODE TABLE,,CLOUD COVERING 1/2 OR LESS OF THE SKY THROUGHOUT THE APPROPRIATE PERIOD,True
0-20000-0-42387-202609291200-12,85.4,26.11667,0-20000-0-42387,0-20000-0-42387-202609291200,2026-09-29T12:00:00Z,2026-09-29T12:00:00Z,past_weather2,CODE TABLE,,CLOUD COVERING 1/2 OR LESS OF THE SKY THROUGHOUT THE APPROPRIATE PERIOD,True
0-20000-0-42387-202609291200-13,85.4,26.11667,0-20000-0-42387,0-20000-0-42387-202609291200,2026-09-29T12:00:00Z,2026-09-29T11:50:00Z/2026-09-29T12:00:00Z,wind_direction,deg,0.0,,False
0-20000-0-42387-202609291200-14,85.4,26.11667,0-20000-0-42387,0-20000-0-42387-202609291200,2026-09-29T12:00:00Z,2026-09-29T11:50:00Z/2026-09-29T12:00:00Z,wind_speed,m/s,0.0,,False
0-20000-0-42387-202609291200-15,85.4,26.11667,0-20000-0-42387,0-20000-0-42387-202609291200,2026-09-29T12:00:00Z,2026-09-29T11:00:00Z/2026-09-29T12:00:00Z,maximum_temperature_at_height_and_over_period_specified,Celsius,31.4,,False
0-20000-0-42387-202609291200-16,85.4,26.11667,0-20000-0-42387,0-20000-0-42387-202609291200,2026-09-29T12:00:00Z,2026-09-29T00:00:00Z/2026-09-29T12:00:00Z,maximum_temperature_at_height_and_over_period_specified,Celsius,31.4,,False
0-20000-0-42387-202609291200-2,85.4,26.11667,0-20000-0-42387,0-20000-0-42387-202609291200,2026-09-29T12:00:00Z,2026-09-29T12:00:00Z,air_temperature,Celsius,30.4,,False
0-20000-0-42387-202609291200-3,85.4,26.11667,0-20000-0-42387,0-20000-0-42387-202609291200,2026-09-29T12:00:00Z,2026-09-29T12:00:00Z,dewpoint_temperature,Celsius,24.7,,False
0-20000-0-42387-202609291200-4,85.4,26.11667,0-20000-0-42387,0-20000-0-42387-202609291200,2026-09-29T12:00:00Z,2026-09-29T12:00:00Z,horizontal_visibility,m,4000.0,,False
0-20000-0-42387-202609291200-5,85.4,26.11667,0-20000-0-42387,0-20000-0-42387-202609291200,2026-09-29T12:00:00Z,2026-09-29T12:00:00Z,cloud_cover_total,%,0.0,,False
0-20000-0-42387-202609291200-6,85.4,26.11667,0-20000-0-42387,0-20000-0-42387-202609291200,2026-09-29T12:00:00Z,2026-09-29T12:00:00Z,cloud_amount,CODE TABLE,,0,True
0-20000-0-42387-202609291200-7,85.4,26.11667,0-20000-0-42387,0-20000-0-42387-202609291200,2026-09-29T12:00:00Z,2026-09-29T12:00:00Z,cloud_type,CODE TABLE,,NO CL CLOUDS,True
0-20000-0-42387-202609291200-8,85.4,26.11667,0-20000-0-42387,0-20000-0-42387-202609291200,2026-09-29T12:00:00Z,2026-09-29T12:00:00Z,cloud_type,CODE TABLE,,NO CM CLOUDS,True
0-20000-0-42387-202609291200-9,85.4,26.11667,0-20000-0-42387,0-20000-0-42387-202609291200,2026-09-29T12:00:00Z,2026-09-29T12:00:00Z,cloud_type,CODE TABLE,,NO CH CLOUDS,True
0-20000-0-42488-202609290300-0,84.73,25.78,0-20000-0-42488,0-20000-0-42488-202609290300,2026-09-29T03:00:00Z,2026-09-29T03:00:00Z,pressure_reduced_to_mean_sea_level,hPa,1009.4,,False
0-20000-0-42488-202609290300-1,84.73,25.78,0-20000-0-42488,0-20000-0-42488-202609290300,2026-09-29T03:00:00Z,2026-09-29T03:00:00Z,24hour_pressure_change,hPa,1.3,,False
0-20000-0-42488-202609290300-10,84.73,25.78,0-20000-0-42488,0-20000-0-42488-202609290300,2026-09-29T03:00:00Z,2026-09-29T02:00:00Z/2026-09-29T03:00:00Z,total_precipitation_or_total_water_equivalent,kg m-2,0.0,,False
0-20000-0-42488-202609290300-11,84.73,25.78,0-20000-0-42488,0-20000-0-42488-202609290300,2026-09-29T03:00:00Z,2026-09-28T15:00:00Z/2026-09-29T03:00:00Z,minimum_temperature_at_height_and_over_period_specified,Celsius,25.7,,False
0-20000-0-42488-202609290300-12,84.73,25.78,0-20000-0-42488,0-20000-0-42488-202609290300,2026-09-29T03:00:00Z,2026-09-29T02:50:00Z/2026-09-29T03:00:00Z,wind_direction,deg,270.0,,False
0-20000-0-42488-202609290300-13,84.73,25.78,0-20000-0-42488,0-20000-0-42488-202609290300,2026-09-29T03:00:00Z,2026-09-29T02:50:00Z/2026-09-29T03:00:00Z,wind_speed,m/s,1.0,,False
0-20000-0-42488-202609290300-2,84.73,25.78,0-20000-0-42488,0-20000-0-42488-202609290300,2026-09-29T03:00:00Z,2026-09-29T03:00:00Z,air_temperature,Celsius,27.4,,False
0-20000-0-42488-202609290300-3,84.73,25.78,0-20000-0-42488,0-20000-0-42488-202609290300,2026-09-29T03:00:00Z,2026-09-29T03:00:00Z,dewpoint_temperature,Celsius,25.1,,False
0-20000-0-42488-202609290300-4,84.73,25.78,0-20000-0-42488,0-20000-0-42488-202609290300,2026-09-29T03:00:00Z,2026-09-29T03:00:00Z,horizontal_visibility,m,4000.0,,False
0-20000-0-42488-202609290300-5,84.73,25.78,0-20000-0-42488,0-20000-0-42488-202609290300,2026-09-29T03:00:00Z,2026-09-29T03:00:00Z,cloud_cover_total,%,0.0,,False
0-20000-0-42488-202609290300-6,84.73,25.78,0-20000-0-42488,0-20000-0-42488-202609290300,2026-09-29T03:00:00Z,2026-09-29T03:00:00Z,height_of_base_of_cloud,m,0.0,,False
0-20000-0-42488-202609290300-7,84.73,25.78,0-20000-0-42488,0-20000-0-42488-202609290300,2026-09-29T03:00:00Z,2026-09-29T03:00:00Z,present_weather,CODE TABLE,,MIST,True
0-20000-0-42488-202609290300-8,84.73,25.78,0-20000-0-42488,0-20000-0-42488-202609290300,2026-09-29T03:00:00Z,2026-09-29T00:00:00Z/2026-09-29T03:00:00Z,past_weather1,CODE TABLE,,CLOUD COVERING 1/2 OR LESS OF THE SKY THROUGHOUT THE APPROPRIATE PERIOD,True
0-20000-0-42488-202609290300-9,84.73,25.78,0-20000-0-42488,0-20000-0-42488-202609290300,2026-09-29T03:00:00Z,2026-09-29T00:00:00Z/2026-09-29T03:00:00Z,past_weather2,CODE TABLE,,CLOUD COVERING 1/2 OR LESS OF THE SKY THROUGHOUT THE APPROPRIATE PERIOD,True
0-20000-0-42488-202609291200-0,84.73333,25.78333,0-20000-0-42488,0-20000-0-42488-202609291200,2026-09-29T12:00:00Z,2026-09-29T12:00:00Z,pressure_reduced_to_mean_sea_level,hPa,1006.9,,False
0-20000-0-42488-202609291200-1,84.73333,25.78333,0-20000-0-42488,0-20000-0-42488-202609291200,2026-09-29T12:00:00Z,2026-09-29T12:00:00Z,24hour_pressure_change,hPa,0.8,,False
0-20000-0-42488-202609291200-10,84.73333,25.78333,0-20000-0-42488,0-20000-0-42488-202609291200,2026-09-29T12:00:00Z,2026-09-29T12:00:00Z,present_weather,CODE TABLE,,HAZE,True
0-20000-0-42488-202609291200-11,84.73333,25.78333,0-20000-0-42488,0-20000-0-42488-202609291200,2026-09-29T12:00:00Z,2026-09-29T12:00:00Z,past_weather1,CODE TABLE,,CLOUD COVERING MORE THAN 1/2 OF THE SKY THROUGHOUT THE APPROPRIATE PERIOD,True
0-20000-0-42488-202609291200-12,84.73333,25.78333,0-20000-0-42488,0-20000-0-42488-202609291200,2026-09-29T12:00:00Z,2026-09-29T12:00:00Z,past_weather2,CODE TABLE,,CLOUD COVERING MORE THAN 1/2 OF THE SKY THROUGHOUT THE APPROPRIATE PERIOD,True
0-20000-0-42488-202609291200-13,84.73333,25.78333,0-20000-0-42488,0-20000-0-42488-202609291200,2026-09-29T12:00:00Z,2026-09-29T11:50:00Z/2026-09-29T12:00:00Z,wind_direction,deg,270.0,,False
0-20000-0-42488-202609291200-14,84.73333,25.78333,0-20000-0-42488,0-20000-0-42488-202609291200,2026-09-29T12:00:00Z,2026-09-29T11:50:00Z/2026-09-29T12:00:00Z,wind_speed,m/s,1.0,,False
0-20000-0-42488-202609291200-15,84.73333,25.78333,0-20000-0-42488,0-20000-0-42488-202609291200,2026-09-29T12:00:00Z,2026-09-29T11:00:00Z/2026-09-29T12:00:00Z,maximum_temperature_at_height_and_over_period_specified,Celsius,32.4,,False
0-20000-0-42488-202609291200-16,84.73333,25.78333,0-20000-0-42488,0-20000-0-42488-202609291200,2026-09-29T12:00:00Z,2026-09-29T00:00:00Z/2026-09-29T12:00:00Z,maximum_temperature_at_height_and_over_period_specified,Celsius,32.4,,False
0-20000-0-42488-202609291200-2,84.73333,25.78333,0-20000-0-42488,0-20000-0-42488-202609291200,2026-09-29T12:00:00Z,2026-09-29T12:00:00Z,air_temperature,Celsius,29.8,,False
0-20000-0-42488-202609291200-3,84.73333,25.78333,0-20000-0-42488,0-20000-0-42488-202609291200,2026-09-29T12:00:00Z,2026-09-29T12:00:00Z,dewpoint_temperature,Celsius,26.5,,False
0-20000-0-42488-202609291200-4,84.73333,25.78333,0-20000-0-42488,0-20000-0-42488-202609291200,2026-09-29T12:00:00Z,2026-09-29T12:00:00Z,horizontal_visibility,m,4000.0,,False
0-20000-0-42488-202609291200-5,84.73333,25.78333,0-20000-0-42488,0-20000-0-42488-202609291200,2026-09-29T12:00:00Z,2026-09-29T12:00:00Z,cloud_cover_total,%,0.0,,False
0-20000-0-42488-202609291200-6,84.73333,25.78333,0-20000-0-42488,0-20000-0-42488-202609291200,2026-09-29T12:00:00Z,2026-09-29T12:00:00Z,cloud_amount,CODE TABLE,,0,True
0-20000-0-42488-202609291200-7,84.73333,25.78333,0-20000-0-42488,0-20000-0-42488-202609291200,2026-09-29T12:00:00Z,2026-09-29T12:00:00Z,cloud_type,CODE TABLE,,NO CL CLOUDS,True
0-20000-0-42488-202609291200-8,84.73333,25.78333,0-20000-0-42488,0-20000-0-42488-202609291200,2026-09-29T12:00:00Z,2026-09-29T12:00:00Z,cloud_type,CODE TABLE,,NO CM CLOUDS,True
0-20000-0-42488-202609291200-9,84.73333,25.78333,0-20000-0-42488,0-20000-0-42488-202609291200,2026-09-29T12:00:00Z,2026-09-29T12:00:00Z,cloud_type,CODE TABLE,,NO CH CLOUDS,True
0-20000-0-42492-202609290000-0,85.1,25.6,0-20000-0-42492,0-20000-0-42492-202609290000,2026-09-29T00:00:00Z,2026-09-29T00:00:00Z,pressure_reduced_to_mean_sea_level,hPa,1008.3,,False
0-20000-0-42492-202609290000-1,85.1,25.6,0-20000-0-42492,0-20000-0-42492-202609290000,2026-09-29T00:00:00Z,2026-09-29T00:00:00Z,24hour_pressure_change,hPa,1.2,,False
0-20000-0-42492-202609290000-10,85.1,25.6,0-20000-0-42492,0-20000-0-42492-202609290000,2026-09-29T00:00:00Z,2026-09-29T00:00:00Z,cloud_type,CODE TABLE,,NO CH CLOUDS,True
0-20000-0-42492-202609290000-11,85.1,25.6,0-20000-0-42492,0-20000-0-42492-202609290000,2026-09-29T00:00:00Z,2026-09-29T00:00:00Z,present_weather,CODE TABLE,,MIST,True
0-20000-0-42492-202609290000-12,85.1,25.6,0-20000-0-42492,0-20000-0-42492-202609290000,2026-09-29T00:00:00Z,2026-09-29T00:00:00Z,past_weather1,CODE TABLE,,CLOUD COVERING 1/2 OR LESS OF THE SKY THROUGHOUT THE APPROPRIATE PERIOD,True
0-20000-0-42492-202609290000-13,85.1,25.6,0-20000-0-42492,0-20000-0-42492-202609290000,2026-09-29T00:00:00Z,2026-09-29T00:00:00Z,past_weather2,CODE TABLE,,CLOUD COVERING 1/2 OR LESS OF THE SKY THROUGHOUT THE APPROPRIATE PERIOD,True
0-20000-0-42492-202609290000-14,85.1,25.6,0-20000-0-42492,0-20000-0-42492-202609290000,2026-09-29T00:00:00Z,2026-09-28T23:50:00Z/2026-09-29T00:00:00Z,wind_direction,deg,0.0,,False
0-20000-0-42492-202609290000-15,85.1,25.6,0-20000-0-42492,0-20000-0-42492-202609290000,2026-09-29T00:00:00Z,2026-09-28T23:50:00Z/2026-09-29T00:00:00Z,wind_speed,m/s,0.0,,False
0-20000-0-42492-202609290000-16,85.1,25.6,0-20000-0-42492,0-20000-0-42492-202609290000,2026-09-29T00:00:00Z,2026-09-28T23:50:00Z/2026-09-29T00:00:00Z,wind_direction,deg,0.0,,False
0-20000-0-42492-202609290000-17,85.1,25.6,0-20000-0-42492,0-20000-0-42492-202609290000,2026-09-29T00:00:00Z,2026-09-28T23:50:00Z/2026-09-29T00:00:00Z,wind_speed,m/s,0.0,,False
0-20000-0-42492-202609290000-18,85.1,25.6,0-20000-0-42492,0-20000-0-42492-202609290000,2026-09-29T00:00:00Z,2026-09-28T23:50:00Z/2026-09-29T00:00:00Z,wind_speed,m/s,0.0,,False
0-20000-0-42492-202609290000-2,85.1,25.6,0-20000-0-42492,0-20000-0-42492-202609290000,2026-09-29T00:00:00Z,2026-09-29T00:00:00Z,air_temperature,Celsius,26.0,,False
0-20000-0-42492-202609290000-3,85.1,25.6,0-20000-0-42492,0-20000-0-42492-202609290000,2026-09-29T00:00:00Z,2026-09-29T00:00:00Z,dewpoint_temperature,Celsius,24.9,,False
0-20000-0-42492-202609290000-4,85.1,25.6,0-20000-0-42492,0-20000-0-42492-202609290000,2026-09-29T00:00:00Z,2026-09-29T00:00:00Z,horizontal_visibility,m,2000.0,,False
0-20000-0-42492-202609290000-5,85.1,25.6,0-20000-0-42492,0-20000-0-42492-202609290000,2026-09-29T00:00:00Z,2026-09-29T00:00:00Z,cloud_cover_total,%,38.0,,False
0-20000-0-42492-202609290000-6,85.1,25.6,0-20000-0-42492,0-20000-0-42492-202609290000,2026-09-29T00:00:00Z,2026-09-29T00:00:00Z,cloud_amount,CODE TABLE,,3 OKTAS,True
0-20000-0-42492-202609290000-7,85.1,25.6,0-20000-0-42492,0-20000-0-42492-202609290000,2026-09-29T00:00:00Z,2026-09-29T00:00:00Z,height_of_base_of_cloud,m,3000.0,,False
0-20000-0-42492-202609290000-8,85.1,25.6,0-20000-0-42492,0-20000-0-42492-202609290000,2026-09-29T00:00:00Z,2026-09-29T00:00:00Z,cloud_type,CODE TABLE,,NO CL CLOUDS,True
0-20000-0-42492-202609290000-9,85.1,25.6,0-20000-0-42492,0-20000-0-42492-202609290000,2026-09-29T00:00:00Z,2026-09-29T00:00:00Z,cloud_type,CODE TABLE,,ALTOCUMULUS TRANSLUCIDUS AT A SINGLE LEVEL,True
0-20000-0-42492-202609290300-0,85.1,25.6,0-20000-0-42492,0-20000-0-42492-202609290300,2026-09-29T03:00:00Z,2026-09-29T03:00:00Z,pressure_reduced_to_mean_sea_level,hPa,1010.0,,False
0-20000-0-42492-202609290300-1,85.1,25.6,0-20000-0-42492,0-20000-0-42492-202609290300,2026-09-29T03:00:00Z,2026-09-29T03:00:00Z,24hour_pressure_change,hPa,1.3,,False
0-20000-0-42492-202609290300-10,85.1,25.6,0-20000-0-42492,0-20000-0-42492-202609290300,2026-09-29T03:00:00Z,2026-09-29T03:00:00Z,cloud_type,CODE TABLE,,NO CH CLOUDS,True
0-20000-0-42492-202609290300-11,85.1,25.6,0-20000-0-42492,0-20000-0-42492-202609290300,2026-09-29T03:00:00Z,2026-09-29T03:00:00Z,cloud_amount,CODE TABLE,,2 OKTAS,True
0-20000-0-42492-202609290300-12,85.1,25.6,0-20000-0-42492,0-20000-0-42492-202609290300,2026-09-29T03:00:00Z,2026-09-29T03:00:00Z,cloud_type,CODE TABLE,,ALTOCUMULUS (AC),True
0-20000-0-42492-202609290300-13,85.1,25.6,0-20000-0-42492,0-20000-0-42492-202609290300,2026-09-29T03:00:00Z,2026-09-29T03:00:00Z,height_of_base_of_cloud,m,3000.0,,False
0-20000-0-42492-202609290300-14,85.1,25.6,0-20000-0-42492,0-20000-0-42492-202609290300,2026-09-29T03:00:00Z,2026-09-29T03:00:00Z,present_weather,CODE TABLE,,MIST,True
0-20000-0-42492-202609290300-15,85.1,25.6,0-20000-0-42492,0-20000-0-42492-202609290300,2026-09-29T03:00:00Z,2026-09-29T03:00:00Z,past_weather1,CODE TABLE,,CLOUD COVERING 1/2 OR LESS OF THE SKY THROUGHOUT THE APPROPRIATE PERIOD,True
0-20000-0-42492-202609290300-16,85.1,25.6,0-20000-0-42492,0-20000-0-42492-202609290300,2026-09-29T03:00:00Z,2026-09-29T03:00:00Z,past_weather2,CODE TABLE,,CLOUD COVERING 1/2 OR LESS OF THE SKY THROUGHOUT THE APPROPRIATE PERIOD,True
0-20000-0-42492-202609290300-17,85.1,25.6,0-20000-0-42492,0-20000-0-42492-202609290300,2026-09-29T03:00:00Z,2026-09-29T02:50:00Z/2026-09-29T03:00:00Z,wind_direction,deg,270.0,,False
0-20000-0-42492-202609290300-18,85.1,25.6,0-20000-0-42492,0-20000-0-42492-202609290300,2026-09-29T03:00:00Z,2026-09-29T02:50:00Z/2026-09-29T03:00:00Z,wind_speed,m/s,1.5,,False
0-20000-0-42492-202609290300-19,85.1,25.6,0-20000-0-42492,0-20000-0-42492-202609290300,2026-09-29T03:00:00Z,2026-09-29T02:00:00Z/2026-09-29T03:00:00Z,minimum_temperature_at_height_and_over_period_specified,Celsius,26.0,,False
0-20000-0-42492-202609290300-2,85.1,25.6,0-20000-0-42492,0-20000-0-42492-202609290300,2026-09-29T03:00:00Z,2026-09-29T03:00:00Z,air_temperature,Celsius,28.0,,False
0-20000-0-42492-202609290300-20,85.1,25.6,0-20000-0-42492,0-20000-0-42492-202609290300,2026-09-29T03:00:00Z,2026-09-28T15:00:00Z/2026-09-29T03:00:00Z,minimum_temperature_at_height_and_over_period_specified,Celsius,26.0,,False
0-20000-0-42492-202609290300-3,85.1,25.6,0-20000-0-42492,0-20000-0-42492-202609290300,2026-09-29T03:00:00Z,2026-09-29T03:00:00Z,dewpoint_temperature,Celsius,25.2,,False
0-20000-0-42492-202609290300-4,85.1,25.6,0-20000-0-42492,0-20000-0-42492-202609290300,2026-09-29T03:00:00Z,2026-09-29T03:00:00Z,horizontal_visibility,m,4000.0,,False
0-20000-0-42492-202609290300-5,85.1,25.6,0-20000-0-42492,0-20000-0-42492-202609290300,2026-09-29T03:00:00Z,2026-09-29T03:00:00Z,cloud_cover_total,%,25.0,,False
0-20000-0-42492-202609290300-6,85.1,25.6,0-20000-0-42492,0-20000-0-42492-202609290300,2026-09-29T03:00:00Z,2026-09-29T03:00:00Z,cloud_amount,CODE TABLE,,2 OKTAS,True
0-20000-0-42492-202609290300-7,85.1,25.6,0-20000-0-42492,0-20000-0-42492-202609290300,2026-09-29T03:00:00Z,2026-09-29T03:00:00Z,height_of_base_of_cloud,m,3000.0,,False
0-20000-0-42492-202609290300-8,85.1,25.6,0-20000-0-42492,0-20000-0-42492-202609290300,2026-09-29T03:00:00Z,2026-09-29T03:00:00Z,cloud_type,CODE TABLE,,NO CL CLOUDS,True
0-20000-0-42492-202609290300-9,85.1,25.6,0-20000-0-42492,0-20000-0-42492-202609290300,2026-09-29T03:00:00Z,2026-09-29T03:00:00Z,cloud_type,CODE TABLE,,ALTOCUMULUS TRANSLUCIDUS AT A SINGLE LEVEL,True
0-20000-0-42492-202609290600-0,85.1,25.6,0-20000-0-42492,0-20000-0-42492-202609290600,2026-09-29T06:00:00Z,2026-09-29T06:00:00Z,pressure_reduced_to_mean_sea_level,hPa,1009.9,,False
0-20000-0-42492-202609290600-1,85.1,25.6,0-20000-0-42492,0-20000-0-42492-202609290600,2026-09-29T06:00:00Z,2026-09-29T06:00:00Z,24hour_pressure_change,hPa,1.4,,False
0-20000-0-42492-202609290600-10,85.1,25.6,0-20000-0-42492,0-20000-0-42492-202609290600,2026-09-29T06:00:00Z,2026-09-29T06:00:00Z,cloud_type,CODE TABLE,,NO CH CLOUDS,True
0-20000-0-42492-202609290600-11,85.1,25.6,0-20000-0-42492,0-20000-0-42492-202609290600,2026-09-29T06:00:00Z,2026-09-29T06:00:00Z,cloud_amount,CODE TABLE,,2 OKTAS,True
0-20000-0-42492-202609290600-12,85.1,25.6,0-20000-0-42492,0-20000-0-42492-202609290600,2026-09-29T06:00:00Z,2026-09-29T06:00:00Z,cloud_type,CODE TABLE,,STRATOCUMULUS (SC),True
0-20000-0-42492-202609290600-13,85.1,25.6,0-20000-0-42492,0-20000-0-42492-202609290600,2026-09-29T06:00:00Z,2026-09-29T06:00:00Z,height_of_base_of_cloud,m,540.0,,False
0-20000-0-42492-202609290600-14,85.1,25.6,0-20000-0-42492,0-20000-0-42492-202609290600,2026-09-29T06:00:00Z,2026-09-29T06:00:00Z,present_weather,CODE TABLE,,HAZE,True
0-20000-0-42492-202609290600-15,85.1,25.6,0-20000-0-42492,0-20000-0-42492-202609290600,2026-09-29T06:00:00Z,2026-09-29T06:00:00Z,past_weather1,CODE TABLE,,CLOUD COVERING 1/2 OR LESS OF THE SKY THROUGHOUT THE APPROPRIATE PERIOD,True
0-20000-0-42492-202609290600-16,85.1,25.6,0-20000-0-42492,0-20000-0-42492-202609290600,2026-09-29T06:00:00Z,2026-09-29T06:00:00Z,past_weather2,CODE TABLE,,CLOUD COVERING 1/2 OR LESS OF THE SKY THROUGHOUT THE APPROPRIATE PERIOD,True
0-20000-0-42492-202609290600-17,85.1,25.6,0-20000-0-42492,0-20000-0-42492-202609290600,2026-09-29T06:00:00Z,2026-09-29T05:50:00Z/2026-09-29T06:00:00Z,wind_direction,deg,290.0,,False
0-20000-0-42492-202609290600-18,85.1,25.6,0-20000-0-42492,0-20000-0-42492-202609290600,2026-09-29T06:00:00Z,2026-09-29T05:50:00Z/2026-09-29T06:00:00Z,wind_speed,m/s,2.6,,False
0-20000-0-42492-202609290600-19,85.1,25.6,0-20000-0-42492,0-20000-0-42492-202609290600,2026-09-29T06:00:00Z,2026-09-29T06:00:00Z,past_weather2,CODE TABLE,,CLOUD COVERING 1/2 OR LESS OF THE SKY THROUGHOUT THE APPROPRIATE PERIOD,True
0-20000-0-42492-202609290600-2,85.1,25.6,0-20000-0-42492,0-20000-0-42492-202609290600,2026-09-29T06:00:00Z,2026-09-29T06:00:00Z,air_temperature,Celsius,31.6,,False
0-20000-0-42492-202609290600-20,85.1,25.6,0-20000-0-42492,0-20000-0-42492-202609290600,2026-09-29T06:00:00Z,2026-09-29T05:50:00Z/2026-09-29T06:00:00Z,wind_direction,deg,290.0,,False
0-20000-0-42492-202609290600-21,85.1,25.6,0-20000-0-42492,0-20000-0-42492-202609290600,2026-09-29T06:00:00Z,2026-09-29T05:50:00Z/2026-09-29T06:00:00Z,wind_speed,m/s,2.6,,False
0-20000-0-42492-202609290600-22,85.1,25.6,0-20000-0-42492,0-20000-0-42492-202609290600,2026-09-29T06:00:00Z,2026-09-29T05:50:00Z/2026-09-29T06:00:00Z,wind_speed,m/s,2.6,,False
0-20000-0-42492-202609290600-3,85.1,25.6,0-20000-0-42492,0-20000-0-42492-202609290600,2026-09-29T06:00:00Z,2026-09-29T06:00:00Z,dewpoint_temperature,Celsius,24.5,,False
0-20000-0-42492-202609290600-4,85.1,25.6,0-20000-0-42492,0-20000-0-42492-202609290600,2026-09-29T06:00:00Z,2026-09-29T06:00:00Z,horizontal_visibility,m,4000.0,,False
0-20000-0-42492-202609290600-5,85.1,25.6,0-20000-0-42492,0-20000-0-42492-202609290600,2026-09-29T06:00:00Z,2026-09-29T06:00:00Z,cloud_cover_total,%,50.0,,False
0-20000-0-42492-202609290600-6,85.1,25.6,0-20000-0-42492,0-20000-0-42492-202609290600,2026-09-29T06:00:00Z,2026-09-29T06:00:00Z,cloud_amount,CODE TABLE,,4 OKTAS,True
0-20000-0-42492-202609290600-7,85.1,25.6,0-20000-0-42492,0-20000-0-42492-202609290600,2026-09-29T06:00:00Z,2026-09-29T06:00:00Z,height_of_base_of_cloud,m,540.0,,False
0-20000-0-42492-202609290600-8,85.1,25.6,0-20000-0-42492,0-20000-0-42492-202609290600,2026-09-29T06:00:00Z,2026-09-29T06:00:00Z,cloud_type,CODE TABLE,,STRATOCUMULUS CUMULOGENITUS,True
0-20000-0-42492-202609290600-9,85.1,25.6,0-20000-0-42492,0-20000-0-42492-202609290600,2026-09-29T06:00:00Z,2026-09-29T06:00:00Z,cloud_type,CODE TABLE,,NO CM CLOUDS,True
0-20000-0-42492-202609290900-0,85.1,25.6,0-20000-0-42492,0-20000-0-42492-202609290900,2026-09-29T09:00:00Z,2026-09-29T09:00:00Z,pressure_reduced_to_mean_sea_level,hPa,1007.6,,False
0-20000-0-42492-202609290900-1,85.1,25.6,0-20000-0-42492,0-20000-0-42492-202609290900,2026-09-29T09:00:00Z,2026-09-29T09:00:00Z,24hour_pressure_change,hPa,1.0,,False
0-20000-0-42492-202609290900-10,85.1,25.6,0-20000-0-42492,0-20000-0-42492-202609290900,2026-09-29T09:00:00Z,2026-09-29T09:00:00Z,cloud_type,CODE TABLE,,NO CH CLOUDS,True
0-20000-0-42492-202609290900-11,85.1,25.6,0-20000-0-42492,0-20000-0-42492-202609290900,2026-09-29T09:00:00Z,2026-09-29T09:00:00Z,cloud_amount,CODE TABLE,,2 OKTAS,True
0-20000-0-42492-202609290900-12,85.1,25.6,0-20000-0-42492,0-20000-0-42492-202609290900,2026-09-29T09:00:00Z,2026-09-29T09:00:00Z,cloud_type,CODE TABLE,,STRATOCUMULUS (SC),True
0-20000-0-42492-202609290900-13,85.1,25.6,0-20000-0-42492,0-20000-0-42492-202609290900,2026-09-29T09:00:00Z,2026-09-29T09:00:00Z,height_of_base_of_cloud,m,600.0,,False
0-20000-0-42492-202609290900-14,85.1,25.6,0-20000-0-42492,0-20000-0-42492-202609290900,2026-09-29T09:00:00Z,2026-09-29T09:00:00Z,present_weather,CODE TABLE,,HAZE,True
0-20000-0-42492-202609290900-15,85.1,25.6,0-20000-0-42492,0-20000-0-42492-202609290900,2026-09-29T09:00:00Z,2026-09-29T09:00:00Z,past_weather1,CODE TABLE,,CLOUD COVERING 1/2 OR LESS OF THE SKY THROUGHOUT THE APPROPRIATE PERIOD,True
0-20000-0-42492-202609290900-16,85.1,25.6,0-20000-0-42492,0-20000-0-42492-202609290900,2026-09-29T09:00:00Z,2026-09-29T09:00:00Z,past_weather2,CODE TABLE,,CLOUD COVERING 1/2 OR LESS OF THE SKY THROUGHOUT THE APPROPRIATE PERIOD,True
0-20000-0-42492-202609290900-17,85.1,25.6,0-20000-0-42492,0-20000-0-42492-202609290900,2026-09-29T09:00:00Z,2026-09-29T08:50:00Z/2026-09-29T09:00:00Z,wind_direction,deg,360.0,,False
0-20000-0-42492-202609290900-18,85.1,25.6,0-20000-0-42492,0-20000-0-42492-202609290900,2026-09-29T09:00:00Z,2026-09-29T08:50:00Z/2026-09-29T09:00:00Z,wind_speed,m/s,1.0,,False
0-20000-0-42492-202609290900-19,85.1,25.6,0-20000-0-42492,0-20000-0-42492-202609290900,2026-09-29T09:00:00Z,2026-09-29T08:50:00Z/2026-09-29T09:00:00Z,wind_speed,m/s,1.0,,False
0-20000-0-42492-202609290900-2,85.1,25.6,0-20000-0-42492,0-20000-0-42492-202609290900,2026-09-29T09:00:00Z,2026-09-29T09:00:00Z,air_temperature,Celsius,32.0,,False
0-20000-0-42492-202609290900-3,85.1,25.6,0-20000-0-42492,0-20000-0-42492-202609290900,2026-09-29T09:00:00Z,2026-09-29T09:00:00Z,dewpoint_temperature,Celsius,24.3,,False
0-20000-0-42492-202609290900-4,85.1,25.6,0-20000-0-42492,0-20000-0-42492-202609290900,2026-09-29T09:00:00Z,2026-09-29T09:00:00Z,horizontal_visibility,m,4000.0,,False
0-20000-0-42492-202609290900-5,85.1,25.6,0-20000-0-42492,0-20000-0-42492-202609290900,2026-09-29T09:00:00Z,2026-09-29T09:00:00Z,cloud_cover_total,%,25.0,,False
0-20000-0-42492-202609290900-6,85.1,25.6,0-20000-0-42492,0-20000-0-42492-202609290900,2026-09-29T09:00:00Z,2026-09-29T09:00:00Z,cloud_amount,CODE TABLE,,2 OKTAS,True
0-20000-0-42492-202609290900-7,85.1,25.6,0-20000-0-42492,0-20000-0-42492-202609290900,2026-09-29T09:00:00Z,2026-09-29T09:00:00Z,height_of_base_of_cloud,m,600.0,,False
0-20000-0-42492-202609290900-8,85.1,25.6,0-20000-0-42492,0-20000-0-42492-202609290900,2026-09-29T09:00:00Z,2026-09-29T09:00:00Z,cloud_type,CODE TABLE,,STRATOCUMULUS OTHER THAN STRATOCUMULUS CUMULOGENITUS,True
0-20000-0-42492-202609290900-9,85.1,25.6,0-20000-0-42492,0-20000-0-42492-202609290900,2026-09-29T09:00:00Z,2026-09-29T09:00:00Z,cloud_type,CODE TABLE,,NO CM CLOUDS,True
0-20000-0-42492-202609291200-0,85.1,25.6,0-20000-0-42492,0-20000-0-42492-202609291200,2026-09-29T12:00:00Z,2026-09-29T12:00:00Z,pressure_reduced_to_mean_sea_level,hPa,1007.2,,False
0-20000-0-42492-202609291200-1,85.1,25.6,0-20000-0-42492,0-20000-0-42492-202609291200,2026-09-29T12:00:00Z,2026-09-29T12:00:00Z,24hour_pressure_change,hPa,0.8,,False
0-20000-0-42492-202609291200-10,85.1,25.6,0-20000-0-42492,0-20000-0-42492-202609291200,2026-09-29T12:00:00Z,2026-09-29T12:00:00Z,cloud_type,CODE TABLE,,NO CH CLOUDS,True
0-20000-0-42492-202609291200-11,85.1,25.6,0-20000-0-42492,0-20000-0-42492-202609291200,2026-09-29T12:00:00Z,2026-09-29T12:00:00Z,cloud_type,CODE TABLE,,ALTOCUMULUS (AC),True
0-20000-0-42492-202609291200-12,85.1,25.6,0-20000-0-42492,0-20000-0-42492-202609291200,2026-09-29T12:00:00Z,2026-09-29T12:00:00Z,present_weather,CODE TABLE,,HAZE,True
0-20000-0-42492-202609291200-13,85.1,25.6,0-20000-0-42492,0-20000-0-42492-202609291200,2026-09-29T12:00:00Z,2026-09-29T06:00:00Z/2026-09-29T12:00:00Z,past_weather1,CODE TABLE,,CLOUD COVERING 1/2 OR LESS OF THE SKY THROUGHOUT THE APPROPRIATE PERIOD,True
0-20000-0-42492-202609291200-14,85.1,25.6,0-20000-0-42492,0-20000-0-42492-202609291200,2026-09-29T12:00:00Z,2026-09-29T06:00:00Z/2026-09-29T12:00:00Z,past_weather2,CODE TABLE,,CLOUD COVERING 1/2 OR LESS OF THE SKY THROUGHOUT THE APPROPRIATE PERIOD,True
0-20000-0-42492-202609291200-15,85.1,25.6,0-20000-0-42492,0-20000-0-42492-202609291200,2026-09-29T12:00:00Z,2026-09-29T11:00:00Z/2026-09-29T12:00:00Z,total_precipitation_or_total_water_equivalent,kg m-2,0.0,,False
0-20000-0-42492-202609291200-16,85.1,25.6,0-20000-0-42492,0-20000-0-42492-202609291200,2026-09-29T12:00:00Z,2026-09-29T00:00:00Z/2026-09-29T12:00:00Z,maximum_temperature_at_height_and_over_period_specified,Celsius,32.5,,False
0-20000-0-42492-202609291200-17,85.1,25.6,0-20000-0-42492,0-20000-0-42492-202609291200,2026-09-29T12:00:00Z,2026-09-29T11:50:00Z/2026-09-29T12:00:00Z,wind_direction,deg,90.0,,False
0-20000-0-42492-202609291200-18,85.1,25.6,0-20000-0-42492,0-20000-0-42492-202609291200,2026-09-29T12:00:00Z,2026-09-29T11:50:00Z/2026-09-29T12:00:00Z,wind_speed,m/s,1.0,,False
0-20000-0-42492-202609291200-19,85.1,25.6,0-20000-0-42492,0-20000-0-42492-202609291200,2026-09-29T12:00:00Z,2026-09-29T11:00:00Z/2026-09-29T12:00:00Z,maximum_temperature_at_height_and_over_period_specified,Celsius,32.5,,False
0-20000-0-42492-202609291200-2,85.1,25.6,0-20000-0-42492,0-20000-0-42492-202609291200,2026-09-29T12:00:00Z,2026-09-29T12:00:00Z,air_temperature,Celsius,30.4,,False
0-20000-0-42492-202609291200-20,85.1,25.6,0-20000-0-42492,0-20000-0-42492-202609291200,2026-09-29T12:00:00Z,2026-09-29T00:00:00Z/2026-09-29T12:00:00Z,maximum_temperature_at_height_and_over_period_specified,Celsius,32.5,,False
0-20000-0-42492-202609291200-3,85.1,25.6,0-20000-0-42492,0-20000-0-42492-202609291200,2026-09-29T12:00:00Z,2026-09-29T12:00:00Z,dewpoint_temperature,Celsius,24.1,,False
0-20000-0-42492-202609291200-4,85.1,25.6,0-20000-0-42492,0-20000-0-42492-202609291200,2026-09-29T12:00:00Z,2026-09-29T12:00:00Z,horizontal_visibility,m,4000.0,,False
0-20000-0-42492-202609291200-5,85.1,25.6,0-20000-0-42492,0-20000-0-42492-202609291200,2026-09-29T12:00:00Z,2026-09-29T12:00:00Z,cloud_cover_total,%,25.0,,False
0-20000-0-42492-202609291200-6,85.1,25.6,0-20000-0-42492,0-20000-0-42492-202609291200,2026-09-29T12:00:00Z,2026-09-29T12:00:00Z,cloud_amount,CODE TABLE,,2 OKTAS,True
0-20000-0-42492-202609291200-7,85.1,25.6,0-20000-0-42492,0-20000-0-42492-202609291200,2026-09-29T12:00:00Z,2026-09-29T12:00:00Z,height_of_base_of_cloud,m,3000.0,,False
0-20000-0-42492-202609291200-8,85.1,25.6,0-20000-0-42492,0-20000-0-42492-202609291200,2026-09-29T12:00:00Z,2026-09-29T12:00:00Z,cloud_type,CODE TABLE,,NO CL CLOUDS,True
0-20000-0-42492-202609291200-9,85.1,25.6,0-20000-0-42492,0-20000-0-42492-202609291200,2026-09-29T12:00:00Z,2026-09-29T12:00:00Z,cloud_type,CODE TABLE,,ALTOCUMULUS TRANSLUCIDUS AT A SINGLE LEVEL,True
0-20000-0-42492-202609291500-0,85.1,25.6,0-20000-0-42492,0-20000-0-42492-202609291500,2026-09-29T15:00:00Z,2026-09-29T15:00:00Z,pressure_reduced_to_mean_sea_level,hPa,1009.2,,False
0-20000-0-42492-202609291500-1,85.1,25.6,0-20000-0-42492,0-20000-0-42492-202609291500,2026-09-29T15:00:00Z,2026-09-29T15:00:00Z,24hour_pressure_change,hPa,2.1,,False
0-20000-0-42492-202609291500-10,85.1,25.6,0-20000-0-42492,0-20000-0-42492-202609291500,2026-09-29T15:00:00Z,2026-09-29T15:00:00Z,cloud_type,CODE TABLE,,NO CH CLOUDS,True
0-20000-0-42492-202609291500-11,85.1,25.6,0-20000-0-42492,0-20000-0-42492-202609291500,2026-09-29T15:00:00Z,2026-09-29T15:00:00Z,cloud_amount,CODE TABLE,,3 OKTAS,True
0-20000-0-42492-202609291500-12,85.1,25.6,0-20000-0-42492,0-20000-0-42492-202609291500,2026-09-29T15:00:00Z,2026-09-29T15:00:00Z,cloud_type,CODE TABLE,,ALTOCUMULUS (AC),True
0-20000-0-42492-202609291500-13,85.1,25.6,0-20000-0-42492,0-20000-0-42492-202609291500,2026-09-29T15:00:00Z,2026-09-29T15:00:00Z,height_of_base_of_cloud,m,3000.0,,False
0-20000-0-42492-202609291500-14,85.1,25.6,0-20000-0-42492,0-20000-0-42492-202609291500,2026-09-29T15:00:00Z,2026-09-29T15:00:00Z,present_weather,CODE TABLE,,MIST,True
0-20000-0-42492-202609291500-15,85.1,25.6,0-20000-0-42492,0-20000-0-42492-202609291500,2026-09-29T15:00:00Z,2026-09-29T15:00:00Z,past_weather1,CODE TABLE,,CLOUD COVERING 1/2 OR LESS OF THE SKY THROUGHOUT THE APPROPRIATE PERIOD,True
0-20000-0-42492-202609291500-16,85.1,25.6,0-20000-0-42492,0-20000-0-42492-202609291500,2026-09-29T15:00:00Z,2026-09-29T15:00:00Z,past_weather2,CODE TABLE,,CLOUD COVERING 1/2 OR LESS OF THE SKY THROUGHOUT THE APPROPRIATE PERIOD,True
0-20000-0-42492-202609291500-17,85.1,25.6,0-20000-0-42492,0-20000-0-42492-202609291500,2026-09-29T15:00:00Z,2026-09-29T14:50:00Z/2026-09-29T15:00:00Z,wind_direction,deg,0.0,,False
0-20000-0-42492-202609291500-18,85.1,25.6,0-20000-0-42492,0-20000-0-42492-202609291500,2026-09-29T15:00:00Z,2026-09-29T14:50:00Z/2026-09-29T15:00:00Z,wind_speed,m/s,0.0,,False
0-20000-0-42492-202609291500-2,85.1,25.6,0-20000-0-42492,0-20000-0-42492-202609291500,2026-09-29T15:00:00Z,2026-09-29T15:00:00Z,air_temperature,Celsius,29.2,,False
0-20000-0-42492-202609291500-3,85.1,25.6,0-20000-0-42492,0-20000-0-42492-202609291500,2026-09-29T15:00:00Z,2026-09-29T15:00:00Z,dewpoint_temperature,Celsius,25.2,,False
0-20000-0-42492-202609291500-4,85.1,25.6,0-20000-0-42492,0-20000-0-42492-202609291500,2026-09-29T15:00:00Z,2026-09-29T15:00:00Z,horizontal_visibility,m,2000.0,,False
0-20000-0-42492-202609291500-5,85.1,25.6,0-20000-0-42492,0-20000-0-42492-202609291500,2026-09-29T15:00:00Z,2026-09-29T15:00:00Z,cloud_cover_total,%,25.0,,False
0-20000-0-42492-202609291500-6,85.1,25.6,0-20000-0-42492,0-20000-0-42492-202609291500,2026-09-29T15:00:00Z,2026-09-29T15:00:00Z,cloud_amount,CODE TABLE,,2 OKTAS,True
0-20000-0-42492-202609291500-7,85.1,25.6,0-20000-0-42492,0-20000-0-42492-202609291500,2026-09-29T15:00:00Z,2026-09-29T15:00:00Z,height_of_base_of_cloud,m,3000.0,,False
0-20000-0-42492-202609291500-8,85.1,25.6,0-20000-0-42492,0-20000-0-42492-202609291500,2026-09-29T15:00:00Z,2026-09-29T15:00:00Z,cloud_type,CODE TABLE,,NO CL CLOUDS,True
0-20000-0-42492-202609291500-9,85.1,25.6,0-20000-0-42492,0-20000-0-42492-202609291500,2026-09-29T15:00:00Z,2026-09-29T15:00:00Z,cloud_type,CODE TABLE,,ALTOCUMULUS TRANSLUCIDUS AT A SINGLE LEVEL,True
0-20000-0-42492-202609291800-0,85.1,25.6,0-20000-0-42492,0-20000-0-42492-202609291800,2026-09-29T18:00:00Z,2026-09-29T18:00:00Z,pressure_reduced_to_mean_sea_level,hPa,1009.5,,False
0-20000-0-42492-202609291800-1,85.1,25.6,0-20000-0-42492,0-20000-0-42492-202609291800,2026-09-29T18:00:00Z,2026-09-29T18:00:00Z,24hour_pressure_change,hPa,-0.4,,False
0-20000-0-42492-202609291800-10,85.1,25.6,0-20000-0-42492,0-20000-0-42492-202609291800,2026-09-29T18:00:00Z,2026-09-29T18:00:00Z,cloud_type,CODE TABLE,,NO CH CLOUDS,True
0-20000-0-42492-202609291800-11,85.1,25.6,0-20000-0-42492,0-20000-0-42492-202609291800,2026-09-29T18:00:00Z,2026-09-29T18:00:00Z,present_weather,CODE TABLE,,MIST,True
0-20000-0-42492-202609291800-12,85.1,25.6,0-20000-0-42492,0-20000-0-42492-202609291800,2026-09-29T18:00:00Z,2026-09-29T18:00:00Z,past_weather1,CODE TABLE,,CLOUD COVERING 1/2 OR LESS OF THE SKY THROUGHOUT THE APPROPRIATE PERIOD,True
0-20000-0-42492-202609291800-13,85.1,25.6,0-20000-0-42492,0-20000-0-42492-202609291800,2026-09-29T18:00:00Z,2026-09-29T18:00:00Z,past_weather2,CODE TABLE,,CLOUD COVERING 1/2 OR LESS OF THE SKY THROUGHOUT THE APPROPRIATE PERIOD,True
0-20000-0-42492-202609291800-14,85.1,25.6,0-20000-0-42492,0-20000-0-42492-202609291800,2026-09-29T18:00:00Z,2026-09-29T17:50:00Z/2026-09-29T18:00:00Z,wind_direction,deg,0.0,,False
0-20000-0-42492-202609291800-15,85.1,25.6,0-20000-0-42492,0-20000-0-42492-202609291800,2026-09-29T18:00:00Z,2026-09-29T17:50:00Z/2026-09-29T18:00:00Z,wind_speed,m/s,0.0,,False
0-20000-0-42492-202609291800-16,85.1,25.6,0-20000-0-42492,0-20000-0-42492-202609291800,2026-09-29T18:00:00Z,2026-09-29T17:50:00Z/2026-09-29T18:00:00Z,wind_direction,deg,0.0,,False
0-20000-0-42492-202609291800-17,85.1,25.6,0-20000-0-42492,0-20000-0-42492-202609291800,2026-09-29T18:00:00Z,2026-09-29T17:50:00Z/2026-09-29T18:00:00Z,wind_speed,m/s,0.0,,False
0-20000-0-42492-202609291800-18,85.1,25.6,0-20000-0-42492,0-20000-0-42492-202609291800,2026-09-29T18:00:00Z,2026-09-29T17:50:00Z/2026-09-29T18:00:00Z,wind_speed,m/s,0.0,,False
0-20000-0-42492-202609291800-19,85.1,25.6,0-20000-0-42492,0-20000-0-42492-202609291800,2026-09-29T18:00:00Z,2026-09-29T17:50:00Z/2026-09-29T18:00:00Z,wind_speed,m/s,0.0,,False
0-20000-0-42492-202609291800-2,85.1,25.6,0-20000-0-42492,0-20000-0-42492-202609291800,2026-09-29T18:00:00Z,2026-09-29T18:00:00Z,air_temperature,Celsius,27.8,,False
0-20000-0-42492-202609291800-3,85.1,25.6,0-20000-0-42492,0-20000-0-42492-202609291800,2026-09-29T18:00:00Z,2026-09-29T18:00:00Z,dewpoint_temperature,Celsius,25.2,,False
0-20000-0-42492-202609291800-4,85.1,25.6,0-20000-0-42492,0-20000-0-42492-202609291800,2026-09-29T18:00:00Z,2026-09-29T18:00:00Z,horizontal_visibility,m,2000.0,,False
0-20000-0-42492-202609291800-5,85.1,25.6,0-20000-0-42492,0-20000-0-42492-202609291800,2026-09-29T18:00:00Z,2026-09-29T18:00:00Z,cloud_cover_total,%,25.0,,False
0-20000-0-42492-202609291800-6,85.1,25.6,0-20000-0-42492,0-20000-0-42492-202609291800,2026-09-29T18:00:00Z,2026-09-29T18:00:00Z,cloud_amount,CODE TABLE,,2 OKTAS,True
0-20000-0-42492-202609291800-7,85.1,25.6,0-20000-0-42492,0-20000-0-42492-202609291800,2026-09-29T18:00:00Z,2026-09-29T18:00:00Z,height_of_base_of_cloud,m,3000.0,,False
0-20000-0-42492-202609291800-8,85.1,25.6,0-20000-0-42492,0-20000-0-42492-202609291800,2026-09-29T18:00:00Z,2026-09-29T18:00:00Z,cloud_type,CODE TABLE,,NO CL CLOUDS,True
0-20000-0-42492-202609291800-9,85.1,25.6,0-20000-0-42492,0-20000-0-42492-202609291800,2026-09-29T18:00:00Z,2026-09-29T18:00:00Z,cloud_type,CODE TABLE,,ALTOCUMULUS TRANSLUCIDUS AT A SINGLE LEVEL,True
0-20000-0-42492-202609292100-0,85.1,25.6,0-20000-0-42492,0-20000-0-42492-202609292100,2026-09-29T21:00:00Z,2026-09-29T21:00:00Z,pressure_reduced_to_mean_sea_level,hPa,1007.7,,False
0-20000-0-42492-202609292100-1,85.1,25.6,0-20000-0-42492,0-20000-0-42492-202609292100,2026-09-29T21:00:00Z,2026-09-29T21:00:00Z,24hour_pressure_change,hPa,-0.3,,False
0-20000-0-42492-202609292100-10,85.1,25.6,0-20000-0-42492,0-20000-0-42492-202609292100,2026-09-29T21:00:00Z,2026-09-29T21:00:00Z,cloud_type,CODE TABLE,,NO CH CLOUDS,True
0-20000-0-42492-202609292100-11,85.1,25.6,0-20000-0-42492,0-20000-0-42492-202609292100,2026-09-29T21:00:00Z,2026-09-29T21:00:00Z,cloud_amount,CODE TABLE,,2 OKTAS,True
0-20000-0-42492-202609292100-12,85.1,25.6,0-20000-0-42492,0-20000-0-42492-202609292100,2026-09-29T21:00:00Z,2026-09-29T21:00:00Z,cloud_type,CODE TABLE,,ALTOCUMULUS (AC),True
0-20000-0-42492-202609292100-13,85.1,25.6,0-20000-0-42492,0-20000-0-42492-202609292100,2026-09-29T21:00:00Z,2026-09-29T21:00:00Z,height_of_base_of_cloud,m,3000.0,,False
0-20000-0-42492-202609292100-14,85.1,25.6,0-20000-0-42492,0-20000-0-42492-202609292100,2026-09-29T21:00:00Z,2026-09-29T21:00:00Z,present_weather,CODE TABLE,,MIST,True
0-20000-0-42492-202609292100-15,85.1,25.6,0-20000-0-42492,0-20000-0-42492-202609292100,2026-09-29T21:00:00Z,2026-09-29T21:00:00Z,past_weather1,CODE TABLE,,CLOUD COVERING 1/2 OR LESS OF THE SKY THROUGHOUT THE APPROPRIATE PERIOD,True
0-20000-0-42492-202609292100-16,85.1,25.6,0-20000-0-42492,0-20000-0-42492-202609292100,2026-09-29T21:00:00Z,2026-09-29T21:00:00Z,past_weather2,CODE TABLE,,CLOUD COVERING 1/2 OR LESS OF THE SKY THROUGHOUT THE APPROPRIATE PERIOD,True
0-20000-0-42492-202609292100-17,85.1,25.6,0-20000-0-42492,0-20000-0-42492-202609292100,2026-09-29T21:00:00Z,2026-09-29T20:50:00Z/2026-09-29T21:00:00Z,wind_direction,deg,0.0,,False
0-20000-0-42492-202609292100-18,85.1,25.6,0-20000-0-42492,0-20000-0-42492-202609292100,2026-09-29T21:00:00Z,2026-09-29T20:50:00Z/2026-09-29T21:00:00Z,wind_speed,m/s,0.0,,False
0-20000-0-42492-202609292100-19,85.1,25.6,0-20000-0-42492,0-20000-0-42492-202609292100,2026-09-29T21:00:00Z,2026-09-29T20:50:00Z/2026-09-29T21:00:00Z,wind_speed,m/s,0.0,,False
0-20000-0-42492-202609292100-2,85.1,25.6,0-20000-0-42492,0-20000-0-42492-202609292100,2026-09-29T21:00:00Z,2026-09-29T21:00:00Z,air_temperature,Celsius,26.6,,False
0-20000-0-42492-202609292100-3,85.1,25.6,0-20000-0-42492,0-20000-0-42492-202609292100,2026-09-29T21:00:00Z,2026-09-29T21:00:00Z,dewpoint_temperature,Celsius,24.9,,False
0-20000-0-42492-202609292100-4,85.1,25.6,0-20000-0-42492,0-20000-0-42492-202609292100,2026-09-29T21:00:00Z,2026-09-29T21:00:00Z,horizontal_visibility,m,2000.0,,False
0-20000-0-42492-202609292100-5,85.1,25.6,0-20000-0-42492,0-20000-0-42492-202609292100,2026-09-29T21:00:00Z,2026-09-29T21:00:00Z,cloud_cover_total,%,25.0,,False
0-20000-0-42492-202609292100-6,85.1,25.6,0-20000-0-42492,0-20000-0-42492-202609292100,2026-09-29T21:00:00Z,2026-09-29T21:00:00Z,cloud_amount,CODE TABLE,,2 OKTAS,True
0-20000-0-42492-202609292100-7,85.1,25.6,0-20000-0-42492,0-20000-0-42492-202609292100,2026-09-29T21:00:00Z,2026-09-29T21:00:00Z,height_of_base_of_cloud,m,3000.0,,False
0-20000-0-42492-202609292100-8,85.1,25.6,0-20000-0-42492,0-20000-0-42492-202609292100,2026-09-29T21:00:00Z,2026-09-29T21:00:00Z,cloud_type,CODE TABLE,,NO CL CLOUDS,True
0-20000-0-42492-202609292100-9,85.1,25.6,0-20000-0-42492,0-20000-0-42492-202609292100,2026-09-29T21:00:00Z,2026-09-29T21:00:00Z,cloud_type,CODE TABLE,,ALTOCUMULUS TRANSLUCIDUS AT A SINGLE LEVEL,True
0-20000-0-42587-202609290000-0,84.06667,24.05,0-20000-0-42587,0-20000-0-42587-202609290000,2026-09-29T00:00:00Z,2026-09-29T00:00:00Z,pressure_reduced_to_mean_sea_level,hPa,1011.2,,False
0-20000-0-42587-202609290000-1,84.06667,24.05,0-20000-0-42587,0-20000-0-42587-202609290000,2026-09-29T00:00:00Z,2026-09-29T00:00:00Z,24hour_pressure_change,hPa,2.8,,False
0-20000-0-42587-202609290000-10,84.06667,24.05,0-20000-0-42587,0-20000-0-42587-202609290000,2026-09-29T00:00:00Z,2026-09-29T00:00:00Z,present_weather,CODE TABLE,,HAZE,True
0-20000-0-42587-202609290000-11,84.06667,24.05,0-20000-0-42587,0-20000-0-42587-202609290000,2026-09-29T00:00:00Z,2026-09-29T00:00:00Z,past_weather1,CODE TABLE,,CLOUD COVERING 1/2 OR LESS OF THE SKY THROUGHOUT THE APPROPRIATE PERIOD,True
0-20000-0-42587-202609290000-12,84.06667,24.05,0-20000-0-42587,0-20000-0-42587-202609290000,2026-09-29T00:00:00Z,2026-09-29T00:00:00Z,past_weather2,CODE TABLE,,CLOUD COVERING 1/2 OR LESS OF THE SKY THROUGHOUT THE APPROPRIATE PERIOD,True
0-20000-0-42587-202609290000-13,84.06667,24.05,0-20000-0-42587,0-20000-0-42587-202609290000,2026-09-29T00:00:00Z,2026-09-28T23:50:00Z/2026-09-29T00:00:00Z,wind_direction,deg,0.0,,False
0-20000-0-42587-202609290000-14,84.06667,24.05,0-20000-0-42587,0-20000-0-42587-202609290000,2026-09-29T00:00:00Z,2026-09-28T23:50:00Z/2026-09-29T00:00:00Z,wind_speed,m/s,0.0,,False
0-20000-0-42587-202609290000-2,84.06667,24.05,0-20000-0-42587,0-20000-0-42587-202609290000,2026-09-29T00:00:00Z,2026-09-29T00:00:00Z,air_temperature,Celsius,24.0,,False
0-20000-0-42587-202609290000-3,84.06667,24.05,0-20000-0-42587,0-20000-0-42587-202609290000,2026-09-29T00:00:00Z,2026-09-29T00:00:00Z,dewpoint_temperature,Celsius,22.8,,False
0-20000-0-42587-202609290000-4,84.06667,24.05,0-20000-0-42587,0-20000-0-42587-202609290000,2026-09-29T00:00:00Z,2026-09-29T00:00:00Z,horizontal_visibility,m,2000.0,,False
0-20000-0-42587-202609290000-5,84.06667,24.05,0-20000-0-42587,0-20000-0-42587-202609290000,2026-09-29T00:00:00Z,2026-09-29T00:00:00Z,cloud_cover_total,%,0.0,,False
0-20000-0-42587-202609290000-6,84.06667,24.05,0-20000-0-42587,0-20000-0-42587-202609290000,2026-09-29T00:00:00Z,2026-09-29T00:00:00Z,cloud_amount,CODE TABLE,,0,True
0-20000-0-42587-202609290000-7,84.06667,24.05,0-20000-0-42587,0-20000-0-42587-202609290000,2026-09-29T00:00:00Z,2026-09-29T00:00:00Z,cloud_type,CODE TABLE,,NO CL CLOUDS,True
0-20000-0-42587-202609290000-8,84.06667,24.05,0-20000-0-42587,0-20000-0-42587-202609290000,2026-09-29T00:00:00Z,2026-09-29T00:00:00Z,cloud_type,CODE TABLE,,NO CM CLOUDS,True
0-20000-0-42587-202609290000-9,84.06667,24.05,0-20000-0-42587,0-20000-0-42587-202609290000,2026-09-29T00:00:00Z,2026-09-29T00:00:00Z,cloud_type,CODE TABLE,,NO CH CLOUDS,True
0-20000-0-42587-202609290300-0,84.06667,24.05,0-20000-0-42587,0-20000-0-42587-202609290300,2026-09-29T03:00:00Z,2026-09-29T03:00:00Z,pressure_reduced_to_mean_sea_level,hPa,1010.2,,False
0-20000-0-42587-202609290300-1,84.06667,24.05,0-20000-0-42587,0-20000-0-42587-202609290300,2026-09-29T03:00:00Z,2026-09-29T03:00:00Z,24hour_pressure_change,hPa,1.6,,False
0-20000-0-42587-202609290300-10,84.06667,24.05,0-20000-0-42587,0-20000-0-42587-202609290300,2026-09-29T03:00:00Z,2026-09-29T03:00:00Z,present_weather,CODE TABLE,,HAZE,True
0-20000-0-42587-202609290300-11,84.06667,24.05,0-20000-0-42587,0-20000-0-42587-202609290300,2026-09-29T03:00:00Z,2026-09-29T03:00:00Z,past_weather1,CODE TABLE,,CLOUD COVERING 1/2 OR LESS OF THE SKY THROUGHOUT THE APPROPRIATE PERIOD,True
0-20000-0-42587-202609290300-12,84.06667,24.05,0-20000-0-42587,0-20000-0-42587-202609290300,2026-09-29T03:00:00Z,2026-09-29T03:00:00Z,past_weather2,CODE TABLE,,CLOUD COVERING 1/2 OR LESS OF THE SKY THROUGHOUT THE APPROPRIATE PERIOD,True
0-20000-0-42587-202609290300-13,84.06667,24.05,0-20000-0-42587,0-20000-0-42587-202609290300,2026-09-29T03:00:00Z,2026-09-29T02:50:00Z/2026-09-29T03:00:00Z,wind_direction,deg,0.0,,False
0-20000-0-42587-202609290300-14,84.06667,24.05,0-20000-0-42587,0-20000-0-42587-202609290300,2026-09-29T03:00:00Z,2026-09-29T02:50:00Z/2026-09-29T03:00:00Z,wind_speed,m/s,0.0,,False
0-20000-0-42587-202609290300-15,84.06667,24.05,0-20000-0-42587,0-20000-0-42587-202609290300,2026-09-29T03:00:00Z,2026-09-29T02:00:00Z/2026-09-29T03:00:00Z,minimum_temperature_at_height_and_over_period_specified,Celsius,23.8,,False
0-20000-0-42587-202609290300-16,84.06667,24.05,0-20000-0-42587,0-20000-0-42587-202609290300,2026-09-29T03:00:00Z,2026-09-28T15:00:00Z/2026-09-29T03:00:00Z,minimum_temperature_at_height_and_over_period_specified,Celsius,23.8,,False
0-20000-0-42587-202609290300-2,84.06667,24.05,0-20000-0-42587,0-20000-0-42587-202609290300,2026-09-29T03:00:00Z,2026-09-29T03:00:00Z,air_temperature,Celsius,26.4,,False
0-20000-0-42587-202609290300-3,84.06667,24.05,0-20000-0-42587,0-20000-0-42587-202609290300,2026-09-29T03:00:00Z,2026-09-29T03:00:00Z,dewpoint_temperature,Celsius,23.8,,False
0-20000-0-42587-202609290300-4,84.06667,24.05,0-20000-0-42587,0-20000-0-42587-202609290300,2026-09-29T03:00:00Z,2026-09-29T03:00:00Z,horizontal_visibility,m,4000.0,,False
0-20000-0-42587-202609290300-5,84.06667,24.05,0-20000-0-42587,0-20000-0-42587-202609290300,2026-09-29T03:00:00Z,2026-09-29T03:00:00Z,cloud_cover_total,%,0.0,,False
0-20000-0-42587-202609290300-6,84.06667,24.05,0-20000-0-42587,0-20000-0-42587-202609290300,2026-09-29T03:00:00Z,2026-09-29T03:00:00Z,cloud_amount,CODE TABLE,,0,True
0-20000-0-42587-202609290300-7,84.06667,24.05,0-20000-0-42587,0-20000-0-42587-202609290300,2026-09-29T03:00:00Z,2026-09-29T03:00:00Z,cloud_type,CODE TABLE,,NO CL CLOUDS,True
0-20000-0-42587-202609290300-8,84.06667,24.05,0-20000-0-42587,0-20000-0-42587-202609290300,2026-09-29T03:00:00Z,2026-09-29T03:00:00Z,cloud_type,CODE TABLE,,NO CM CLOUDS,True
0-20000-0-42587-202609290300-9,84.06667,24.05,0-20000-0-42587,0-20000-0-42587-202609290300,2026-09-29T03:00:00Z,2026-09-29T03:00:00Z,cloud_type,CODE TABLE,,NO CH CLOUDS,True
0-20000-0-42587-202609290600-0,84.06667,24.05,0-20000-0-42587,0-20000-0-42587-202609290600,2026-09-29T06:00:00Z,2026-09-29T06:00:00Z,pressure_reduced_to_mean_sea_level,hPa,1010.3,,False
0-20000-0-42587-202609290600-1,84.06667,24.05,0-20000-0-42587,0-20000-0-42587-202609290600,2026-09-29T06:00:00Z,2026-09-29T06:00:00Z,24hour_pressure_change,hPa,1.7,,False
0-20000-0-42587-202609290600-10,84.06667,24.05,0-20000-0-42587,0-20000-0-42587-202609290600,2026-09-29T06:00:00Z,2026-09-29T06:00:00Z,cloud_type,CODE TABLE,,NO CH CLOUDS,True
0-20000-0-42587-202609290600-11,84.06667,24.05,0-20000-0-42587,0-20000-0-42587-202609290600,2026-09-29T06:00:00Z,2026-09-29T06:00:00Z,cloud_amount,CODE TABLE,,2 OKTAS,True
0-20000-0-42587-202609290600-12,84.06667,24.05,0-20000-0-42587,0-20000-0-42587-202609290600,2026-09-29T06:00:00Z,2026-09-29T06:00:00Z,cloud_type,CODE TABLE,,STRATOCUMULUS (SC),True
0-20000-0-42587-202609290600-13,84.06667,24.05,0-20000-0-42587,0-20000-0-42587-202609290600,2026-09-29T06:00:00Z,2026-09-29T06:00:00Z,height_of_base_of_cloud,m,600.0,,False
0-20000-0-42587-202609290600-14,84.06667,24.05,0-20000-0-42587,0-20000-0-42587-202609290600,2026-09-29T06:00:00Z,2026-09-29T06:00:00Z,cloud_amount,CODE TABLE,,3 OKTAS,True
0-20000-0-42587-202609290600-15,84.06667,24.05,0-20000-0-42587,0-20000-0-42587-202609290600,2026-09-29T06:00:00Z,2026-09-29T06:00:00Z,cloud_type,CODE TABLE,,ALTOCUMULUS (AC),True
0-20000-0-42587-202609290600-16,84.06667,24.05,0-20000-0-42587,0-20000-0-42587-202609290600,2026-09-29T06:00:00Z,2026-09-29T06:00:00Z,height_of_base_of_cloud,m,3000.0,,False
0-20000-0-42587-202609290600-17,84.06667,24.05,0-20000-0-42587,0-20000-0-42587-202609290600,2026-09-29T06:00:00Z,2026-09-29T06:00:00Z,present_weather,CODE TABLE,,HAZE,True
0-20000-0-42587-202609290600-18,84.06667,24.05,0-20000-0-42587,0-20000-0-42587-202609290600,2026-09-29T06:00:00Z,2026-09-29T06:00:00Z,past_weather1,CODE TABLE,,CLOUD COVERING MORE THAN 1/2 OF THE SKY THROUGHOUT THE APPROPRIATE PERIOD,True
0-20000-0-42587-202609290600-19,84.06667,24.05,0-20000-0-42587,0-20000-0-42587-202609290600,2026-09-29T06:00:00Z,2026-09-29T06:00:00Z,past_weather2,CODE TABLE,,CLOUD COVERING 1/2 OR LESS OF THE SKY THROUGHOUT THE APPROPRIATE PERIOD,True
0-20000-0-42587-202609290600-2,84.06667,24.05,0-20000-0-42587,0-20000-0-42587-202609290600,2026-09-29T06:00:00Z,2026-09-29T06:00:00Z,air_temperature,Celsius,31.8,,False
0-20000-0-42587-202609290600-20,84.06667,24.05,0-20000-0-42587,0-20000-0-42587-202609290600,2026-09-29T06:00:00Z,2026-09-29T05:50:00Z/2026-09-29T06:00:00Z,wind_direction,deg,270.0,,False
0-20000-0-42587-202609290600-21,84.06667,24.05,0-20000-0-42587,0-20000-0-42587-202609290600,2026-09-29T06:00:00Z,2026-09-29T05:50:00Z/2026-09-29T06:00:00Z,wind_speed,m/s,1.5,,False
0-20000-0-42587-202609290600-22,84.06,24.05,0-20000-0-42587,0-20000-0-42587-202609290600,2026-09-29T06:00:00Z,2026-09-29T05:50:00Z/2026-09-29T06:00:00Z,wind_speed,m/s,1.5,,False
0-20000-0-42587-202609290600-3,84.06667,24.05,0-20000-0-42587,0-20000-0-42587-202609290600,2026-09-29T06:00:00Z,2026-09-29T06:00:00Z,dewpoint_temperature,Celsius,25.3,,False
0-20000-0-42587-202609290600-4,84.06667,24.05,0-20000-0-42587,0-20000-0-42587-202609290600,2026-09-29T06:00:00Z,2026-09-29T06:00:00Z,horizontal_visibility,m,4000.0,,False
0-20000-0-42587-202609290600-5,84.06667,24.05,0-20000-0-42587,0-20000-0-42587-202609290600,2026-09-29T06:00:00Z,2026-09-29T06:00:00Z,cloud_cover_total,%,63.0,,False
0-20000-0-42587-202609290600-6,84.06667,24.05,0-20000-0-42587,0-20000-0-42587-202609290600,2026-09-29T06:00:00Z,2026-09-29T06:00:00Z,cloud_amount,CODE TABLE,,2 OKTAS,True
0-20000-0-42587-202609290600-7,84.06667,24.05,0-20000-0-42587,0-20000-0-42587-202609290600,2026-09-29T06:00:00Z,2026-09-29T06:00:00Z,height_of_base_of_cloud,m,600.0,,False
0-20000-0-42587-202609290600-8,84.06667,24.05,0-20000-0-42587,0-20000-0-42587-202609290600,2026-09-29T06:00:00Z,2026-09-29T06:00:00Z,cloud_type,CODE TABLE,,STRATOCUMULUS OTHER THAN STRATOCUMULUS CUMULOGENITUS,True
0-20000-0-42587-202609290600-9,84.06667,24.05,0-20000-0-42587,0-20000-0-42587-202609290600,2026-09-29T06:00:00Z,2026-09-29T06:00:00Z,cloud_type,CODE TABLE,,ALTOCUMULUS TRANSLUCIDUS AT A SINGLE LEVEL,True
0-20000-0-42587-202609290900-0,84.06667,24.05,0-20000-0-42587,0-20000-0-42587-202609290900,2026-09-29T09:00:00Z,2026-09-29T09:00:00Z,pressure_reduced_to_mean_sea_level,hPa,1007.9,,False
0-20000-0-42587-202609290900-1,84.06667,24.05,0-20000-0-42587,0-20000-0-42587-202609290900,2026-09-29T09:00:00Z,2026-09-29T09:00:00Z,24hour_pressure_change,hPa,1.3,,False
0-20000-0-42587-202609290900-10,84.06667,24.05,0-20000-0-42587,0-20000-0-42587-202609290900,2026-09-29T09:00:00Z,2026-09-29T09:00:00Z,cloud_type,CODE TABLE,,NO CH CLOUDS,True
0-20000-0-42587-202609290900-11,84.06667,24.05,0-20000-0-42587,0-20000-0-42587-202609290900,2026-09-29T09:00:00Z,2026-09-29T09:00:00Z,cloud_amount,CODE TABLE,,3 OKTAS,True
0-20000-0-42587-202609290900-12,84.06667,24.05,0-20000-0-42587,0-20000-0-42587-202609290900,2026-09-29T09:00:00Z,2026-09-29T09:00:00Z,cloud_type,CODE TABLE,,STRATOCUMULUS (SC),True
0-20000-0-42587-202609290900-13,84.06667,24.05,0-20000-0-42587,0-20000-0-42587-202609290900,2026-09-29T09:00:00Z,2026-09-29T09:00:00Z,height_of_base_of_cloud,m,600.0,,False
0-20000-0-42587-202609290900-14,84.06667,24.05,0-20000-0-42587,0-20000-0-42587-202609290900,2026-09-29T09:00:00Z,2026-09-29T09:00:00Z,present_weather,CODE TABLE,,HAZE,True
0-20000-0-42587-202609290900-15,84.06667,24.05,0-20000-0-42587,0-20000-0-42587-202609290900,2026-09-29T09:00:00Z,2026-09-29T09:00:00Z,past_weather1,CODE TABLE,,CLOUD COVERING 1/2 OR LESS OF THE SKY THROUGHOUT THE APPROPRIATE PERIOD,True
0-20000-0-42587-202609290900-16,84.06667,24.05,0-20000-0-42587,0-20000-0-42587-202609290900,2026-09-29T09:00:00Z,2026-09-29T09:00:00Z,past_weather2,CODE TABLE,,CLOUD COVERING 1/2 OR LESS OF THE SKY THROUGHOUT THE APPROPRIATE PERIOD,True
0-20000-0-42587-202609290900-17,84.06667,24.05,0-20000-0-42587,0-20000-0-42587-202609290900,2026-09-29T09:00:00Z,2026-09-29T08:50:00Z/2026-09-29T09:00:00Z,wind_direction,deg,270.0,,False
0-20000-0-42587-202609290900-18,84.06667,24.05,0-20000-0-42587,0-20000-0-42587-202609290900,2026-09-29T09:00:00Z,2026-09-29T08:50:00Z/2026-09-29T09:00:00Z,wind_speed,m/s,1.0,,False
0-20000-0-42587-202609290900-19,84.06,24.05,0-20000-0-42587,0-20000-0-42587-202609290900,2026-09-29T09:00:00Z,2026-09-29T08:50:00Z/2026-09-29T09:00:00Z,wind_speed,m/s,1.0,,False
0-20000-0-42587-202609290900-2,84.06667,24.05,0-20000-0-42587,0-20000-0-42587-202609290900,2026-09-29T09:00:00Z,2026-09-29T09:00:00Z,air_temperature,Celsius,33.4,,False
0-20000-0-42587-202609290900-3,84.06667,24.05,0-20000-0-42587,0-20000-0-42587-202609290900,2026-09-29T09:00:00Z,2026-09-29T09:00:00Z,dewpoint_temperature,Celsius,24.0,,False
0-20000-0-42587-202609290900-4,84.06667,24.05,0-20000-0-42587,0-20000-0-42587-202609290900,2026-09-29T09:00:00Z,2026-09-29T09:00:00Z,horizontal_visibility,m,4000.0,,False
0-20000-0-42587-202609290900-5,84.06667,24.05,0-20000-0-42587,0-20000-0-42587-202609290900,2026-09-29T09:00:00Z,2026-09-29T09:00:00Z,cloud_cover_total,%,38.0,,False
0-20000-0-42587-202609290900-6,84.06667,24.05,0-20000-0-42587,0-20000-0-42587-202609290900,2026-09-29T09:00:00Z,2026-09-29T09:00:00Z,cloud_amount,CODE TABLE,,3 OKTAS,True
0-20000-0-42587-202609290900-7,84.06667,24.05,0-20000-0-42587,0-20000-0-42587-202609290900,2026-09-29T09:00:00Z,2026-09-29T09:00:00Z,height_of_base_of_cloud,m,600.0,,False
0-20000-0-42587-202609290900-8,84.06667,24.05,0-20000-0-42587,0-20000-0-42587-202609290900,2026-09-29T09:00:00Z,2026-09-29T09:00:00Z,cloud_type,CODE TABLE,,STRATOCUMULUS OTHER THAN STRATOCUMULUS CUMULOGENITUS,True
0-20000-0-42587-202609290900-9,84.06667,24.05,0-20000-0-42587,0-20000-0-42587-202609290900,2026-09-29T09:00:00Z,2026-09-29T09:00:00Z,cloud_type,CODE TABLE,,NO CM CLOUDS,True
0-20000-0-42587-202609291200-0,84.06667,24.05,0-20000-0-42587,0-20000-0-42587-202609291200,2026-09-29T12:00:00Z,2026-09-29T12:00:00Z,pressure_reduced_to_mean_sea_level,hPa,1007.7,,False
0-20000-0-42587-202609291200-1,84.06667,24.05,0-20000-0-42587,0-20000-0-42587-202609291200,2026-09-29T12:00:00Z,2026-09-29T12:00:00Z,24hour_pressure_change,hPa,1.2,,False
0-20000-0-42587-202609291200-10,84.06667,24.05,0-20000-0-42587,0-20000-0-42587-202609291200,2026-09-29T12:00:00Z,2026-09-29T12:00:00Z,cloud_type,CODE TABLE,,NO CH CLOUDS,True
0-20000-0-42587-202609291200-11,84.06667,24.05,0-20000-0-42587,0-20000-0-42587-202609291200,2026-09-29T12:00:00Z,2026-09-29T12:00:00Z,cloud_amount,CODE TABLE,,3 OKTAS,True
0-20000-0-42587-202609291200-12,84.06667,24.05,0-20000-0-42587,0-20000-0-42587-202609291200,2026-09-29T12:00:00Z,2026-09-29T12:00:00Z,cloud_type,CODE TABLE,,ALTOCUMULUS (AC),True
0-20000-0-42587-202609291200-13,84.06667,24.05,0-20000-0-42587,0-20000-0-42587-202609291200,2026-09-29T12:00:00Z,2026-09-29T12:00:00Z,height_of_base_of_cloud,m,3000.0,,False
0-20000-0-42587-202609291200-14,84.06667,24.05,0-20000-0-42587,0-20000-0-42587-202609291200,2026-09-29T12:00:00Z,2026-09-29T12:00:00Z,present_weather,CODE TABLE,,HAZE,True
0-20000-0-42587-202609291200-15,84.06667,24.05,0-20000-0-42587,0-20000-0-42587-202609291200,2026-09-29T12:00:00Z,2026-09-29T12:00:00Z,past_weather1,CODE TABLE,,CLOUD COVERING 1/2 OR LESS OF THE SKY THROUGHOUT THE APPROPRIATE PERIOD,True
0-20000-0-42587-202609291200-16,84.06667,24.05,0-20000-0-42587,0-20000-0-42587-202609291200,2026-09-29T12:00:00Z,2026-09-29T12:00:00Z,past_weather2,CODE TABLE,,CLOUD COVERING 1/2 OR LESS OF THE SKY THROUGHOUT THE APPROPRIATE PERIOD,True
0-20000-0-42587-202609291200-17,84.06667,24.05,0-20000-0-42587,0-20000-0-42587-202609291200,2026-09-29T12:00:00Z,2026-09-29T11:50:00Z/2026-09-29T12:00:00Z,wind_direction,deg,0.0,,False
0-20000-0-42587-202609291200-18,84.06667,24.05,0-20000-0-42587,0-20000-0-42587-202609291200,2026-09-29T12:00:00Z,2026-09-29T11:50:00Z/2026-09-29T12:00:00Z,wind_speed,m/s,0.0,,False
0-20000-0-42587-202609291200-19,84.06667,24.05,0-20000-0-42587,0-20000-0-42587-202609291200,2026-09-29T12:00:00Z,2026-09-29T11:00:00Z/2026-09-29T12:00:00Z,maximum_temperature_at_height_and_over_period_specified,Celsius,33.8,,False
0-20000-0-42587-202609291200-2,84.06667,24.05,0-20000-0-42587,0-20000-0-42587-202609291200,2026-09-29T12:00:00Z,2026-09-29T12:00:00Z,air_temperature,Celsius,33.8,,False
0-20000-0-42587-202609291200-20,84.06667,24.05,0-20000-0-42587,0-20000-0-42587-202609291200,2026-09-29T12:00:00Z,2026-09-29T00:00:00Z/2026-09-29T12:00:00Z,maximum_temperature_at_height_and_over_period_specified,Celsius,33.8,,False
0-20000-0-42587-202609291200-3,84.06667,24.05,0-20000-0-42587,0-20000-0-42587-202609291200,2026-09-29T12:00:00Z,2026-09-29T12:00:00Z,dewpoint_temperature,Celsius,23.9,,False
0-20000-0-42587-202609291200-4,84.06667,24.05,0-20000-0-42587,0-20000-0-42587-202609291200,2026-09-29T12:00:00Z,2026-09-29T12:00:00Z,horizontal_visibility,m,4000.0,,False
0-20000-0-42587-202609291200-5,84.06667,24.05,0-20000-0-42587,0-20000-0-42587-202609291200,2026-09-29T12:00:00Z,2026-09-29T12:00:00Z,cloud_cover_total,%,38.0,,False
0-20000-0-42587-202609291200-6,84.06667,24.05,0-20000-0-42587,0-20000-0-42587-202609291200,2026-09-29T12:00:00Z,2026-09-29T12:00:00Z,cloud_amount,CODE TABLE,,3 OKTAS,True
0-20000-0-42587-202609291200-7,84.06667,24.05,0-20000-0-42587,0-20000-0-42587-202609291200,2026-09-29T12:00:00Z,2026-09-29T12:00:00Z,height_of_base_of_cloud,m,3000.0,,False
0-20000-0-42587-202609291200-8,84.06667,24.05,0-20000-0-42587,0-20000-0-42587-202609291200,2026-09-29T12:00:00Z,2026-09-29T12:00:00Z,cloud_type,CODE TABLE,,NO CL CLOUDS,True
0-20000-0-42587-202609291200-9,84.06667,24.05,0-20000-0-42587,0-20000-0-42587-202609291200,2026-09-29T12:00:00Z,2026-09-29T12:00:00Z,cloud_type,CODE TABLE,,ALTOCUMULUS TRANSLUCIDUS AT A SINGLE LEVEL,True
0-20000-0-42587-202609291500-0,84.06667,24.05,0-20000-0-42587,0-20000-0-42587-202609291500,2026-09-29T15:00:00Z,2026-09-29T15:00:00Z,pressure_reduced_to_mean_sea_level,hPa,1009.5,,False
0-20000-0-42587-202609291500-1,84.06667,24.05,0-20000-0-42587,0-20000-0-42587-202609291500,2026-09-29T15:00:00Z,2026-09-29T15:00:00Z,24hour_pressure_change,hPa,-0.3,,False
0-20000-0-42587-202609291500-10,84.06667,24.05,0-20000-0-42587,0-20000-0-42587-202609291500,2026-09-29T15:00:00Z,2026-09-29T15:00:00Z,cloud_type,CODE TABLE,,NO CH CLOUDS,True
0-20000-0-42587-202609291500-11,84.06667,24.05,0-20000-0-42587,0-20000-0-42587-202609291500,2026-09-29T15:00:00Z,2026-09-29T15:00:00Z,cloud_amount,CODE TABLE,,"1 OKTA OR LESS, BUT NOT ZERO",True
0-20000-0-42587-202609291500-12,84.06667,24.05,0-20000-0-42587,0-20000-0-42587-202609291500,2026-09-29T15:00:00Z,2026-09-29T15:00:00Z,cloud_type,CODE TABLE,,STRATOCUMULUS (SC),True
0-20000-0-42587-202609291500-13,84.06667,24.05,0-20000-0-42587,0-20000-0-42587-202609291500,2026-09-29T15:00:00Z,2026-09-29T15:00:00Z,height_of_base_of_cloud,m,600.0,,False
0-20000-0-42587-202609291500-14,84.06667,24.05,0-20000-0-42587,0-20000-0-42587-202609291500,2026-09-29T15:00:00Z,2026-09-29T15:00:00Z,present_weather,CODE TABLE,,HAZE,True
0-20000-0-42587-202609291500-15,84.06667,24.05,0-20000-0-42587,0-20000-0-42587-202609291500,2026-09-29T15:00:00Z,2026-09-29T15:00:00Z,past_weather1,CODE TABLE,,CLOUD COVERING 1/2 OR LESS OF THE SKY THROUGHOUT THE APPROPRIATE PERIOD,True
0-20000-0-42587-202609291500-16,84.06667,24.05,0-20000-0-42587,0-20000-0-42587-202609291500,2026-09-29T15:00:00Z,2026-09-29T15:00:00Z,past_weather2,CODE TABLE,,CLOUD COVERING 1/2 OR LESS OF THE SKY THROUGHOUT THE APPROPRIATE PERIOD,True
0-20000-0-42587-202609291500-17,84.06667,24.05,0-20000-0-42587,0-20000-0-42587-202609291500,2026-09-29T15:00:00Z,2026-09-29T14:50:00Z/2026-09-29T15:00:00Z,wind_direction,deg,0.0,,False
0-20000-0-42587-202609291500-18,84.06667,24.05,0-20000-0-42587,0-20000-0-42587-202609291500,2026-09-29T15:00:00Z,2026-09-29T14:50:00Z/2026-09-29T15:00:00Z,wind_speed,m/s,0.0,,False
0-20000-0-42587-202609291500-2,84.06667,24.05,0-20000-0-42587,0-20000-0-42587-202609291500,2026-09-29T15:00:00Z,2026-09-29T15:00:00Z,air_temperature,Celsius,26.8,,False
0-20000-0-42587-202609291500-3,84.06667,24.05,0-20000-0-42587,0-20000-0-42587-202609291500,2026-09-29T15:00:00Z,2026-09-29T15:00:00Z,dewpoint_temperature,Celsius,23.9,,False
0-20000-0-42587-202609291500-4,84.06667,24.05,0-20000-0-42587,0-20000-0-42587-202609291500,2026-09-29T15:00:00Z,2026-09-29T15:00:00Z,horizontal_visibility,m,4000.0,,False
0-20000-0-42587-202609291500-5,84.06667,24.05,0-20000-0-42587,0-20000-0-42587-202609291500,2026-09-29T15:00:00Z,2026-09-29T15:00:00Z,cloud_cover_total,%,13.0,,False
0-20000-0-42587-202609291500-6,84.06667,24.05,0-20000-0-42587,0-20000-0-42587-202609291500,2026-09-29T15:00:00Z,2026-09-29T15:00:00Z,cloud_amount,CODE TABLE,,"1 OKTA OR LESS, BUT NOT ZERO",True
0-20000-0-42587-202609291500-7,84.06667,24.05,0-20000-0-42587,0-20000-0-42587-202609291500,2026-09-29T15:00:00Z,2026-09-29T15:00:00Z,height_of_base_of_cloud,m,600.0,,False
0-20000-0-42587-202609291500-8,84.06667,24.05,0-20000-0-42587,0-20000-0-42587-202609291500,2026-09-29T15:00:00Z,2026-09-29T15:00:00Z,cloud_type,CODE TABLE,,STRATOCUMULUS OTHER THAN STRATOCUMULUS CUMULOGENITUS,True
0-20000-0-42587-202609291500-9,84.06667,24.05,0-20000-0-42587,0-20000-0-42587-202609291500,2026-09-29T15:00:00Z,2026-09-29T15:00:00Z,cloud_type,CODE TABLE,,NO CM CLOUDS,True
0-20000-0-42587-202609291800-0,84.06667,24.05,0-20000-0-42587,0-20000-0-42587-202609291800,2026-09-29T18:00:00Z,2026-09-29T18:00:00Z,pressure_reduced_to_mean_sea_level,hPa,1010.0,,False
0-20000-0-42587-202609291800-1,84.06667,24.05,0-20000-0-42587,0-20000-0-42587-202609291800,2026-09-29T18:00:00Z,2026-09-29T18:00:00Z,24hour_pressure_change,hPa,-0.2,,False
0-20000-0-42587-202609291800-10,84.06667,24.05,0-20000-0-42587,0-20000-0-42587-202609291800,2026-09-29T18:00:00Z,2026-09-29T18:00:00Z,present_weather,CODE TABLE,,HAZE,True
0-20000-0-42587-202609291800-11,84.06667,24.05,0-20000-0-42587,0-20000-0-42587-202609291800,2026-09-29T18:00:00Z,2026-09-29T18:00:00Z,past_weather1,CODE TABLE,,CLOUD COVERING 1/2 OR LESS OF THE SKY THROUGHOUT THE APPROPRIATE PERIOD,True
0-20000-0-42587-202609291800-12,84.06667,24.05,0-20000-0-42587,0-20000-0-42587-202609291800,2026-09-29T18:00:00Z,2026-09-29T18:00:00Z,past_weather2,CODE TABLE,,CLOUD COVERING 1/2 OR LESS OF THE SKY THROUGHOUT THE APPROPRIATE PERIOD,True
0-20000-0-42587-202609291800-13,84.06667,24.05,0-20000-0-42587,0-20000-0-42587-202609291800,2026-09-29T18:00:00Z,2026-09-29T17:50:00Z/2026-09-29T18:00:00Z,wind_direction,deg,0.0,,False
0-20000-0-42587-202609291800-14,84.06667,24.05,0-20000-0-42587,0-20000-0-42587-202609291800,2026-09-29T18:00:00Z,2026-09-29T17:50:00Z/2026-09-29T18:00:00Z,wind_speed,m/s,0.0,,False
0-20000-0-42587-202609291800-2,84.06667,24.05,0-20000-0-42587,0-20000-0-42587-202609291800,2026-09-29T18:00:00Z,2026-09-29T18:00:00Z,air_temperature,Celsius,25.8,,False
0-20000-0-42587-202609291800-3,84.06667,24.05,0-20000-0-42587,0-20000-0-42587-202609291800,2026-09-29T18:00:00Z,2026-09-29T18:00:00Z,dewpoint_temperature,Celsius,23.2,,False
0-20000-0-42587-202609291800-4,84.06667,24.05,0-20000-0-42587,0-20000-0-42587-202609291800,2026-09-29T18:00:00Z,2026-09-29T18:00:00Z,horizontal_visibility,m,4000.0,,False
0-20000-0-42587-202609291800-5,84.06667,24.05,0-20000-0-42587,0-20000-0-42587-202609291800,2026-09-29T18:00:00Z,2026-09-29T18:00:00Z,cloud_cover_total,%,0.0,,False
0-20000-0-42587-202609291800-6,84.06667,24.05,0-20000-0-42587,0-20000-0-42587-202609291800,2026-09-29T18:00:00Z,2026-09-29T18:00:00Z,cloud_amount,CODE TABLE,,0,True
0-20000-0-42587-202609291800-7,84.06667,24.05,0-20000-0-42587,0-20000-0-42587-202609291800,2026-09-29T18:00:00Z,2026-09-29T18:00:00Z,cloud_type,CODE TABLE,,NO CL CLOUDS,True
0-20000-0-42587-202609291800-8,84.06667,24.05,0-20000-0-42587,0-20000-0-42587-202609291800,2026-09-29T18:00:00Z,2026-09-29T18:00:00Z,cloud_type,CODE TABLE,,NO CM CLOUDS,True
0-20000-0-42587-202609291800-9,84.06667,24.05,0-20000-0-42587,0-20000-0-42587-202609291800,2026-09-29T18:00:00Z,2026-09-29T18:00:00Z,cloud_type,CODE TABLE,,NO CH CLOUDS,True
0-20000-0-42587-202609292100-0,84.06667,24.05,0-20000-0-42587,0-20000-0-42587-202609292100,2026-09-29T21:00:00Z,2026-09-29T21:00:00Z,pressure_reduced_to_mean_sea_level,hPa,1008.8,,False
0-20000-0-42587-202609292100-1,84.06667,24.05,0-20000-0-42587,0-20000-0-42587-202609292100,2026-09-29T21:00:00Z,2026-09-29T21:00:00Z,24hour_pressure_change,hPa,0.0,,False
0-20000-0-42587-202609292100-10,84.06667,24.05,0-20000-0-42587,0-20000-0-42587-202609292100,2026-09-29T21:00:00Z,2026-09-29T21:00:00Z,present_weather,CODE TABLE,,HAZE,True
0-20000-0-42587-202609292100-11,84.06667,24.05,0-20000-0-42587,0-20000-0-42587-202609292100,2026-09-29T21:00:00Z,2026-09-29T21:00:00Z,past_weather1,CODE TABLE,,CLOUD COVERING 1/2 OR LESS OF THE SKY THROUGHOUT THE APPROPRIATE PERIOD,True
0-20000-0-42587-202609292100-12,84.06667,24.05,0-20000-0-42587,0-20000-0-42587-202609292100,2026-09-29T21:00:00Z,2026-09-29T21:00:00Z,past_weather2,CODE TABLE,,CLOUD COVERING 1/2 OR LESS OF THE SKY THROUGHOUT THE APPROPRIATE PERIOD,True
0-20000-0-42587-202609292100-13,84.06667,24.05,0-20000-0-42587,0-20000-0-42587-202609292100,2026-09-29T21:00:00Z,2026-09-29T20:50:00Z/2026-09-29T21:00:00Z,wind_direction,deg,0.0,,False
0-20000-0-42587-202609292100-14,84.06667,24.05,0-20000-0-42587,0-20000-0-42587-202609292100,2026-09-29T21:00:00Z,2026-09-29T20:50:00Z/2026-09-29T21:00:00Z,wind_speed,m/s,0.0,,False
0-20000-0-42587-202609292100-2,84.06667,24.05,0-20000-0-42587,0-20000-0-42587-202609292100,2026-09-29T21:00:00Z,2026-09-29T21:00:00Z,air_temperature,Celsius,25.0,,False
0-20000-0-42587-202609292100-3,84.06667,24.05,0-20000-0-42587,0-20000-0-42587-202609292100,2026-09-29T21:00:00Z,2026-09-29T21:00:00Z,dewpoint_temperature,Celsius,22.6,,False
0-20000-0-42587-202609292100-4,84.06667,24.05,0-20000-0-42587,0-20000-0-42587-202609292100,2026-09-29T21:00:00Z,2026-09-29T21:00:00Z,horizontal_visibility,m,2000.0,,False
0-20000-0-42587-202609292100-5,84.06667,24.05,0-20000-0-42587,0-20000-0-42587-202609292100,2026-09-29T21:00:00Z,2026-09-29T21:00:00Z,cloud_cover_total,%,0.0,,False
0-20000-0-42587-202609292100-6,84.06667,24.05,0-20000-0-42587,0-20000-0-42587-202609292100,2026-09-29T21:00:00Z,2026-09-29T21:00:00Z,cloud_amount,CODE TABLE,,0,True
0-20000-0-42587-202609292100-7,84.06667,24.05,0-20000-0-42587,0-20000-0-42587-202609292100,2026-09-29T21:00:00Z,2026-09-29T21:00:00Z,cloud_type,CODE TABLE,,NO CL CLOUDS,True
0-20000-0-42587-202609292100-8,84.06667,24.05,0-20000-0-42587,0-20000-0-42587-202609292100,2026-09-29T21:00:00Z,2026-09-29T21:00:00Z,cloud_type,CODE TABLE,,NO CM CLOUDS,True
0-20000-0-42587-202609292100-9,84.06667,24.05,0-20000-0-42587,0-20000-0-42587-202609292100,2026-09-29T21:00:00Z,2026-09-29T21:00:00Z,cloud_type,CODE TABLE,,NO CH CLOUDS,True
0-20000-0-42588-202609290300-0,84.18333,24.91667,0-20000-0-42588,0-20000-0-42588-202609290300,2026-09-29T03:00:00Z,2026-09-29T03:00:00Z,pressure_reduced_to_mean_sea_level,hPa,1009.6,,False
0-20000-0-42588-202609290300-1,84.18333,24.91667,0-20000-0-42588,0-20000-0-42588-202609290300,2026-09-29T03:00:00Z,2026-09-29T03:00:00Z,24hour_pressure_change,hPa,1.0,,False
0-20000-0-42588-202609290300-10,84.18333,24.91667,0-20000-0-42588,0-20000-0-42588-202609290300,2026-09-29T03:00:00Z,2026-09-29T03:00:00Z,cloud_type,CODE TABLE,,NO CH CLOUDS,True
0-20000-0-42588-202609290300-11,84.18333,24.91667,0-20000-0-42588,0-20000-0-42588-202609290300,2026-09-29T03:00:00Z,2026-09-29T03:00:00Z,present_weather,CODE TABLE,,MIST,True
0-20000-0-42588-202609290300-12,84.18333,24.91667,0-20000-0-42588,0-20000-0-42588-202609290300,2026-09-29T03:00:00Z,2026-09-29T03:00:00Z,past_weather1,CODE TABLE,,CLOUD COVERING MORE THAN 1/2 OF THE SKY DURING PART OF THE APPROPRIATE PERIOD AND COVERING 1/2 OR LESS DURING PART OF THE PERIOD,True
0-20000-0-42588-202609290300-13,84.18333,24.91667,0-20000-0-42588,0-20000-0-42588-202609290300,2026-09-29T03:00:00Z,2026-09-29T03:00:00Z,past_weather2,CODE TABLE,,CLOUD COVERING MORE THAN 1/2 OF THE SKY DURING PART OF THE APPROPRIATE PERIOD AND COVERING 1/2 OR LESS DURING PART OF THE PERIOD,True
0-20000-0-42588-202609290300-14,84.18333,24.91667,0-20000-0-42588,0-20000-0-42588-202609290300,2026-09-29T03:00:00Z,2026-09-29T02:50:00Z/2026-09-29T03:00:00Z,wind_direction,deg,0.0,,False
0-20000-0-42588-202609290300-15,84.18333,24.91667,0-20000-0-42588,0-20000-0-42588-202609290300,2026-09-29T03:00:00Z,2026-09-29T02:50:00Z/2026-09-29T03:00:00Z,wind_speed,m/s,0.0,,False
0-20000-0-42588-202609290300-16,84.18333,24.91667,0-20000-0-42588,0-20000-0-42588-202609290300,2026-09-29T03:00:00Z,2026-09-29T02:00:00Z/2026-09-29T03:00:00Z,minimum_temperature_at_height_and_over_period_specified,Celsius,23.2,,False
0-20000-0-42588-202609290300-17,84.18333,24.91667,0-20000-0-42588,0-20000-0-42588-202609290300,2026-09-29T03:00:00Z,2026-09-28T15:00:00Z/2026-09-29T03:00:00Z,minimum_temperature_at_height_and_over_period_specified,Celsius,23.2,,False
0-20000-0-42588-202609290300-2,84.18333,24.91667,0-20000-0-42588,0-20000-0-42588-202609290300,2026-09-29T03:00:00Z,2026-09-29T03:00:00Z,air_temperature,Celsius,27.0,,False
0-20000-0-42588-202609290300-3,84.18333,24.91667,0-20000-0-42588,0-20000-0-42588-202609290300,2026-09-29T03:00:00Z,2026-09-29T03:00:00Z,dewpoint_temperature,Celsius,25.6,,False
0-20000-0-42588-202609290300-4,84.18333,24.91667,0-20000-0-42588,0-20000-0-42588-202609290300,2026-09-29T03:00:00Z,2026-09-29T03:00:00Z,horizontal_visibility,m,4000.0,,False
0-20000-0-42588-202609290300-5,84.18333,24.91667,0-20000-0-42588,0-20000-0-42588-202609290300,2026-09-29T03:00:00Z,2026-09-29T03:00:00Z,cloud_cover_total,%,50.0,,False
0-20000-0-42588-202609290300-6,84.18333,24.91667,0-20000-0-42588,0-20000-0-42588-202609290300,2026-09-29T03:00:00Z,2026-09-29T03:00:00Z,cloud_amount,CODE TABLE,,4 OKTAS,True
0-20000-0-42588-202609290300-7,84.18333,24.91667,0-20000-0-42588,0-20000-0-42588-202609290300,2026-09-29T03:00:00Z,2026-09-29T03:00:00Z,height_of_base_of_cloud,m,300.0,,False
0-20000-0-42588-202609290300-8,84.18333,24.91667,0-20000-0-42588,0-20000-0-42588-202609290300,2026-09-29T03:00:00Z,2026-09-29T03:00:00Z,cloud_type,CODE TABLE,,STRATOCUMULUS OTHER THAN STRATOCUMULUS CUMULOGENITUS,True
0-20000-0-42588-202609290300-9,84.18333,24.91667,0-20000-0-42588,0-20000-0-42588-202609290300,2026-09-29T03:00:00Z,2026-09-29T03:00:00Z,cloud_type,CODE TABLE,,"ALTOCUMULUS TRANSLUCIDUS IN BANDS, OR ONE OR MORE LAYERS OF ALTOCUMULUS TRANSLUCIDUS OR OPACUS, PROGRESSIVELY INVADING THE SKY; THESE ALTOCUMULUS CLOUDS GENERALLY THICKEN AS A WHOLE",True
0-20000-0-42588-202609291200-0,84.18,24.91,0-20000-0-42588,0-20000-0-42588-202609291200,2026-09-29T12:00:00Z,2026-09-29T12:00:00Z,pressure_reduced_to_mean_sea_level,hPa,1007.3,,False
0-20000-0-42588-202609291200-1,84.18,24.91,0-20000-0-42588,0-20000-0-42588-202609291200,2026-09-29T12:00:00Z,2026-09-29T12:00:00Z,24hour_pressure_change,hPa,0.9,,False
0-20000-0-42588-202609291200-10,84.18,24.91,0-20000-0-42588,0-20000-0-42588-202609291200,2026-09-29T12:00:00Z,2026-09-29T12:00:00Z,cloud_type,CODE TABLE,,NO CH CLOUDS,True
0-20000-0-42588-202609291200-11,84.18,24.91,0-20000-0-42588,0-20000-0-42588-202609291200,2026-09-29T12:00:00Z,2026-09-29T12:00:00Z,present_weather,CODE TABLE,,MIST,True
0-20000-0-42588-202609291200-12,84.18,24.91,0-20000-0-42588,0-20000-0-42588-202609291200,2026-09-29T12:00:00Z,2026-09-29T06:00:00Z/2026-09-29T12:00:00Z,past_weather1,CODE TABLE,,CLOUD COVERING MORE THAN 1/2 OF THE SKY THROUGHOUT THE APPROPRIATE PERIOD,True
0-20000-0-42588-202609291200-13,84.18,24.91,0-20000-0-42588,0-20000-0-42588-202609291200,2026-09-29T12:00:00Z,2026-09-29T06:00:00Z/2026-09-29T12:00:00Z,past_weather2,CODE TABLE,,CLOUD COVERING MORE THAN 1/2 OF THE SKY THROUGHOUT THE APPROPRIATE PERIOD,True
0-20000-0-42588-202609291200-14,84.18,24.91,0-20000-0-42588,0-20000-0-42588-202609291200,2026-09-29T12:00:00Z,2026-09-29T11:00:00Z/2026-09-29T12:00:00Z,total_precipitation_or_total_water_equivalent,kg m-2,0.0,,False
0-20000-0-42588-202609291200-15,84.18,24.91,0-20000-0-42588,0-20000-0-42588-202609291200,2026-09-29T12:00:00Z,2026-09-29T00:00:00Z/2026-09-29T12:00:00Z,maximum_temperature_at_height_and_over_period_specified,Celsius,32.4,,False
0-20000-0-42588-202609291200-16,84.18,24.91,0-20000-0-42588,0-20000-0-42588-202609291200,2026-09-29T12:00:00Z,2026-09-29T11:50:00Z/2026-09-29T12:00:00Z,wind_direction,deg,0.0,,False
0-20000-0-42588-202609291200-17,84.18,24.91,0-20000-0-42588,0-20000-0-42588-202609291200,2026-09-29T12:00:00Z,2026-09-29T11:50:00Z/2026-09-29T12:00:00Z,wind_speed,m/s,0.0,,False
0-20000-0-42588-202609291200-2,84.18,24.91,0-20000-0-42588,0-20000-0-42588-202609291200,2026-09-29T12:00:00Z,2026-09-29T12:00:00Z,air_temperature,Celsius,29.6,,False
0-20000-0-42588-202609291200-3,84.18,24.91,0-20000-0-42588,0-20000-0-42588-202609291200,2026-09-29T12:00:00Z,2026-09-29T12:00:00Z,dewpoint_temperature,Celsius,26.8,,False
0-20000-0-42588-202609291200-4,84.18,24.91,0-20000-0-42588,0-20000-0-42588-202609291200,2026-09-29T12:00:00Z,2026-09-29T12:00:00Z,horizontal_visibility,m,2000.0,,False
0-20000-0-42588-202609291200-5,84.18,24.91,0-20000-0-42588,0-20000-0-42588-202609291200,2026-09-29T12:00:00Z,2026-09-29T12:00:00Z,cloud_cover_total,%,75.0,,False
0-20000-0-42588-202609291200-6,84.18,24.91,0-20000-0-42588,0-20000-0-42588-202609291200,2026-09-29T12:00:00Z,2026-09-29T12:00:00Z,cloud_amount,CODE TABLE,,6 OKTAS,True
0-20000-0-42588-202609291200-7,84.18,24.91,0-20000-0-42588,0-20000-0-42588-202609291200,2026-09-29T12:00:00Z,2026-09-29T12:00:00Z,height_of_base_of_cloud,m,600.0,,False
0-20000-0-42588-202609291200-8,84.18,24.91,0-20000-0-42588,0-20000-0-42588-202609291200,2026-09-29T12:00:00Z,2026-09-29T12:00:00Z,cloud_type,CODE TABLE,,STRATOCUMULUS OTHER THAN STRATOCUMULUS CUMULOGENITUS,True
0-20000-0-42588-202609291200-9,84.18,24.91,0-20000-0-42588,0-20000-0-42588-202609291200,2026-09-29T12:00:00Z,2026-09-29T12:00:00Z,cloud_type,CODE TABLE,,"ALTOCUMULUS TRANSLUCIDUS IN BANDS, OR ONE OR MORE LAYERS OF ALTOCUMULUS TRANSLUCIDUS OR OPACUS, PROGRESSIVELY INVADING THE SKY; THESE ALTOCUMULUS CLOUDS GENERALLY THICKEN AS A WHOLE",True
0-20000-0-42591-202609290000-0,84.95,24.75,0-20000-0-42591,0-20000-0-42591-202609290000,2026-09-29T00:00:00Z,2026-09-29T00:00:00Z,pressure_reduced_to_mean_sea_level,hPa,1009.8,,False
0-20000-0-42591-202609290000-1,84.95,24.75,0-20000-0-42591,0-20000-0-42591-202609290000,2026-09-29T00:00:00Z,2026-09-29T00:00:00Z,24hour_pressure_change,hPa,1.3,,False
0-20000-0-42591-202609290000-10,84.95,24.75,0-20000-0-42591,0-20000-0-42591-202609290000,2026-09-29T00:00:00Z,2026-09-29T00:00:00Z,cloud_type,CODE TABLE,,NO CH CLOUDS,True
0-20000-0-42591-202609290000-11,84.95,24.75,0-20000-0-42591,0-20000-0-42591-202609290000,2026-09-29T00:00:00Z,2026-09-29T00:00:00Z,cloud_amount,CODE TABLE,,3 OKTAS,True
0-20000-0-42591-202609290000-12,84.95,24.75,0-20000-0-42591,0-20000-0-42591-202609290000,2026-09-29T00:00:00Z,2026-09-29T00:00:00Z,cloud_type,CODE TABLE,,STRATOCUMULUS (SC),True
0-20000-0-42591-202609290000-13,84.95,24.75,0-20000-0-42591,0-20000-0-42591-202609290000,2026-09-29T00:00:00Z,2026-09-29T00:00:00Z,height_of_base_of_cloud,m,540.0,,False
0-20000-0-42591-202609290000-14,84.95,24.75,0-20000-0-42591,0-20000-0-42591-202609290000,2026-09-29T00:00:00Z,2026-09-29T00:00:00Z,present_weather,CODE TABLE,,MIST,True
0-20000-0-42591-202609290000-15,84.95,24.75,0-20000-0-42591,0-20000-0-42591-202609290000,2026-09-29T00:00:00Z,2026-09-29T00:00:00Z,past_weather1,CODE TABLE,,RAIN,True
0-20000-0-42591-202609290000-16,84.95,24.75,0-20000-0-42591,0-20000-0-42591-202609290000,2026-09-29T00:00:00Z,2026-09-29T00:00:00Z,past_weather2,CODE TABLE,,CLOUD COVERING MORE THAN 1/2 OF THE SKY THROUGHOUT THE APPROPRIATE PERIOD,True
0-20000-0-42591-202609290000-17,84.95,24.75,0-20000-0-42591,0-20000-0-42591-202609290000,2026-09-29T00:00:00Z,2026-09-28T23:50:00Z/2026-09-29T00:00:00Z,wind_direction,deg,0.0,,False
0-20000-0-42591-202609290000-18,84.95,24.75,0-20000-0-42591,0-20000-0-42591-202609290000,2026-09-29T00:00:00Z,2026-09-28T23:50:00Z/2026-09-29T00:00:00Z,wind_speed,m/s,0.0,,False
0-20000-0-42591-202609290000-2,84.95,24.75,0-20000-0-42591,0-20000-0-42591-202609290000,2026-09-29T00:00:00Z,2026-09-29T00:00:00Z,air_temperature,Celsius,26.0,,False
0-20000-0-42591-202609290000-3,84.95,24.75,0-20000-0-42591,0-20000-0-42591-202609290000,2026-09-29T00:00:00Z,2026-09-29T00:00:00Z,dewpoint_temperature,Celsius,24.9,,False
0-20000-0-42591-202609290000-4,84.95,24.75,0-20000-0-42591,0-20000-0-42591-202609290000,2026-09-29T00:00:00Z,2026-09-29T00:00:00Z,horizontal_visibility,m,1000.0,,False
0-20000-0-42591-202609290000-5,84.95,24.75,0-20000-0-42591,0-20000-0-42591-202609290000,2026-09-29T00:00:00Z,2026-09-29T00:00:00Z,cloud_cover_total,%,75.0,,False
0-20000-0-42591-202609290000-6,84.95,24.75,0-20000-0-42591,0-20000-0-42591-202609290000,2026-09-29T00:00:00Z,2026-09-29T00:00:00Z,cloud_amount,CODE TABLE,,3 OKTAS,True
0-20000-0-42591-202609290000-7,84.95,24.75,0-20000-0-42591,0-20000-0-42591-202609290000,2026-09-29T00:00:00Z,2026-09-29T00:00:00Z,height_of_base_of_cloud,m,540.0,,False
0-20000-0-42591-202609290000-8,84.95,24.75,0-20000-0-42591,0-20000-0-42591-202609290000,2026-09-29T00:00:00Z,2026-09-29T00:00:00Z,cloud_type,CODE TABLE,,STRATOCUMULUS OTHER THAN STRATOCUMULUS CUMULOGENITUS,True
0-20000-0-42591-202609290000-9,84.95,24.75,0-20000-0-42591,0-20000-0-42591-202609290000,2026-09-29T00:00:00Z,2026-09-29T00:00:00Z,cloud_type,CODE TABLE,,ALTOCUMULUS TRANSLUCIDUS AT A SINGLE LEVEL,True
0-20000-0-42591-202609290300-0,84.95,24.75,0-20000-0-42591,0-20000-0-42591-202609290300,2026-09-29T03:00:00Z,2026-09-29T03:00:00Z,pressure_reduced_to_mean_sea_level,hPa,1011.4,,False
0-20000-0-42591-202609290300-1,84.95,24.75,0-20000-0-42591,0-20000-0-42591-202609290300,2026-09-29T03:00:00Z,2026-09-29T03:00:00Z,24hour_pressure_change,hPa,1.2,,False
0-20000-0-42591-202609290300-10,84.95,24.75,0-20000-0-42591,0-20000-0-42591-202609290300,2026-09-29T03:00:00Z,2026-09-29T03:00:00Z,cloud_type,CODE TABLE,,NO CH CLOUDS,True
0-20000-0-42591-202609290300-11,84.95,24.75,0-20000-0-42591,0-20000-0-42591-202609290300,2026-09-29T03:00:00Z,2026-09-29T03:00:00Z,cloud_amount,CODE TABLE,,2 OKTAS,True
0-20000-0-42591-202609290300-12,84.95,24.75,0-20000-0-42591,0-20000-0-42591-202609290300,2026-09-29T03:00:00Z,2026-09-29T03:00:00Z,cloud_type,CODE TABLE,,STRATOCUMULUS (SC),True
0-20000-0-42591-202609290300-13,84.95,24.75,0-20000-0-42591,0-20000-0-42591-202609290300,2026-09-29T03:00:00Z,2026-09-29T03:00:00Z,height_of_base_of_cloud,m,540.0,,False
0-20000-0-42591-202609290300-14,84.95,24.75,0-20000-0-42591,0-20000-0-42591-202609290300,2026-09-29T03:00:00Z,2026-09-29T03:00:00Z,present_weather,CODE TABLE,,MIST,True
0-20000-0-42591-202609290300-15,84.95,24.75,0-20000-0-42591,0-20000-0-42591-202609290300,2026-09-29T03:00:00Z,2026-09-29T03:00:00Z,past_weather1,CODE TABLE,,CLOUD COVERING MORE THAN 1/2 OF THE SKY THROUGHOUT THE APPROPRIATE PERIOD,True
0-20000-0-42591-202609290300-16,84.95,24.75,0-20000-0-42591,0-20000-0-42591-202609290300,2026-09-29T03:00:00Z,2026-09-29T03:00:00Z,past_weather2,CODE TABLE,,CLOUD COVERING MORE THAN 1/2 OF THE SKY DURING PART OF THE APPROPRIATE PERIOD AND COVERING 1/2 OR LESS DURING PART OF THE PERIOD,True
0-20000-0-42591-202609290300-17,84.95,24.75,0-20000-0-42591,0-20000-0-42591-202609290300,2026-09-29T03:00:00Z,2026-09-29T02:50:00Z/2026-09-29T03:00:00Z,wind_direction,deg,250.0,,False
0-20000-0-42591-202609290300-18,84.95,24.75,0-20000-0-42591,0-20000-0-42591-202609290300,2026-09-29T03:00:00Z,2026-09-29T02:50:00Z/2026-09-29T03:00:00Z,wind_speed,m/s,2.1,,False
0-20000-0-42591-202609290300-19,84.95,24.75,0-20000-0-42591,0-20000-0-42591-202609290300,2026-09-29T03:00:00Z,2026-09-29T02:00:00Z/2026-09-29T03:00:00Z,minimum_temperature_at_height_and_over_period_specified,Celsius,25.0,,False
0-20000-0-42591-202609290300-2,84.95,24.75,0-20000-0-42591,0-20000-0-42591-202609290300,2026-09-29T03:00:00Z,2026-09-29T03:00:00Z,air_temperature,Celsius,27.4,,False
0-20000-0-42591-202609290300-20,84.95,24.75,0-20000-0-42591,0-20000-0-42591-202609290300,2026-09-29T03:00:00Z,2026-09-28T15:00:00Z/2026-09-29T03:00:00Z,minimum_temperature_at_height_and_over_period_specified,Celsius,25.0,,False
0-20000-0-42591-202609290300-3,84.95,24.75,0-20000-0-42591,0-20000-0-42591-202609290300,2026-09-29T03:00:00Z,2026-09-29T03:00:00Z,dewpoint_temperature,Celsius,25.4,,False
0-20000-0-42591-202609290300-4,84.95,24.75,0-20000-0-42591,0-20000-0-42591-202609290300,2026-09-29T03:00:00Z,2026-09-29T03:00:00Z,horizontal_visibility,m,2000.0,,False
0-20000-0-42591-202609290300-5,84.95,24.75,0-20000-0-42591,0-20000-0-42591-202609290300,2026-09-29T03:00:00Z,2026-09-29T03:00:00Z,cloud_cover_total,%,50.0,,False
0-20000-0-42591-202609290300-6,84.95,24.75,0-20000-0-42591,0-20000-0-42591-202609290300,2026-09-29T03:00:00Z,2026-09-29T03:00:00Z,cloud_amount,CODE TABLE,,2 OKTAS,True
0-20000-0-42591-202609290300-7,84.95,24.75,0-20000-0-42591,0-20000-0-42591-202609290300,2026-09-29T03:00:00Z,2026-09-29T03:00:00Z,height_of_base_of_cloud,m,540.0,,False
0-20000-0-42591-202609290300-8,84.95,24.75,0-20000-0-42591,0-20000-0-42591-202609290300,2026-09-29T03:00:00Z,2026-09-29T03:00:00Z,cloud_type,CODE TABLE,,STRATOCUMULUS OTHER THAN STRATOCUMULUS CUMULOGENITUS,True
0-20000-0-42591-202609290300-9,84.95,24.75,0-20000-0-42591,0-20000-0-42591-202609290300,2026-09-29T03:00:00Z,2026-09-29T03:00:00Z,cloud_type,CODE TABLE,,ALTOCUMULUS TRANSLUCIDUS AT A SINGLE LEVEL,True
0-20000-0-42591-202609290600-0,84.95,24.75,0-20000-0-42591,0-20000-0-42591-202609290600,2026-09-29T06:00:00Z,2026-09-29T06:00:00Z,pressure_reduced_to_mean_sea_level,hPa,1011.0,,False
0-20000-0-42591-202609290600-1,84.95,24.75,0-20000-0-42591,0-20000-0-42591-202609290600,2026-09-29T06:00:00Z,2026-09-29T06:00:00Z,24hour_pressure_change,hPa,1.1,,False
0-20000-0-42591-202609290600-10,84.95,24.75,0-20000-0-42591,0-20000-0-42591-202609290600,2026-09-29T06:00:00Z,2026-09-29T06:00:00Z,cloud_type,CODE TABLE,,NO CH CLOUDS,True
0-20000-0-42591-202609290600-11,84.95,24.75,0-20000-0-42591,0-20000-0-42591-202609290600,2026-09-29T06:00:00Z,2026-09-29T06:00:00Z,cloud_amount,CODE TABLE,,3 OKTAS,True
0-20000-0-42591-202609290600-12,84.95,24.75,0-20000-0-42591,0-20000-0-42591-202609290600,2026-09-29T06:00:00Z,2026-09-29T06:00:00Z,cloud_type,CODE TABLE,,STRATOCUMULUS (SC),True
0-20000-0-42591-202609290600-13,84.95,24.75,0-20000-0-42591,0-20000-0-42591-202609290600,2026-09-29T06:00:00Z,2026-09-29T06:00:00Z,height_of_base_of_cloud,m,540.0,,False
0-20000-0-42591-202609290600-14,84.95,24.75,0-20000-0-42591,0-20000-0-42591-202609290600,2026-09-29T06:00:00Z,2026-09-29T06:00:00Z,cloud_amount,CODE TABLE,,3 OKTAS,True
0-20000-0-42591-202609290600-15,84.95,24.75,0-20000-0-42591,0-20000-0-42591-202609290600,2026-09-29T06:00:00Z,2026-09-29T06:00:00Z,cloud_type,CODE TABLE,,CUMULUS (CU),True
0-20000-0-42591-202609290600-16,84.95,24.75,0-20000-0-42591,0-20000-0-42591-202609290600,2026-09-29T06:00:00Z,2026-09-29T06:00:00Z,height_of_base_of_cloud,m,750.0,,False
0-20000-0-42591-202609290600-17,84.95,24.75,0-20000-0-42591,0-20000-0-42591-202609290600,2026-09-29T06:00:00Z,2026-09-29T06:00:00Z,present_weather,CODE TABLE,,HAZE,True
0-20000-0-42591-202609290600-18,84.95,24.75,0-20000-0-42591,0-20000-0-42591-202609290600,2026-09-29T06:00:00Z,2026-09-29T06:00:00Z,past_weather1,CODE TABLE,,CLOUD COVERING MORE THAN 1/2 OF THE SKY THROUGHOUT THE APPROPRIATE PERIOD,True
0-20000-0-42591-202609290600-19,84.95,24.75,0-20000-0-42591,0-20000-0-42591-202609290600,2026-09-29T06:00:00Z,2026-09-29T06:00:00Z,past_weather2,CODE TABLE,,CLOUD COVERING MORE THAN 1/2 OF THE SKY DURING PART OF THE APPROPRIATE PERIOD AND COVERING 1/2 OR LESS DURING PART OF THE PERIOD,True
0-20000-0-42591-202609290600-2,84.95,24.75,0-20000-0-42591,0-20000-0-42591-202609290600,2026-09-29T06:00:00Z,2026-09-29T06:00:00Z,air_temperature,Celsius,30.8,,False
0-20000-0-42591-202609290600-20,84.95,24.75,0-20000-0-42591,0-20000-0-42591-202609290600,2026-09-29T06:00:00Z,2026-09-29T05:50:00Z/2026-09-29T06:00:00Z,wind_direction,deg,320.0,,False
0-20000-0-42591-202609290600-21,84.95,24.75,0-20000-0-42591,0-20000-0-42591-202609290600,2026-09-29T06:00:00Z,2026-09-29T05:50:00Z/2026-09-29T06:00:00Z,wind_speed,m/s,3.1,,False
0-20000-0-42591-202609290600-22,84.95,24.75,0-20000-0-42591,0-20000-0-42591-202609290600,2026-09-29T06:00:00Z,2026-09-29T05:50:00Z/2026-09-29T06:00:00Z,wind_speed,m/s,3.1,,False
0-20000-0-42591-202609290600-3,84.95,24.75,0-20000-0-42591,0-20000-0-42591-202609290600,2026-09-29T06:00:00Z,2026-09-29T06:00:00Z,dewpoint_temperature,Celsius,25.4,,False
0-20000-0-42591-202609290600-4,84.95,24.75,0-20000-0-42591,0-20000-0-42591-202609290600,2026-09-29T06:00:00Z,2026-09-29T06:00:00Z,horizontal_visibility,m,2000.0,,False
0-20000-0-42591-202609290600-5,84.95,24.75,0-20000-0-42591,0-20000-0-42591-202609290600,2026-09-29T06:00:00Z,2026-09-29T06:00:00Z,cloud_cover_total,%,63.0,,False
0-20000-0-42591-202609290600-6,84.95,24.75,0-20000-0-42591,0-20000-0-42591-202609290600,2026-09-29T06:00:00Z,2026-09-29T06:00:00Z,cloud_amount,CODE TABLE,,4 OKTAS,True
0-20000-0-42591-202609290600-7,84.95,24.75,0-20000-0-42591,0-20000-0-42591-202609290600,2026-09-29T06:00:00Z,2026-09-29T06:00:00Z,height_of_base_of_cloud,m,540.0,,False
0-20000-0-42591-202609290600-8,84.95,24.75,0-20000-0-42591,0-20000-0-42591-202609290600,2026-09-29T06:00:00Z,2026-09-29T06:00:00Z,cloud_type,CODE TABLE,,STRATOCUMULUS CUMULOGENITUS,True
0-20000-0-42591-202609290600-9,84.95,24.75,0-20000-0-42591,0-20000-0-42591-202609290600,2026-09-29T06:00:00Z,2026-09-29T06:00:00Z,cloud_type,CODE TABLE,,ALTOCUMULUS TRANSLUCIDUS AT A SINGLE LEVEL,True
0-20000-0-42591-202609290900-0,84.95,24.75,0-20000-0-42591,0-20000-0-42591-202609290900,2026-09-29T09:00:00Z,2026-09-29T09:00:00Z,pressure_reduced_to_mean_sea_level,hPa,1009.0,,False
0-20000-0-42591-202609290900-1,84.95,24.75,0-20000-0-42591,0-20000-0-42591-202609290900,2026-09-29T09:00:00Z,2026-09-29T09:00:00Z,24hour_pressure_change,hPa,1.2,,False
0-20000-0-42591-202609290900-10,84.95,24.75,0-20000-0-42591,0-20000-0-42591-202609290900,2026-09-29T09:00:00Z,2026-09-29T09:00:00Z,cloud_type,CODE TABLE,,NO CH CLOUDS,True
0-20000-0-42591-202609290900-11,84.95,24.75,0-20000-0-42591,0-20000-0-42591-202609290900,2026-09-29T09:00:00Z,2026-09-29T09:00:00Z,cloud_amount,CODE TABLE,,3 OKTAS,True
0-20000-0-42591-202609290900-12,84.95,24.75,0-20000-0-42591,0-20000-0-42591-202609290900,2026-09-29T09:00:00Z,2026-09-29T09:00:00Z,cloud_type,CODE TABLE,,STRATOCUMULUS (SC),True
0-20000-0-42591-202609290900-13,84.95,24.75,0-20000-0-42591,0-20000-0-42591-202609290900,2026-09-29T09:00:00Z,2026-09-29T09:00:00Z,height_of_base_of_cloud,m,540.0,,False
0-20000-0-42591-202609290900-14,84.95,24.75,0-20000-0-42591,0-20000-0-42591-202609290900,2026-09-29T09:00:00Z,2026-09-29T09:00:00Z,present_weather,CODE TABLE,,HAZE,True
0-20000-0-42591-202609290900-15,84.95,24.75,0-20000-0-42591,0-20000-0-42591-202609290900,2026-09-29T09:00:00Z,2026-09-29T09:00:00Z,past_weather1,CODE TABLE,,CLOUD COVERING MORE THAN 1/2 OF THE SKY THROUGHOUT THE APPROPRIATE PERIOD,True
0-20000-0-42591-202609290900-16,84.95,24.75,0-20000-0-42591,0-20000-0-42591-202609290900,2026-09-29T09:00:00Z,2026-09-29T09:00:00Z,past_weather2,CODE TABLE,,CLOUD COVERING MORE THAN 1/2 OF THE SKY THROUGHOUT THE APPROPRIATE PERIOD,True
0-20000-0-42591-202609290900-17,84.95,24.75,0-20000-0-42591,0-20000-0-42591-202609290900,2026-09-29T09:00:00Z,2026-09-29T08:50:00Z/2026-09-29T09:00:00Z,wind_direction,deg,290.0,,False
0-20000-0-42591-202609290900-18,84.95,24.75,0-20000-0-42591,0-20000-0-42591-202609290900,2026-09-29T09:00:00Z,2026-09-29T08:50:00Z/2026-09-29T09:00:00Z,wind_speed,m/s,3.1,,False
0-20000-0-42591-202609290900-19,84.95,24.75,0-20000-0-42591,0-20000-0-42591-202609290900,2026-09-29T09:00:00Z,2026-09-29T08:50:00Z/2026-09-29T09:00:00Z,wind_direction,deg,290.0,,False
0-20000-0-42591-202609290900-2,84.95,24.75,0-20000-0-42591,0-20000-0-42591-202609290900,2026-09-29T09:00:00Z,2026-09-29T09:00:00Z,air_temperature,Celsius,30.6,,False
0-20000-0-42591-202609290900-20,84.95,24.75,0-20000-0-42591,0-20000-0-42591-202609290900,2026-09-29T09:00:00Z,2026-09-29T08:50:00Z/2026-09-29T09:00:00Z,wind_speed,m/s,3.1,,False
0-20000-0-42591-202609290900-3,84.95,24.75,0-20000-0-42591,0-20000-0-42591-202609290900,2026-09-29T09:00:00Z,2026-09-29T09:00:00Z,dewpoint_temperature,Celsius,25.5,,False
0-20000-0-42591-202609290900-4,84.95,24.75,0-20000-0-42591,0-20000-0-42591-202609290900,2026-09-29T09:00:00Z,2026-09-29T09:00:00Z,horizontal_visibility,m,2000.0,,False
0-20000-0-42591-202609290900-5,84.95,24.75,0-20000-0-42591,0-20000-0-42591-202609290900,2026-09-29T09:00:00Z,2026-09-29T09:00:00Z,cloud_cover_total,%,75.0,,False
0-20000-0-42591-202609290900-6,84.95,24.75,0-20000-0-42591,0-20000-0-42591-202609290900,2026-09-29T09:00:00Z,2026-09-29T09:00:00Z,cloud_amount,CODE TABLE,,4 OKTAS,True
0-20000-0-42591-202609290900-7,84.95,24.75,0-20000-0-42591,0-20000-0-42591-202609290900,2026-09-29T09:00:00Z,2026-09-29T09:00:00Z,height_of_base_of_cloud,m,540.0,,False
0-20000-0-42591-202609290900-8,84.95,24.75,0-20000-0-42591,0-20000-0-42591-202609290900,2026-09-29T09:00:00Z,2026-09-29T09:00:00Z,cloud_type,CODE TABLE,,STRATOCUMULUS CUMULOGENITUS,True
0-20000-0-42591-202609290900-9,84.95,24.75,0-20000-0-42591,0-20000-0-42591-202609290900,2026-09-29T09:00:00Z,2026-09-29T09:00:00Z,cloud_type,CODE TABLE,,ALTOCUMULUS TRANSLUCIDUS AT A SINGLE LEVEL,True
0-20000-0-42591-202609291200-0,84.95,24.75,0-20000-0-42591,0-20000-0-42591-202609291200,2026-09-29T12:00:00Z,2026-09-29T12:00:00Z,pressure_reduced_to_mean_sea_level,hPa,1008.7,,False
0-20000-0-42591-202609291200-1,84.95,24.75,0-20000-0-42591,0-20000-0-42591-202609291200,2026-09-29T12:00:00Z,2026-09-29T12:00:00Z,24hour_pressure_change,hPa,0.8,,False
0-20000-0-42591-202609291200-10,84.95,24.75,0-20000-0-42591,0-20000-0-42591-202609291200,2026-09-29T12:00:00Z,2026-09-29T12:00:00Z,cloud_type,CODE TABLE,,NO CH CLOUDS,True
0-20000-0-42591-202609291200-11,84.95,24.75,0-20000-0-42591,0-20000-0-42591-202609291200,2026-09-29T12:00:00Z,2026-09-29T12:00:00Z,cloud_amount,CODE TABLE,,3 OKTAS,True
0-20000-0-42591-202609291200-12,84.95,24.75,0-20000-0-42591,0-20000-0-42591-202609291200,2026-09-29T12:00:00Z,2026-09-29T12:00:00Z,cloud_type,CODE TABLE,,STRATOCUMULUS (SC),True
0-20000-0-42591-202609291200-13,84.95,24.75,0-20000-0-42591,0-20000-0-42591-202609291200,2026-09-29T12:00:00Z,2026-09-29T12:00:00Z,height_of_base_of_cloud,m,540.0,,False
0-20000-0-42591-202609291200-14,84.95,24.75,0-20000-0-42591,0-20000-0-42591-202609291200,2026-09-29T12:00:00Z,2026-09-29T12:00:00Z,present_weather,CODE TABLE,,MIST,True
0-20000-0-42591-202609291200-15,84.95,24.75,0-20000-0-42591,0-20000-0-42591-202609291200,2026-09-29T12:00:00Z,2026-09-29T12:00:00Z,past_weather1,CODE TABLE,,CLOUD COVERING MORE THAN 1/2 OF THE SKY DURING PART OF THE APPROPRIATE PERIOD AND COVERING 1/2 OR LESS DURING PART OF THE PERIOD,True
0-20000-0-42591-202609291200-16,84.95,24.75,0-20000-0-42591,0-20000-0-42591-202609291200,2026-09-29T12:00:00Z,2026-09-29T12:00:00Z,past_weather2,CODE TABLE,,CLOUD COVERING 1/2 OR LESS OF THE SKY THROUGHOUT THE APPROPRIATE PERIOD,True
0-20000-0-42591-202609291200-17,84.95,24.75,0-20000-0-42591,0-20000-0-42591-202609291200,2026-09-29T12:00:00Z,2026-09-29T11:50:00Z/2026-09-29T12:00:00Z,wind_direction,deg,0.0,,False
0-20000-0-42591-202609291200-18,84.95,24.75,0-20000-0-42591,0-20000-0-42591-202609291200,2026-09-29T12:00:00Z,2026-09-29T11:50:00Z/2026-09-29T12:00:00Z,wind_speed,m/s,0.0,,False
0-20000-0-42591-202609291200-19,84.95,24.75,0-20000-0-42591,0-20000-0-42591-202609291200,2026-09-29T12:00:00Z,2026-09-29T11:00:00Z/2026-09-29T12:00:00Z,maximum_temperature_at_height_and_over_period_specified,Celsius,31.8,,False
0-20000-0-42591-202609291200-2,84.95,24.75,0-20000-0-42591,0-20000-0-42591-202609291200,2026-09-29T12:00:00Z,2026-09-29T12:00:00Z,air_temperature,Celsius,30.0,,False
0-20000-0-42591-202609291200-20,84.95,24.75,0-20000-0-42591,0-20000-0-42591-202609291200,2026-09-29T12:00:00Z,2026-09-29T00:00:00Z/2026-09-29T12:00:00Z,maximum_temperature_at_height_and_over_period_specified,Celsius,31.8,,False
0-20000-0-42591-202609291200-3,84.95,24.75,0-20000-0-42591,0-20000-0-42591-202609291200,2026-09-29T12:00:00Z,2026-09-29T12:00:00Z,dewpoint_temperature,Celsius,26.1,,False
0-20000-0-42591-202609291200-4,84.95,24.75,0-20000-0-42591,0-20000-0-42591-202609291200,2026-09-29T12:00:00Z,2026-09-29T12:00:00Z,horizontal_visibility,m,2000.0,,False
0-20000-0-42591-202609291200-5,84.95,24.75,0-20000-0-42591,0-20000-0-42591-202609291200,2026-09-29T12:00:00Z,2026-09-29T12:00:00Z,cloud_cover_total,%,38.0,,False
0-20000-0-42591-202609291200-6,84.95,24.75,0-20000-0-42591,0-20000-0-42591-202609291200,2026-09-29T12:00:00Z,2026-09-29T12:00:00Z,cloud_amount,CODE TABLE,,3 OKTAS,True
0-20000-0-42591-202609291200-7,84.95,24.75,0-20000-0-42591,0-20000-0-42591-202609291200,2026-09-29T12:00:00Z,2026-09-29T12:00:00Z,height_of_base_of_cloud,m,540.0,,False
0-20000-0-42591-202609291200-8,84.95,24.75,0-20000-0-42591,0-20000-0-42591-202609291200,2026-09-29T12:00:00Z,2026-09-29T12:00:00Z,cloud_type,CODE TABLE,,STRATOCUMULUS OTHER THAN STRATOCUMULUS CUMULOGENITUS,True
0-20000-0-42591-202609291200-9,84.95,24.75,0-20000-0-42591,0-20000-0-42591-202609291200,2026-09-29T12:00:00Z,2026-09-29T12:00:00Z,cloud_type,CODE TABLE,,NO CM CLOUDS,True
0-20000-0-42591-202609291500-0,84.95,24.75,0-20000-0-42591,0-20000-0-42591-202609291500,2026-09-29T15:00:00Z,2026-09-29T15:00:00Z,pressure_reduced_to_mean_sea_level,hPa,1010.9,,False
0-20000-0-42591-202609291500-1,84.95,24.75,0-20000-0-42591,0-20000-0-42591-202609291500,2026-09-29T15:00:00Z,2026-09-29T15:00:00Z,24hour_pressure_change,hPa,0.8,,False
0-20000-0-42591-202609291500-10,84.95,24.75,0-20000-0-42591,0-20000-0-42591-202609291500,2026-09-29T15:00:00Z,2026-09-29T15:00:00Z,cloud_type,CODE TABLE,,NO CH CLOUDS,True
0-20000-0-42591-202609291500-11,84.95,24.75,0-20000-0-42591,0-20000-0-42591-202609291500,2026-09-29T15:00:00Z,2026-09-29T15:00:00Z,cloud_amount,CODE TABLE,,3 OKTAS,True
0-20000-0-42591-202609291500-12,84.95,24.75,0-20000-0-42591,0-20000-0-42591-202609291500,2026-09-29T15:00:00Z,2026-09-29T15:00:00Z,cloud_type,CODE TABLE,,STRATOCUMULUS (SC),True
0-20000-0-42591-202609291500-13,84.95,24.75,0-20000-0-42591,0-20000-0-42591-202609291500,2026-09-29T15:00:00Z,2026-09-29T15:00:00Z,height_of_base_of_cloud,m,540.0,,False
0-20000-0-42591-202609291500-14,84.95,24.75,0-20000-0-42591,0-20000-0-42591-202609291500,2026-09-29T15:00:00Z,2026-09-29T15:00:00Z,present_weather,CODE TABLE,,MIST,True
0-20000-0-42591-202609291500-15,84.95,24.75,0-20000-0-42591,0-20000-0-42591-202609291500,2026-09-29T15:00:00Z,2026-09-29T15:00:00Z,past_weather1,CODE TABLE,,CLOUD COVERING 1/2 OR LESS OF THE SKY THROUGHOUT THE APPROPRIATE PERIOD,True
0-20000-0-42591-202609291500-16,84.95,24.75,0-20000-0-42591,0-20000-0-42591-202609291500,2026-09-29T15:00:00Z,2026-09-29T15:00:00Z,past_weather2,CODE TABLE,,CLOUD COVERING 1/2 OR LESS OF THE SKY THROUGHOUT THE APPROPRIATE PERIOD,True
0-20000-0-42591-202609291500-17,84.95,24.75,0-20000-0-42591,0-20000-0-42591-202609291500,2026-09-29T15:00:00Z,2026-09-29T14:50:00Z/2026-09-29T15:00:00Z,wind_direction,deg,0.0,,False
0-20000-0-42591-202609291500-18,84.95,24.75,0-20000-0-42591,0-20000-0-42591-202609291500,2026-09-29T15:00:00Z,2026-09-29T14:50:00Z/2026-09-29T15:00:00Z,wind_speed,m/s,0.0,,False
0-20000-0-42591-202609291500-2,84.95,24.75,0-20000-0-42591,0-20000-0-42591-202609291500,2026-09-29T15:00:00Z,2026-09-29T15:00:00Z,air_temperature,Celsius,28.0,,False
0-20000-0-42591-202609291500-3,84.95,24.75,0-20000-0-42591,0-20000-0-42591-202609291500,2026-09-29T15:00:00Z,2026-09-29T15:00:00Z,dewpoint_temperature,Celsius,25.4,,False
0-20000-0-42591-202609291500-4,84.95,24.75,0-20000-0-42591,0-20000-0-42591-202609291500,2026-09-29T15:00:00Z,2026-09-29T15:00:00Z,horizontal_visibility,m,2000.0,,False
0-20000-0-42591-202609291500-5,84.95,24.75,0-20000-0-42591,0-20000-0-42591-202609291500,2026-09-29T15:00:00Z,2026-09-29T15:00:00Z,cloud_cover_total,%,38.0,,False
0-20000-0-42591-202609291500-6,84.95,24.75,0-20000-0-42591,0-20000-0-42591-202609291500,2026-09-29T15:00:00Z,2026-09-29T15:00:00Z,cloud_amount,CODE TABLE,,3 OKTAS,True
0-20000-0-42591-202609291500-7,84.95,24.75,0-20000-0-42591,0-20000-0-42591-202609291500,2026-09-29T15:00:00Z,2026-09-29T15:00:00Z,height_of_base_of_cloud,m,540.0,,False
0-20000-0-42591-202609291500-8,84.95,24.75,0-20000-0-42591,0-20000-0-42591-202609291500,2026-09-29T15:00:00Z,2026-09-29T15:00:00Z,cloud_type,CODE TABLE,,STRATOCUMULUS OTHER THAN STRATOCUMULUS CUMULOGENITUS,True
0-20000-0-42591-202609291500-9,84.95,24.75,0-20000-0-42591,0-20000-0-42591-202609291500,2026-09-29T15:00:00Z,2026-09-29T15:00:00Z,cloud_type,CODE TABLE,,NO CM CLOUDS,True
0-20000-0-42591-202609291800-0,84.95,24.75,0-20000-0-42591,0-20000-0-42591-202609291800,2026-09-29T18:00:00Z,2026-09-29T18:00:00Z,pressure_reduced_to_mean_sea_level,hPa,1010.3,,False
0-20000-0-42591-202609291800-1,84.95,24.75,0-20000-0-42591,0-20000-0-42591-202609291800,2026-09-29T18:00:00Z,2026-09-29T18:00:00Z,24hour_pressure_change,hPa,-0.2,,False
0-20000-0-42591-202609291800-10,84.95,24.75,0-20000-0-42591,0-20000-0-42591-202609291800,2026-09-29T18:00:00Z,2026-09-29T18:00:00Z,cloud_type,CODE TABLE,,NO CH CLOUDS,True
0-20000-0-42591-202609291800-11,84.95,24.75,0-20000-0-42591,0-20000-0-42591-202609291800,2026-09-29T18:00:00Z,2026-09-29T18:00:00Z,cloud_amount,CODE TABLE,,"1 OKTA OR LESS, BUT NOT ZERO",True
0-20000-0-42591-202609291800-12,84.95,24.75,0-20000-0-42591,0-20000-0-42591-202609291800,2026-09-29T18:00:00Z,2026-09-29T18:00:00Z,cloud_type,CODE TABLE,,STRATOCUMULUS (SC),True
0-20000-0-42591-202609291800-13,84.95,24.75,0-20000-0-42591,0-20000-0-42591-202609291800,2026-09-29T18:00:00Z,2026-09-29T18:00:00Z,height_of_base_of_cloud,m,600.0,,False
0-20000-0-42591-202609291800-14,84.95,24.75,0-20000-0-42591,0-20000-0-42591-202609291800,2026-09-29T18:00:00Z,2026-09-29T18:00:00Z,present_weather,CODE TABLE,,MIST,True
0-20000-0-42591-202609291800-15,84.95,24.75,0-20000-0-42591,0-20000-0-42591-202609291800,2026-09-29T18:00:00Z,2026-09-29T18:00:00Z,past_weather1,CODE TABLE,,CLOUD COVERING 1/2 OR LESS OF THE SKY THROUGHOUT THE APPROPRIATE PERIOD,True
0-20000-0-42591-202609291800-16,84.95,24.75,0-20000-0-42591,0-20000-0-42591-202609291800,2026-09-29T18:00:00Z,2026-09-29T18:00:00Z,past_weather2,CODE TABLE,,CLOUD COVERING 1/2 OR LESS OF THE SKY THROUGHOUT THE APPROPRIATE PERIOD,True
0-20000-0-42591-202609291800-17,84.95,24.75,0-20000-0-42591,0-20000-0-42591-202609291800,2026-09-29T18:00:00Z,2026-09-29T17:50:00Z/2026-09-29T18:00:00Z,wind_direction,deg,0.0,,False
0-20000-0-42591-202609291800-18,84.95,24.75,0-20000-0-42591,0-20000-0-42591-202609291800,2026-09-29T18:00:00Z,2026-09-29T17:50:00Z/2026-09-29T18:00:00Z,wind_speed,m/s,0.0,,False
0-20000-0-42591-202609291800-19,84.95,24.75,0-20000-0-42591,0-20000-0-42591-202609291800,2026-09-29T18:00:00Z,2026-09-29T17:50:00Z/2026-09-29T18:00:00Z,wind_speed,m/s,0.0,,False
0-20000-0-42591-202609291800-2,84.95,24.75,0-20000-0-42591,0-20000-0-42591-202609291800,2026-09-29T18:00:00Z,2026-09-29T18:00:00Z,air_temperature,Celsius,26.4,,False
0-20000-0-42591-202609291800-3,84.95,24.75,0-20000-0-42591,0-20000-0-42591-202609291800,2026-09-29T18:00:00Z,2026-09-29T18:00:00Z,dewpoint_temperature,Celsius,25.0,,False
0-20000-0-42591-202609291800-4,84.95,24.75,0-20000-0-42591,0-20000-0-42591-202609291800,2026-09-29T18:00:00Z,2026-09-29T18:00:00Z,horizontal_visibility,m,2000.0,,False
0-20000-0-42591-202609291800-5,84.95,24.75,0-20000-0-42591,0-20000-0-42591-202609291800,2026-09-29T18:00:00Z,2026-09-29T18:00:00Z,cloud_cover_total,%,13.0,,False
0-20000-0-42591-202609291800-6,84.95,24.75,0-20000-0-42591,0-20000-0-42591-202609291800,2026-09-29T18:00:00Z,2026-09-29T18:00:00Z,cloud_amount,CODE TABLE,,"1 OKTA OR LESS, BUT NOT ZERO",True
0-20000-0-42591-202609291800-7,84.95,24.75,0-20000-0-42591,0-20000-0-42591-202609291800,2026-09-29T18:00:00Z,2026-09-29T18:00:00Z,height_of_base_of_cloud,m,600.0,,False
0-20000-0-42591-202609291800-8,84.95,24.75,0-20000-0-42591,0-20000-0-42591-202609291800,2026-09-29T18:00:00Z,2026-09-29T18:00:00Z,cloud_type,CODE TABLE,,STRATOCUMULUS OTHER THAN STRATOCUMULUS CUMULOGENITUS,True
0-20000-0-42591-202609291800-9,84.95,24.75,0-20000-0-42591,0-20000-0-42591-202609291800,2026-09-29T18:00:00Z,2026-09-29T18:00:00Z,cloud_type,CODE TABLE,,NO CM CLOUDS,True
0-20000-0-42591-202609292100-0,84.95,24.75,0-20000-0-42591,0-20000-0-42591-202609292100,2026-09-29T21:00:00Z,2026-09-29T21:00:00Z,pressure_reduced_to_mean_sea_level,hPa,1009.9,,False
0-20000-0-42591-202609292100-1,84.95,24.75,0-20000-0-42591,0-20000-0-42591-202609292100,2026-09-29T21:00:00Z,2026-09-29T21:00:00Z,24hour_pressure_change,hPa,0.5,,False
0-20000-0-42591-202609292100-10,84.95,24.75,0-20000-0-42591,0-20000-0-42591-202609292100,2026-09-29T21:00:00Z,2026-09-29T21:00:00Z,cloud_type,CODE TABLE,,NO CH CLOUDS,True
0-20000-0-42591-202609292100-11,84.95,24.75,0-20000-0-42591,0-20000-0-42591-202609292100,2026-09-29T21:00:00Z,2026-09-29T21:00:00Z,present_weather,CODE TABLE,,MIST,True
0-20000-0-42591-202609292100-12,84.95,24.75,0-20000-0-42591,0-20000-0-42591-202609292100,2026-09-29T21:00:00Z,2026-09-29T21:00:00Z,past_weather1,CODE TABLE,,CLOUD COVERING 1/2 OR LESS OF THE SKY THROUGHOUT THE APPROPRIATE PERIOD,True
0-20000-0-42591-202609292100-13,84.95,24.75,0-20000-0-42591,0-20000-0-42591-202609292100,2026-09-29T21:00:00Z,2026-09-29T21:00:00Z,past_weather2,CODE TABLE,,CLOUD COVERING 1/2 OR LESS OF THE SKY THROUGHOUT THE APPROPRIATE PERIOD,True
0-20000-0-42591-202609292100-14,84.95,24.75,0-20000-0-42591,0-20000-0-42591-202609292100,2026-09-29T21:00:00Z,2026-09-29T20:50:00Z/2026-09-29T21:00:00Z,wind_direction,deg,0.0,,False
0-20000-0-42591-202609292100-15,84.95,24.75,0-20000-0-42591,0-20000-0-42591-202609292100,2026-09-29T21:00:00Z,2026-09-29T20:50:00Z/2026-09-29T21:00:00Z,wind_speed,m/s,0.0,,False
0-20000-0-42591-202609292100-16,84.95,24.75,0-20000-0-42591,0-20000-0-42591-202609292100,2026-09-29T21:00:00Z,2026-09-29T20:50:00Z/2026-09-29T21:00:00Z,wind_direction,deg,0.0,,False
0-20000-0-42591-202609292100-17,84.95,24.75,0-20000-0-42591,0-20000-0-42591-202609292100,2026-09-29T21:00:00Z,2026-09-29T20:50:00Z/2026-09-29T21:00:00Z,wind_speed,m/s,0.0,,False
0-20000-0-42591-202609292100-2,84.95,24.75,0-20000-0-42591,0-20000-0-42591-202609292100,2026-09-29T21:00:00Z,2026-09-29T21:00:00Z,air_temperature,Celsius,25.6,,False
0-20000-0-42591-202609292100-3,84.95,24.75,0-20000-0-42591,0-20000-0-42591-202609292100,2026-09-29T21:00:00Z,2026-09-29T21:00:00Z,dewpoint_temperature,Celsius,24.4,,False
0-20000-0-42591-202609292100-4,84.95,24.75,0-20000-0-42591,0-20000-0-42591-202609292100,2026-09-29T21:00:00Z,2026-09-29T21:00:00Z,horizontal_visibility,m,1000.0,,False
0-20000-0-42591-202609292100-5,84.95,24.75,0-20000-0-42591,0-20000-0-42591-202609292100,2026-09-29T21:00:00Z,2026-09-29T21:00:00Z,cloud_cover_total,%,13.0,,False
0-20000-0-42591-202609292100-6,84.95,24.75,0-20000-0-42591,0-20000-0-42591-202609292100,2026-09-29T21:00:00Z,2026-09-29T21:00:00Z,cloud_amount,CODE TABLE,,"1 OKTA OR LESS, BUT NOT ZERO",True
0-20000-0-42591-202609292100-7,84.95,24.75,0-20000-0-42591,0-20000-0-42591-202609292100,2026-09-29T21:00:00Z,2026-09-29T21:00:00Z,height_of_base_of_cloud,m,600.0,,False
0-20000-0-42591-202609292100-8,84.95,24.75,0-20000-0-42591,0-20000-0-42591-202609292100,2026-09-29T21:00:00Z,2026-09-29T21:00:00Z,cloud_type,CODE TABLE,,STRATOCUMULUS OTHER THAN STRATOCUMULUS CUMULOGENITUS,True
0-20000-0-42591-202609292100-9,84.95,24.75,0-20000-0-42591,0-20000-0-42591-202609292100,2026-09-29T21:00:00Z,2026-09-29T21:00:00Z,cloud_type,CODE TABLE,,NO CM CLOUDS,True
