{"type":"FeatureCollection","features":[{"geometry":{"coordinates":[85.1,25.6],"type":"Point"},"id":"0-20000-0-42492-202609290000-18","properties":{"description":null,"name":"wind_speed","phenomenonTime":"2026-09-28T23:50:00Z/2026-09-29T00:00:00Z","reportId":"0-20000-0-42492-202609290000","reportTime":"2026-09-29T00:00:00Z","units":"m/s","value":0.0,"wigos_station_identifier":"0-20000-0-42492","id":"0-20000-0-42492-202609290000-18"},"type":"Feature"},{"geometry":{"coordinates":[84.06667,24.05],"type":"Point"},"id":"0-20000-0-42587-202609290000-0","properties":{"description":null,"name":"pressure_reduced_to_mean_sea_level","phenomenonTime":"2026-09-29T00:00:00Z","reportId":"0-20000-0-42587-202609290000","reportTime":"2026-09-29T00:00:00Z","units":"hPa","value":1011.2,"wigos_station_identifier":"0-20000-0-42587","id":"0-20000-0-42587-202609290000-0"},"type":"Feature"},{"geometry":{"coordinates":[84.06667,24.05],"type":"Point"},"id":"0-20000-0-42587-202609290000-1","properties":{"description":null,"name":"24hour_pressure_change","phenomenonTime":"2026-09-29T00:00:00Z","reportId":"0-20000-0-42587-202609290000","reportTime":"2026-09-29T00:00:00Z","units":"hPa","value":2.8,"wigos_station_identifier":"0-20000-0-42587","id":"0-20000-0-42587-202609290000-1"},"type":"Feature"},{"geometry":{"coordinates":[84.06667,24.05],"type":"Point"},"id":"0-20000-0-42587-202609290000-2","properties":{"description":null,"name":"air_temperature","phenomenonTime":"2026-09-29T00:00:00Z","reportId":"0-20000-0-42587-202609290000","reportTime":"2026-09-29T00:00:00Z","units":"Celsius","value":24.0,"wigos_station_identifier":"0-20000-0-42587","id":"0-20000-0-42587-202609290000-2"},"type":"Feature"},{"geometry":{"coordinates":[84.06667,24.05],"type":"Point"},"id":"0-20000-0-42587-202609290000-3","properties":{"description":null,"name":"dewpoint_temperature","phenomenonTime":"2026-09-29T00:00:00Z","reportId":"0-20000-0-42587-202609290000","reportTime":"2026-09-29T00:00:00Z","units":"Celsius","value":22.8,"wigos_station_identifier":"0-20000-0-42587","id":"0-20000-0-42587-202609290000-3"},"type":"Feature"},{"geometry":{"coordinates":[84.06667,24.05],"type":"Point"},"id":"0-20000-0-42587-202609290000-4","properties":{"description":null,"name":"horizontal_visibility","phenomenonTime":"2026-09-29T00:00:00Z","reportId":"0-20000-0-42587-202609290000","reportTime":"2026-09-29T00:00:00Z","units":"m","value":2000.0,"wigos_station_identifier":"0-20000-0-42587","id":"0-20000-0-42587-202609290000-4"},"type":"Feature"},{"geometry":{"coordinates":[84.06667,24.05],"type":"Point"},"id":"0-20000-0-42587-202609290000-5","properties":{"description":null,"name":"cloud_cover_total","phenomenonTime":"2026-09-29T00:00:00Z","reportId":"0-20000-0-42587-202609290000","reportTime":"2026-09-29T00:00:00Z","units":"%","value":0.0,"wigos_station_identifier":"0-20000-0-42587","id":"0-20000-0-42587-202609290000-5"},"type":"Feature"},{"geometry":{"coordinates":[84.06667,24.05],"type":"Point"},"id":"0-20000-0-42587-202609290000-6","properties":{"description":"0","name":"cloud_amount","phenomenonTime":"2026-09-29T00:00:00Z","reportId":"0-20000-0-42587-202609290000","reportTime":"2026-09-29T00:00:00Z","units":"CODE TABLE","value":null,"wigos_station_identifier":"0-20000-0-42587","id":"0-20000-0-42587-202609290000-6"},"type":"Feature"},{"geometry":{"coordinates":[84.06667,24.05],"type":"Point"},"id":"0-20000-0-42587-202609290000-7","properties":{"description":"NO CL CLOUDS","name":"cloud_type","phenomenonTime":"2026-09-29T00:00:00Z","reportId":"0-20000-0-42587-202609290000","reportTime":"2026-09-29T00:00:00Z","units":"CODE TABLE","value":null,"wigos_station_identifier":"0-20000-0-42587","id":"0-20000-0-42587-202609290000-7"},"type":"Feature"},{"geometry":{"coordinates":[84.06667,24.05],"type":"Point"},"id":"0-20000-0-42587-202609290000-8","properties":{"description":"NO CM CLOUDS","name":"cloud_type","phenomenonTime":"2026-09-29T00:00:00Z","reportId":"0-20000-0-42587-202609290000","reportTime":"2026-09-29T00:00:00Z","units":"CODE TABLE","value":null,"wigos_station_identifier":"0-20000-0-42587","id":"0-20000-0-42587-202609290000-8"},"type":"Feature"},{"geometry":{"coordinates":[84.06667,24.05],"type":"Point"},"id":"0-20000-0-42587-202609290000-9","properties":{"description":"NO CH CLOUDS","name":"cloud_type","phenomenonTime":"2026-09-29T00:00:00Z","reportId":"0-20000-0-42587-202609290000","reportTime":"2026-09-29T00:00:00Z","units":"CODE TABLE","value":null,"wigos_station_identifier":"0-20000-0-42587","id":"0-20000-0-42587-202609290000-9"},"type":"Feature"},{"geometry":{"coordinates":[84.06667,24.05],"type":"Point"},"id":"0-20000-0-42587-202609290000-10","properties":{"description":"HAZE","name":"present_weather","phenomenonTime":"2026-09-29T00:00:00Z","reportId":"0-20000-0-42587-202609290000","reportTime":"2026-09-29T00:00:00Z","units":"CODE TABLE","value":null,"wigos_station_identifier":"0-20000-0-42587","id":"0-20000-0-42587-202609290000-10"},"type":"Feature"},{"geometry":{"coordinates":[84.06667,24.05],"type":"Point"},"id":"0-20000-0-42587-202609290000-11","properties":{"description":"CLOUD COVERING 1/2 OR LESS OF THE SKY THROUGHOUT THE APPROPRIATE PERIOD","name":"past_weather1","phenomenonTime":"2026-09-29T00:00:00Z","reportId":"0-20000-0-42587-202609290000","reportTime":"2026-09-29T00:00:00Z","units":"CODE TABLE","value":null,"wigos_station_identifier":"0-20000-0-42587","id":"0-20000-0-42587-202609290000-11"},"type":"Feature"},{"geometry":{"coordinates":[84.06667,24.05],"type":"Point"},"id":"0-20000-0-42587-202609290000-12","properties":{"description":"CLOUD COVERING 1/2 OR LESS OF THE SKY THROUGHOUT THE APPROPRIATE PERIOD","name":"past_weather2","phenomenonTime":"2026-09-29T00:00:00Z","reportId":"0-20000-0-42587-202609290000","reportTime":"2026-09-29T00:00:00Z","units":"CODE TABLE","value":null,"wigos_station_identifier":"0-20000-0-42587","id":"0-20000-0-42587-202609290000-12"},"type":"Feature"},{"geometry":{"coordinates":[84.06667,24.05],"type":"Point"},"id":"0-20000-0-42587-202609290000-13","properties":{"description":null,"name":"wind_direction","phenomenonTime":"2026-09-28T23:50:00Z/2026-09-29T00:00:00Z","reportId":"0-20000-0-42587-202609290000","reportTime":"2026-09-29T00:00:00Z","units":"deg","value":0.0,"wigos_station_identifier":"0-20000-0-42587","id":"0-20000-0-42587-202609290000-13"},"type":"Feature"},{"geometry":{"coordinates":[84.06667,24.05],"type":"Point"},"id":"0-20000-0-42587-202609290000-14","properties":{"description":null,"name":"wind_speed","phenomenonTime":"2026-09-28T23:50:00Z/2026-09-29T00:00:00Z","reportId":"0-20000-0-42587-202609290000","reportTime":"2026-09-29T00:00:00Z","units":"m/s","value":0.0,"wigos_station_identifier":"0-20000-0-42587","id":"0-20000-0-42587-202609290000-14"},"type":"Feature"},{"geometry":{"coordinates":[84.95,24.75],"type":"Point"},"id":"0-20000-0-42591-202609290000-0","properties":{"description":null,"name":"pressure_reduced_to_mean_sea_level","phenomenonTime":"2026-09-29T00:00:00Z","reportId":"0-20000-0-42591-202609290000","reportTime":"2026-09-29T00:00:00Z","units":"hPa","value":1009.8,"wigos_station_identifier":"0-20000-0-42591","id":"0-20000-0-42591-202609290000-0"},"type":"Feature"},{"geometry":{"coordinates":[84.95,24.75],"type":"Point"},"id":"0-20000-0-42591-202609290000-1","properties":{"description":null,"name":"24hour_pressure_change","phenomenonTime":"2026-09-29T00:00:00Z","reportId":"0-20000-0-42591-202609290000","reportTime":"2026-09-29T00:00:00Z","units":"hPa","value":1.3,"wigos_station_identifier":"0-20000-0-42591","id":"0-20000-0-42591-202609290000-1"},"type":"Feature"},{"geometry":{"coordinates":[84.95,24.75],"type":"Point"},"id":"0-20000-0-42591-202609290000-2","properties":{"description":null,"name":"air_temperature","phenomenonTime":"2026-09-29T00:00:00Z","reportId":"0-20000-0-42591-202609290000","reportTime":"2026-09-29T00:00:00Z","units":"Celsius","value":26.0,"wigos_station_identifier":"0-20000-0-42591","id":"0-20000-0-42591-202609290000-2"},"type":"Feature"},{"geometry":{"coordinates":[84.95,24.75],"type":"Point"},"id":"0-20000-0-42591-202609290000-3","properties":{"description":null,"name":"dewpoint_temperature","phenomenonTime":"2026-09-29T00:00:00Z","reportId":"0-20000-0-42591-202609290000","reportTime":"2026-09-29T00:00:00Z","units":"Celsius","value":24.9,"wigos_station_identifier":"0-20000-0-42591","id":"0-20000-0-42591-202609290000-3"},"type":"Feature"},{"geometry":{"coordinates":[84.95,24.75],"type":"Point"},"id":"0-20000-0-42591-202609290000-4","properties":{"description":null,"name":"horizontal_visibility","phenomenonTime":"2026-09-29T00:00:00Z","reportId":"0-20000-0-42591-202609290000","reportTime":"2026-09-29T00:00:00Z","units":"m","value":1000.0,"wigos_station_identifier":"0-20000-0-42591","id":"0-20000-0-42591-202609290000-4"},"type":"Feature"},{"geometry":{"coordinates":[84.95,24.75],"type":"Point"},"id":"0-20000-0-42591-202609290000-5","properties":{"description":null,"name":"cloud_cover_total","phenomenonTime":"2026-09-29T00:00:00Z","reportId":"0-20000-0-42591-202609290000","reportTime":"2026-09-29T00:00:00Z","units":"%","value":75.0,"wigos_station_identifier":"0-20000-0-42591","id":"0-20000-0-42591-202609290000-5"},"type":"Feature"},{"geometry":{"coordinates":[84.95,24.75],"type":"Point"},"id":"0-20000-0-42591-202609290000-6","properties":{"description":"3 OKTAS","name":"cloud_amount","phenomenonTime":"2026-09-29T00:00:00Z","reportId":"0-20000-0-42591-202609290000","reportTime":"2026-09-29T00:00:00Z","units":"CODE TABLE","value":null,"wigos_station_identifier":"0-20000-0-42591","id":"0-20000-0-42591-202609290000-6"},"type":"Feature"},{"geometry":{"coordinates":[84.95,24.75],"type":"Point"},"id":"0-20000-0-42591-202609290000-8","properties":{"description":"STRATOCUMULUS OTHER THAN STRATOCUMULUS CUMULOGENITUS","name":"cloud_type","phenomenonTime":"2026-09-29T00:00:00Z","reportId":"0-20000-0-42591-202609290000","reportTime":"2026-09-29T00:00:00Z","units":"CODE TABLE","value":null,"wigos_station_identifier":"0-20000-0-42591","id":"0-20000-0-42591-202609290000-8"},"type":"Feature"},{"geometry":{"coordinates":[84.95,24.75],"type":"Point"},"id":"0-20000-0-42591-202609290000-9","properties":{"description":"ALTOCUMULUS TRANSLUCIDUS AT A SINGLE LEVEL","name":"cloud_type","phenomenonTime":"2026-09-29T00:00:00Z","reportId":"0-20000-0-42591-202609290000","reportTime":"2026-09-29T00:00:00Z","units":"CODE TABLE","value":null,"wigos_station_identifier":"0-20000-0-42591","id":"0-20000-0-42591-202609290000-9"},"type":"Feature"},{"geometry":{"coordinates":[84.95,24.75],"type":"Point"},"id":"0-20000-0-42591-202609290000-10","properties":{"description":"NO CH CLOUDS","name":"cloud_type","phenomenonTime":"2026-09-29T00:00:00Z","reportId":"0-20000-0-42591-202609290000","reportTime":"2026-09-29T00:00:00Z","units":"CODE TABLE","value":null,"wigos_station_identifier":"0-20000-0-42591","id":"0-20000-0-42591-202609290000-10"},"type":"Feature"},{"geometry":{"coordinates":[84.95,24.75],"type":"Point"},"id":"0-20000-0-42591-202609290000-11","properties":{"description":"3 OKTAS","name":"cloud_amount","phenomenonTime":"2026-09-29T00:00:00Z","reportId":"0-20000-0-42591-202609290000","reportTime":"2026-09-29T00:00:00Z","units":"CODE TABLE","value":null,"wigos_station_identifier":"0-20000-0-42591","id":"0-20000-0-42591-202609290000-11"},"type":"Feature"},{"geometry":{"coordinates":[84.95,24.75],"type":"Point"},"id":"0-20000-0-42591-202609290000-12","properties":{"description":"STRATOCUMULUS (SC)","name":"cloud_type","phenomenonTime":"2026-09-29T00:00:00Z","reportId":"0-20000-0-42591-202609290000","reportTime":"2026-09-29T00:00:00Z","units":"CODE TABLE","value":null,"wigos_station_identifier":"0-20000-0-42591","id":"0-20000-0-42591-202609290000-12"},"type":"Feature"},{"geometry":{"coordinates":[84.95,24.75],"type":"Point"},"id":"0-20000-0-42591-202609290000-13","properties":{"description":null,"name":"height_of_base_of_cloud","phenomenonTime":"2026-09-29T00:00:00Z","reportId":"0-20000-0-42591-202609290000","reportTime":"2026-09-29T00:00:00Z","units":"m","value":540.0,"wigos_station_identifier":"0-20000-0-42591","id":"0-20000-0-42591-202609290000-13"},"type":"Feature"},{"geometry":{"coordinates":[84.95,24.75],"type":"Point"},"id":"0-20000-0-42591-202609290000-14","properties":{"description":"MIST","name":"present_weather","phenomenonTime":"2026-09-29T00:00:00Z","reportId":"0-20000-0-42591-202609290000","reportTime":"2026-09-29T00:00:00Z","units":"CODE TABLE","value":null,"wigos_station_identifier":"0-20000-0-42591","id":"0-20000-0-42591-202609290000-14"},"type":"Feature"},{"geometry":{"coordinates":[84.95,24.75],"type":"Point"},"id":"0-20000-0-42591-202609290000-15","properties":{"description":"RAIN","name":"past_weather1","phenomenonTime":"2026-09-29T00:00:00Z","reportId":"0-20000-0-42591-202609290000","reportTime":"2026-09-29T00:00:00Z","units":"CODE TABLE","value":null,"wigos_station_identifier":"0-20000-0-42591","id":"0-20000-0-42591-202609290000-15"},"type":"Feature"},{"geometry":{"coordinates":[84.95,24.75],"type":"Point"},"id":"0-20000-0-42591-202609290000-16","properties":{"description":"CLOUD COVERING MORE THAN 1/2 OF THE SKY THROUGHOUT THE APPROPRIATE PERIOD","name":"past_weather2","phenomenonTime":"2026-09-29T00:00:00Z","reportId":"0-20000-0-42591-202609290000","reportTime":"2026-09-29T00:00:00Z","units":"CODE TABLE","value":null,"wigos_station_identifier":"0-20000-0-42591","id":"0-20000-0-42591-202609290000-16"},"type":"Feature"},{"geometry":{"coordinates":[84.95,24.75],"type":"Point"},"id":"0-20000-0-42591-202609290000-17","properties":{"description":null,"name":"wind_direction","phenomenonTime":"2026-09-28T23:50:00Z/2026-09-29T00:00:00Z","reportId":"0-20000-0-42591-202609290000","reportTime":"2026-09-29T00:00:00Z","units":"deg","value":0.0,"wigos_station_identifier":"0-20000-0-42591","id":"0-20000-0-42591-202609290000-17"},"type":"Feature"},{"geometry":{"coordinates":[84.95,24.75],"type":"Point"},"id":"0-20000-0-42591-202609290000-18","properties":{"description":null,"name":"wind_speed","phenomenonTime":"2026-09-28T23:50:00Z/2026-09-29T00:00:00Z","reportId":"0-20000-0-42591-202609290000","reportTime":"2026-09-29T00:00:00Z","units":"m/s","value":0.0,"wigos_station_identifier":"0-20000-0-42591","id":"0-20000-0-42591-202609290000-18"},"type":"Feature"},{"geometry":{"coordinates":[84.95,24.75],"type":"Point"},"id":"0-20000-0-42591-202609290000-7","properties":{"description":null,"name":"height_of_base_of_cloud","phenomenonTime":"2026-09-29T00:00:00Z","reportId":"0-20000-0-42591-202609290000","reportTime":"2026-09-29T00:00:00Z","units":"m","value":540.0,"wigos_station_identifier":"0-20000-0-42591","id":"0-20000-0-42591-202609290000-7"},"type":"Feature"},{"geometry":{"coordinates":[84.06667,24.05],"type":"Point"},"id":"0-20000-0-42587-202609290300-0","properties":{"description":null,"name":"pressure_reduced_to_mean_sea_level","phenomenonTime":"2026-09-29T03:00:00Z","reportId":"0-20000-0-42587-202609290300","reportTime":"2026-09-29T03:00:00Z","units":"hPa","value":1010.2,"wigos_station_identifier":"0-20000-0-42587","id":"0-20000-0-42587-202609290300-0"},"type":"Feature"},{"geometry":{"coordinates":[84.06667,24.05],"type":"Point"},"id":"0-20000-0-42587-202609290300-1","properties":{"description":null,"name":"24hour_pressure_change","phenomenonTime":"2026-09-29T03:00:00Z","reportId":"0-20000-0-42587-202609290300","reportTime":"2026-09-29T03:00:00Z","units":"hPa","value":1.6,"wigos_station_identifier":"0-20000-0-42587","id":"0-20000-0-42587-202609290300-1"},"type":"Feature"},{"geometry":{"coordinates":[84.06667,24.05],"type":"Point"},"id":"0-20000-0-42587-202609290300-2","properties":{"description":null,"name":"air_temperature","phenomenonTime":"2026-09-29T03:00:00Z","reportId":"0-20000-0-42587-202609290300","reportTime":"2026-09-29T03:00:00Z","units":"Celsius","value":26.4,"wigos_station_identifier":"0-20000-0-42587","id":"0-20000-0-42587-202609290300-2"},"type":"Feature"},{"geometry":{"coordinates":[84.06667,24.05],"type":"Point"},"id":"0-20000-0-42587-202609290300-3","properties":{"description":null,"name":"dewpoint_temperature","phenomenonTime":"2026-09-29T03:00:00Z","reportId":"0-20000-0-42587-202609290300","reportTime":"2026-09-29T03:00:00Z","units":"Celsius","value":23.8,"wigos_station_identifier":"0-20000-0-42587","id":"0-20000-0-42587-202609290300-3"},"type":"Feature"},{"geometry":{"coordinates":[84.06667,24.05],"type":"Point"},"id":"0-20000-0-42587-202609290300-4","properties":{"description":null,"name":"horizontal_visibility","phenomenonTime":"2026-09-29T03:00:00Z","reportId":"0-20000-0-42587-202609290300","reportTime":"2026-09-29T03:00:00Z","units":"m","value":4000.0,"wigos_station_identifier":"0-20000-0-42587","id":"0-20000-0-42587-202609290300-4"},"type":"Feature"},{"geometry":{"coordinates":[84.06667,24.05],"type":"Point"},"id":"0-20000-0-42587-202609290300-5","properties":{"description":null,"name":"cloud_cover_total","phenomenonTime":"2026-09-29T03:00:00Z","reportId":"0-20000-0-42587-202609290300","reportTime":"2026-09-29T03:00:00Z","units":"%","value":0.0,"wigos_station_identifier":"0-20000-0-42587","id":"0-20000-0-42587-202609290300-5"},"type":"Feature"},{"geometry":{"coordinates":[84.06667,24.05],"type":"Point"},"id":"0-20000-0-42587-202609290300-6","properties":{"description":"0","name":"cloud_amount","phenomenonTime":"2026-09-29T03:00:00Z","reportId":"0-20000-0-42587-202609290300","reportTime":"2026-09-29T03:00:00Z","units":"CODE TABLE","value":null,"wigos_station_identifier":"0-20000-0-42587","id":"0-20000-0-42587-202609290300-6"},"type":"Feature"},{"geometry":{"coordinates":[84.06667,24.05],"type":"Point"},"id":"0-20000-0-42587-202609290300-7","properties":{"description":"NO CL CLOUDS","name":"cloud_type","phenomenonTime":"2026-09-29T03:00:00Z","reportId":"0-20000-0-42587-202609290300","reportTime":"2026-09-29T03:00:00Z","units":"CODE TABLE","value":null,"wigos_station_identifier":"0-20000-0-42587","id":"0-20000-0-42587-202609290300-7"},"type":"Feature"},{"geometry":{"coordinates":[84.06667,24.05],"type":"Point"},"id":"0-20000-0-42587-202609290300-8","properties":{"description":"NO CM CLOUDS","name":"cloud_type","phenomenonTime":"2026-09-29T03:00:00Z","reportId":"0-20000-0-42587-202609290300","reportTime":"2026-09-29T03:00:00Z","units":"CODE TABLE","value":null,"wigos_station_identifier":"0-20000-0-42587","id":"0-20000-0-42587-202609290300-8"},"type":"Feature"},{"geometry":{"coordinates":[84.06667,24.05],"type":"Point"},"id":"0-20000-0-42587-202609290300-9","properties":{"description":"NO CH CLOUDS","name":"cloud_type","phenomenonTime":"2026-09-29T03:00:00Z","reportId":"0-20000-0-42587-202609290300","reportTime":"2026-09-29T03:00:00Z","units":"CODE TABLE","value":null,"wigos_station_identifier":"0-20000-0-42587","id":"0-20000-0-42587-202609290300-9"},"type":"Feature"},{"geometry":{"coordinates":[84.06667,24.05],"type":"Point"},"id":"0-20000-0-42587-202609290300-10","properties":{"description":"HAZE","name":"present_weather","phenomenonTime":"2026-09-29T03:00:00Z","reportId":"0-20000-0-42587-202609290300","reportTime":"2026-09-29T03:00:00Z","units":"CODE TABLE","value":null,"wigos_station_identifier":"0-20000-0-42587","id":"0-20000-0-42587-202609290300-10"},"type":"Feature"},{"geometry":{"coordinates":[84.06667,24.05],"type":"Point"},"id":"0-20000-0-42587-202609290300-11","properties":{"description":"CLOUD COVERING 1/2 OR LESS OF THE SKY THROUGHOUT THE APPROPRIATE PERIOD","name":"past_weather1","phenomenonTime":"2026-09-29T03:00:00Z","reportId":"0-20000-0-42587-202609290300","reportTime":"2026-09-29T03:00:00Z","units":"CODE TABLE","value":null,"wigos_station_identifier":"0-20000-0-42587","id":"0-20000-0-42587-202609290300-11"},"type":"Feature"},{"geometry":{"coordinates":[84.06667,24.05],"type":"Point"},"id":"0-20000-0-42587-202609290300-12","properties":{"description":"CLOUD COVERING 1/2 OR LESS OF THE SKY THROUGHOUT THE APPROPRIATE PERIOD","name":"past_weather2","phenomenonTime":"2026-09-29T03:00:00Z","reportId":"0-20000-0-42587-202609290300","reportTime":"2026-09-29T03:00:00Z","units":"CODE TABLE","value":null,"wigos_station_identifier":"0-20000-0-42587","id":"0-20000-0-42587-202609290300-12"},"type":"Feature"},{"geometry":{"coordinates":[84.95,24.75],"type":"Point"},"id":"0-20000-0-42591-202609290300-0","properties":{"description":null,"name":"pressure_reduced_to_mean_sea_level","phenomenonTime":"2026-09-29T03:00:00Z","reportId":"0-20000-0-42591-202609290300","reportTime":"2026-09-29T03:00:00Z","units":"hPa","value":1011.4,"wigos_station_identifier":"0-20000-0-42591","id":"0-20000-0-42591-202609290300-0"},"type":"Feature"},{"geometry":{"coordinates":[84.95,24.75],"type":"Point"},"id":"0-20000-0-42591-202609290300-1","properties":{"description":null,"name":"24hour_pressure_change","phenomenonTime":"2026-09-29T03:00:00Z","reportId":"0-20000-0-42591-202609290300","reportTime":"2026-09-29T03:00:00Z","units":"hPa","value":1.2,"wigos_station_identifier":"0-20000-0-42591","id":"0-20000-0-42591-202609290300-1"},"type":"Feature"},{"geometry":{"coordinates":[84.06667,24.05],"type":"Point"},"id":"0-20000-0-42587-202609290300-13","properties":{"description":null,"name":"wind_direction","phenomenonTime":"2026-09-29T02:50:00Z/2026-09-29T03:00:00Z","reportId":"0-20000-0-42587-202609290300","reportTime":"2026-09-29T03:00:00Z","units":"deg","value":0.0,"wigos_station_identifier":"0-20000-0-42587","id":"0-20000-0-42587-202609290300-13"},"type":"Feature"},{"geometry":{"coordinates":[84.95,24.75],"type":"Point"},"id":"0-20000-0-42591-202609290300-2","properties":{"description":null,"name":"air_temperature","phenomenonTime":"2026-09-29T03:00:00Z","reportId":"0-20000-0-42591-202609290300","reportTime":"2026-09-29T03:00:00Z","units":"Celsius","value":27.4,"wigos_station_identifier":"0-20000-0-42591","id":"0-20000-0-42591-202609290300-2"},"type":"Feature"},{"geometry":{"coordinates":[84.06667,24.05],"type":"Point"},"id":"0-20000-0-42587-202609290300-14","properties":{"description":null,"name":"wind_speed","phenomenonTime":"2026-09-29T02:50:00Z/2026-09-29T03:00:00Z","reportId":"0-20000-0-42587-202609290300","reportTime":"2026-09-29T03:00:00Z","units":"m/s","value":0.0,"wigos_station_identifier":"0-20000-0-42587","id":"0-20000-0-42587-202609290300-14"},"type":"Feature"},{"geometry":{"coordinates":[84.95,24.75],"type":"Point"},"id":"0-20000-0-42591-202609290300-3","properties":{"description":null,"name":"dewpoint_temperature","phenomenonTime":"2026-09-29T03:00:00Z","reportId":"0-20000-0-42591-202609290300","reportTime":"2026-09-29T03:00:00Z","units":"Celsius","value":25.4,"wigos_station_identifier":"0-20000-0-42591","id":"0-20000-0-42591-202609290300-3"},"type":"Feature"},{"geometry":{"coordinates":[84.06667,24.05],"type":"Point"},"id":"0-20000-0-42587-202609290300-15","properties":{"description":null,"name":"minimum_temperature_at_height_and_over_period_specified","phenomenonTime":"2026-09-29T02:00:00Z/2026-09-29T03:00:00Z","reportId":"0-20000-0-42587-202609290300","reportTime":"2026-09-29T03:00:00Z","units":"Celsius","value":23.8,"wigos_station_identifier":"0-20000-0-42587","id":"0-20000-0-42587-202609290300-15"},"type":"Feature"},{"geometry":{"coordinates":[84.95,24.75],"type":"Point"},"id":"0-20000-0-42591-202609290300-4","properties":{"description":null,"name":"horizontal_visibility","phenomenonTime":"2026-09-29T03:00:00Z","reportId":"0-20000-0-42591-202609290300","reportTime":"2026-09-29T03:00:00Z","units":"m","value":2000.0,"wigos_station_identifier":"0-20000-0-42591","id":"0-20000-0-42591-202609290300-4"},"type":"Feature"},{"geometry":{"coordinates":[84.06667,24.05],"type":"Point"},"id":"0-20000-0-42587-202609290300-16","properties":{"description":null,"name":"minimum_temperature_at_height_and_over_period_specified","phenomenonTime":"2026-09-28T15:00:00Z/2026-09-29T03:00:00Z","reportId":"0-20000-0-42587-202609290300","reportTime":"2026-09-29T03:00:00Z","units":"Celsius","value":23.8,"wigos_station_identifier":"0-20000-0-42587","id":"0-20000-0-42587-202609290300-16"},"type":"Feature"},{"geometry":{"coordinates":[84.95,24.75],"type":"Point"},"id":"0-20000-0-42591-202609290300-5","properties":{"description":null,"name":"cloud_cover_total","phenomenonTime":"2026-09-29T03:00:00Z","reportId":"0-20000-0-42591-202609290300","reportTime":"2026-09-29T03:00:00Z","units":"%","value":50.0,"wigos_station_identifier":"0-20000-0-42591","id":"0-20000-0-42591-202609290300-5"},"type":"Feature"},{"geometry":{"coordinates":[84.95,24.75],"type":"Point"},"id":"0-20000-0-42591-202609290300-6","properties":{"description":"2 OKTAS","name":"cloud_amount","phenomenonTime":"2026-09-29T03:00:00Z","reportId":"0-20000-0-42591-202609290300","reportTime":"2026-09-29T03:00:00Z","units":"CODE TABLE","value":null,"wigos_station_identifier":"0-20000-0-42591","id":"0-20000-0-42591-202609290300-6"},"type":"Feature"},{"geometry":{"coordinates":[84.95,24.75],"type":"Point"},"id":"0-20000-0-42591-202609290300-7","properties":{"description":null,"name":"height_of_base_of_cloud","phenomenonTime":"2026-09-29T03:00:00Z","reportId":"0-20000-0-42591-202609290300","reportTime":"2026-09-29T03:00:00Z","units":"m","value":540.0,"wigos_station_identifier":"0-20000-0-42591","id":"0-20000-0-42591-202609290300-7"},"type":"Feature"},{"geometry":{"coordinates":[84.95,24.75],"type":"Point"},"id":"0-20000-0-42591-202609290300-8","properties":{"description":"STRATOCUMULUS OTHER THAN STRATOCUMULUS CUMULOGENITUS","name":"cloud_type","phenomenonTime":"2026-09-29T03:00:00Z","reportId":"0-20000-0-42591-202609290300","reportTime":"2026-09-29T03:00:00Z","units":"CODE TABLE","value":null,"wigos_station_identifier":"0-20000-0-42591","id":"0-20000-0-42591-202609290300-8"},"type":"Feature"},{"geometry":{"coordinates":[84.95,24.75],"type":"Point"},"id":"0-20000-0-42591-202609290300-9","properties":{"description":"ALTOCUMULUS TRANSLUCIDUS AT A SINGLE LEVEL","name":"cloud_type","phenomenonTime":"2026-09-29T03:00:00Z","reportId":"0-20000-0-42591-202609290300","reportTime":"2026-09-29T03:00:00Z","units":"CODE TABLE","value":null,"wigos_station_identifier":"0-20000-0-42591","id":"0-20000-0-42591-202609290300-9"},"type":"Feature"},{"geometry":{"coordinates":[84.95,24.75],"type":"Point"},"id":"0-20000-0-42591-202609290300-10","properties":{"description":"NO CH CLOUDS","name":"cloud_type","phenomenonTime":"2026-09-29T03:00:00Z","reportId":"0-20000-0-42591-202609290300","reportTime":"2026-09-29T03:00:00Z","units":"CODE TABLE","value":null,"wigos_station_identifier":"0-20000-0-42591","id":"0-20000-0-42591-202609290300-10"},"type":"Feature"},{"geometry":{"coordinates":[84.95,24.75],"type":"Point"},"id":"0-20000-0-42591-202609290300-11","properties":{"description":"2 OKTAS","name":"cloud_amount","phenomenonTime":"2026-09-29T03:00:00Z","reportId":"0-20000-0-42591-202609290300","reportTime":"2026-09-29T03:00:00Z","units":"CODE TABLE","value":null,"wigos_station_identifier":"0-20000-0-42591","id":"0-20000-0-42591-202609290300-11"},"type":"Feature"},{"geometry":{"coordinates":[84.95,24.75],"type":"Point"},"id":"0-20000-0-42591-202609290300-12","properties":{"description":"STRATOCUMULUS (SC)","name":"cloud_type","phenomenonTime":"2026-09-29T03:00:00Z","reportId":"0-20000-0-42591-202609290300","reportTime":"2026-09-29T03:00:00Z","units":"CODE TABLE","value":null,"wigos_station_identifier":"0-20000-0-42591","id":"0-20000-0-42591-202609290300-12"},"type":"Feature"},{"geometry":{"coordinates":[84.95,24.75],"type":"Point"},"id":"0-20000-0-42591-202609290300-13","properties":{"description":null,"name":"height_of_base_of_cloud","phenomenonTime":"2026-09-29T03:00:00Z","reportId":"0-20000-0-42591-202609290300","reportTime":"2026-09-29T03:00:00Z","units":"m","value":540.0,"wigos_station_identifier":"0-20000-0-42591","id":"0-20000-0-42591-202609290300-13"},"type":"Feature"},{"geometry":{"coordinates":[84.95,24.75],"type":"Point"},"id":"0-20000-0-42591-202609290300-14","properties":{"description":"MIST","name":"present_weather","phenomenonTime":"2026-09-29T03:00:00Z","reportId":"0-20000-0-42591-202609290300","reportTime":"2026-09-29T03:00:00Z","units":"CODE TABLE","value":null,"wigos_station_identifier":"0-20000-0-42591","id":"0-20000-0-42591-202609290300-14"},"type":"Feature"},{"geometry":{"coordinates":[84.95,24.75],"type":"Point"},"id":"0-20000-0-42591-202609290300-15","properties":{"description":"CLOUD COVERING MORE THAN 1/2 OF THE SKY THROUGHOUT THE APPROPRIATE PERIOD","name":"past_weather1","phenomenonTime":"2026-09-29T03:00:00Z","reportId":"0-20000-0-42591-202609290300","reportTime":"2026-09-29T03:00:00Z","units":"CODE TABLE","value":null,"wigos_station_identifier":"0-20000-0-42591","id":"0-20000-0-42591-202609290300-15"},"type":"Feature"},{"geometry":{"coordinates":[84.95,24.75],"type":"Point"},"id":"0-20000-0-42591-202609290300-16","properties":{"description":"CLOUD COVERING MORE THAN 1/2 OF THE SKY DURING PART OF THE APPROPRIATE PERIOD AND COVERING 1/2 OR LESS DURING PART OF THE PERIOD","name":"past_weather2","phenomenonTime":"2026-09-29T03:00:00Z","reportId":"0-20000-0-42591-202609290300","reportTime":"2026-09-29T03:00:00Z","units":"CODE TABLE","value":null,"wigos_station_identifier":"0-20000-0-42591","id":"0-20000-0-42591-202609290300-16"},"type":"Feature"},{"geometry":{"coordinates":[84.95,24.75],"type":"Point"},"id":"0-20000-0-42591-202609290300-17","properties":{"description":null,"name":"wind_direction","phenomenonTime":"2026-09-29T02:50:00Z/2026-09-29T03:00:00Z","reportId":"0-20000-0-42591-202609290300","reportTime":"2026-09-29T03:00:00Z","units":"deg","value":250.0,"wigos_station_identifier":"0-20000-0-42591","id":"0-20000-0-42591-202609290300-17"},"type":"Feature"},{"geometry":{"coordinates":[84.95,24.75],"type":"Point"},"id":"0-20000-0-42591-202609290300-18","properties":{"description":null,"name":"wind_speed","phenomenonTime":"2026-09-29T02:50:00Z/2026-09-29T03:00:00Z","reportId":"0-20000-0-42591-202609290300","reportTime":"2026-09-29T03:00:00Z","units":"m/s","value":2.1,"wigos_station_identifier":"0-20000-0-42591","id":"0-20000-0-42591-202609290300-18"},"type":"Feature"},{"geometry":{"coordinates":[84.95,24.75],"type":"Point"},"id":"0-20000-0-42591-202609290300-19","properties":{"description":null,"name":"minimum_temperature_at_height_and_over_period_specified","phenomenonTime":"2026-09-29T02:00:00Z/2026-09-29T03:00:00Z","reportId":"0-20000-0-42591-202609290300","reportTime":"2026-09-29T03:00:00Z","units":"Celsius","value":25.0,"wigos_station_identifier":"0-20000-0-42591","id":"0-20000-0-42591-202609290300-19"},"type":"Feature"},{"geometry":{"coordinates":[84.95,24.75],"type":"Point"},"id":"0-20000-0-42591-202609290300-20","properties":{"description":null,"name":"minimum_temperature_at_height_and_over_period_specified","phenomenonTime":"2026-09-28T15:00:00Z/2026-09-29T03:00:00Z","reportId":"0-20000-0-42591-202609290300","reportTime":"2026-09-29T03:00:00Z","units":"Celsius","value":25.0,"wigos_station_identifier":"0-20000-0-42591","id":"0-20000-0-42591-202609290300-20"},"type":"Feature"},{"geometry":{"coordinates":[85.1,25.6],"type":"Point"},"id":"0-20000-0-42492-202609290300-0","properties":{"description":null,"name":"pressure_reduced_to_mean_sea_level","phenomenonTime":"2026-09-29T03:00:00Z","reportId":"0-20000-0-42492-202609290300","reportTime":"2026-09-29T03:00:00Z","units":"hPa","value":1010.0,"wigos_station_identifier":"0-20000-0-42492","id":"0-20000-0-42492-202609290300-0"},"type":"Feature"},{"geometry":{"coordinates":[85.1,25.6],"type":"Point"},"id":"0-20000-0-42492-202609290300-1","properties":{"description":null,"name":"24hour_pressure_change","phenomenonTime":"2026-09-29T03:00:00Z","reportId":"0-20000-0-42492-202609290300","reportTime":"2026-09-29T03:00:00Z","units":"hPa","value":1.3,"wigos_station_identifier":"0-20000-0-42492","id":"0-20000-0-42492-202609290300-1"},"type":"Feature"},{"geometry":{"coordinates":[85.1,25.6],"type":"Point"},"id":"0-20000-0-42492-202609290300-2","properties":{"description":null,"name":"air_temperature","phenomenonTime":"2026-09-29T03:00:00Z","reportId":"0-20000-0-42492-202609290300","reportTime":"2026-09-29T03:00:00Z","units":"Celsius","value":28.0,"wigos_station_identifier":"0-20000-0-42492","id":"0-20000-0-42492-202609290300-2"},"type":"Feature"},{"geometry":{"coordinates":[85.1,25.6],"type":"Point"},"id":"0-20000-0-42492-202609290300-3","properties":{"description":null,"name":"dewpoint_temperature","phenomenonTime":"2026-09-29T03:00:00Z","reportId":"0-20000-0-42492-202609290300","reportTime":"2026-09-29T03:00:00Z","units":"Celsius","value":25.2,"wigos_station_identifier":"0-20000-0-42492","id":"0-20000-0-42492-202609290300-3"},"type":"Feature"},{"geometry":{"coordinates":[85.1,25.6],"type":"Point"},"id":"0-20000-0-42492-202609290300-4","properties":{"description":null,"name":"horizontal_visibility","phenomenonTime":"2026-09-29T03:00:00Z","reportId":"0-20000-0-42492-202609290300","reportTime":"2026-09-29T03:00:00Z","units":"m","value":4000.0,"wigos_station_identifier":"0-20000-0-42492","id":"0-20000-0-42492-202609290300-4"},"type":"Feature"},{"geometry":{"coordinates":[85.1,25.6],"type":"Point"},"id":"0-20000-0-42492-202609290300-5","properties":{"description":null,"name":"cloud_cover_total","phenomenonTime":"2026-09-29T03:00:00Z","reportId":"0-20000-0-42492-202609290300","reportTime":"2026-09-29T03:00:00Z","units":"%","value":25.0,"wigos_station_identifier":"0-20000-0-42492","id":"0-20000-0-42492-202609290300-5"},"type":"Feature"},{"geometry":{"coordinates":[85.1,25.6],"type":"Point"},"id":"0-20000-0-42492-202609290300-6","properties":{"description":"2 OKTAS","name":"cloud_amount","phenomenonTime":"2026-09-29T03:00:00Z","reportId":"0-20000-0-42492-202609290300","reportTime":"2026-09-29T03:00:00Z","units":"CODE TABLE","value":null,"wigos_station_identifier":"0-20000-0-42492","id":"0-20000-0-42492-202609290300-6"},"type":"Feature"},{"geometry":{"coordinates":[85.1,25.6],"type":"Point"},"id":"0-20000-0-42492-202609290300-7","properties":{"description":null,"name":"height_of_base_of_cloud","phenomenonTime":"2026-09-29T03:00:00Z","reportId":"0-20000-0-42492-202609290300","reportTime":"2026-09-29T03:00:00Z","units":"m","value":3000.0,"wigos_station_identifier":"0-20000-0-42492","id":"0-20000-0-42492-202609290300-7"},"type":"Feature"},{"geometry":{"coordinates":[85.1,25.6],"type":"Point"},"id":"0-20000-0-42492-202609290300-8","properties":{"description":"NO CL CLOUDS","name":"cloud_type","phenomenonTime":"2026-09-29T03:00:00Z","reportId":"0-20000-0-42492-202609290300","reportTime":"2026-09-29T03:00:00Z","units":"CODE TABLE","value":null,"wigos_station_identifier":"0-20000-0-42492","id":"0-20000-0-42492-202609290300-8"},"type":"Feature"},{"geometry":{"coordinates":[85.1,25.6],"type":"Point"},"id":"0-20000-0-42492-202609290300-9","properties":{"description":"ALTOCUMULUS TRANSLUCIDUS AT A SINGLE LEVEL","name":"cloud_type","phenomenonTime":"2026-09-29T03:00:00Z","reportId":"0-20000-0-42492-202609290300","reportTime":"2026-09-29T03:00:00Z","units":"CODE TABLE","value":null,"wigos_station_identifier":"0-20000-0-42492","id":"0-20000-0-42492-202609290300-9"},"type":"Feature"},{"geometry":{"coordinates":[85.1,25.6],"type":"Point"},"id":"0-20000-0-42492-202609290300-10","properties":{"description":"NO CH CLOUDS","name":"cloud_type","phenomenonTime":"2026-09-29T03:00:00Z","reportId":"0-20000-0-42492-202609290300","reportTime":"2026-09-29T03:00:00Z","units":"CODE TABLE","value":null,"wigos_station_identifier":"0-20000-0-42492","id":"0-20000-0-42492-202609290300-10"},"type":"Feature"},{"geometry":{"coordinates":[85.1,25.6],"type":"Point"},"id":"0-20000-0-42492-202609290300-11","properties":{"description":"2 OKTAS","name":"cloud_amount","phenomenonTime":"2026-09-29T03:00:00Z","reportId":"0-20000-0-42492-202609290300","reportTime":"2026-09-29T03:00:00Z","units":"CODE TABLE","value":null,"wigos_station_identifier":"0-20000-0-42492","id":"0-20000-0-42492-202609290300-11"},"type":"Feature"},{"geometry":{"coordinates":[85.1,25.6],"type":"Point"},"id":"0-20000-0-42492-202609290300-12","properties":{"description":"ALTOCUMULUS (AC)","name":"cloud_type","phenomenonTime":"2026-09-29T03:00:00Z","reportId":"0-20000-0-42492-202609290300","reportTime":"2026-09-29T03:00:00Z","units":"CODE TABLE","value":null,"wigos_station_identifier":"0-20000-0-42492","id":"0-20000-0-42492-202609290300-12"},"type":"Feature"},{"geometry":{"coordinates":[85.1,25.6],"type":"Point"},"id":"0-20000-0-42492-202609290300-13","properties":{"description":null,"name":"height_of_base_of_cloud","phenomenonTime":"2026-09-29T03:00:00Z","reportId":"0-20000-0-42492-202609290300","reportTime":"2026-09-29T03:00:00Z","units":"m","value":3000.0,"wigos_station_identifier":"0-20000-0-42492","id":"0-20000-0-42492-202609290300-13"},"type":"Feature"},{"geometry":{"coordinates":[85.1,25.6],"type":"Point"},"id":"0-20000-0-42492-202609290300-14","properties":{"description":"MIST","name":"present_weather","phenomenonTime":"2026-09-29T03:00:00Z","reportId":"0-20000-0-42492-202609290300","reportTime":"2026-09-29T03:00:00Z","units":"CODE TABLE","value":null,"wigos_station_identifier":"0-20000-0-42492","id":"0-20000-0-42492-202609290300-14"},"type":"Feature"},{"geometry":{"coordinates":[85.1,25.6],"type":"Point"},"id":"0-20000-0-42492-202609290300-15","properties":{"description":"CLOUD COVERING 1/2 OR LESS OF THE SKY THROUGHOUT THE APPROPRIATE PERIOD","name":"past_weather1","phenomenonTime":"2026-09-29T03:00:00Z","reportId":"0-20000-0-42492-202609290300","reportTime":"2026-09-29T03:00:00Z","units":"CODE TABLE","value":null,"wigos_station_identifier":"0-20000-0-42492","id":"0-20000-0-42492-202609290300-15"},"type":"Feature"},{"geometry":{"coordinates":[85.1,25.6],"type":"Point"},"id":"0-20000-0-42492-202609290300-16","properties":{"description":"CLOUD COVERING 1/2 OR LESS OF THE SKY THROUGHOUT THE APPROPRIATE PERIOD","name":"past_weather2","phenomenonTime":"2026-09-29T03:00:00Z","reportId":"0-20000-0-42492-202609290300","reportTime":"2026-09-29T03:00:00Z","units":"CODE TABLE","value":null,"wigos_station_identifier":"0-20000-0-42492","id":"0-20000-0-42492-202609290300-16"},"type":"Feature"},{"geometry":{"coordinates":[85.1,25.6],"type":"Point"},"id":"0-20000-0-42492-202609290300-17","properties":{"description":null,"name":"wind_direction","phenomenonTime":"2026-09-29T02:50:00Z/2026-09-29T03:00:00Z","reportId":"0-20000-0-42492-202609290300","reportTime":"2026-09-29T03:00:00Z","units":"deg","value":270.0,"wigos_station_identifier":"0-20000-0-42492","id":"0-20000-0-42492-202609290300-17"},"type":"Feature"},{"geometry":{"coordinates":[85.1,25.6],"type":"Point"},"id":"0-20000-0-42492-202609290300-18","properties":{"description":null,"name":"wind_speed","phenomenonTime":"2026-09-29T02:50:00Z/2026-09-29T03:00:00Z","reportId":"0-20000-0-42492-202609290300","reportTime":"2026-09-29T03:00:00Z","units":"m/s","value":1.5,"wigos_station_identifier":"0-20000-0-42492","id":"0-20000-0-42492-202609290300-18"},"type":"Feature"},{"geometry":{"coordinates":[85.1,25.6],"type":"Point"},"id":"0-20000-0-42492-202609290300-19","properties":{"description":null,"name":"minimum_temperature_at_height_and_over_period_specified","phenomenonTime":"2026-09-29T02:00:00Z/2026-09-29T03:00:00Z","reportId":"0-20000-0-42492-202609290300","reportTime":"2026-09-29T03:00:00Z","units":"Celsius","value":26.0,"wigos_station_identifier":"0-20000-0-42492","id":"0-20000-0-42492-202609290300-19"},"type":"Feature"},{"geometry":{"coordinates":[85.1,25.6],"type":"Point"},"id":"0-20000-0-42492-202609290300-20","properties":{"description":null,"name":"minimum_temperature_at_height_and_over_period_specified","phenomenonTime":"2026-09-28T15:00:00Z/2026-09-29T03:00:00Z","reportId":"0-20000-0-42492-202609290300","reportTime":"2026-09-29T03:00:00Z","units":"Celsius","value":26.0,"wigos_station_identifier":"0-20000-0-42492","id":"0-20000-0-42492-202609290300-20"},"type":"Feature"},{"geometry":{"coordinates":[85.4,26.11],"type":"Point"},"id":"0-20000-0-42387-202609290300-0","properties":{"description":null,"name":"pressure_reduced_to_mean_sea_level","phenomenonTime":"2026-09-29T03:00:00Z","reportId":"0-20000-0-42387-202609290300","reportTime":"2026-09-29T03:00:00Z","units":"hPa","value":1009.5,"wigos_station_identifier":"0-20000-0-42387","id":"0-20000-0-42387-202609290300-0"},"type":"Feature"},{"geometry":{"coordinates":[85.4,26.11],"type":"Point"},"id":"0-20000-0-42387-202609290300-1","properties":{"description":null,"name":"24hour_pressure_change","phenomenonTime":"2026-09-29T03:00:00Z","reportId":"0-20000-0-42387-202609290300","reportTime":"2026-09-29T03:00:00Z","units":"hPa","value":1.2,"wigos_station_identifier":"0-20000-0-42387","id":"0-20000-0-42387-202609290300-1"},"type":"Feature"},{"geometry":{"coordinates":[85.4,26.11],"type":"Point"},"id":"0-20000-0-42387-202609290300-2","properties":{"description":null,"name":"air_temperature","phenomenonTime":"2026-09-29T03:00:00Z","reportId":"0-20000-0-42387-202609290300","reportTime":"2026-09-29T03:00:00Z","units":"Celsius","value":27.8,"wigos_station_identifier":"0-20000-0-42387","id":"0-20000-0-42387-202609290300-2"},"type":"Feature"},{"geometry":{"coordinates":[85.4,26.11],"type":"Point"},"id":"0-20000-0-42387-202609290300-3","properties":{"description":null,"name":"dewpoint_temperature","phenomenonTime":"2026-09-29T03:00:00Z","reportId":"0-20000-0-42387-202609290300","reportTime":"2026-09-29T03:00:00Z","units":"Celsius","value":25.2,"wigos_station_identifier":"0-20000-0-42387","id":"0-20000-0-42387-202609290300-3"},"type":"Feature"},{"geometry":{"coordinates":[85.4,26.11],"type":"Point"},"id":"0-20000-0-42387-202609290300-4","properties":{"description":null,"name":"horizontal_visibility","phenomenonTime":"2026-09-29T03:00:00Z","reportId":"0-20000-0-42387-202609290300","reportTime":"2026-09-29T03:00:00Z","units":"m","value":4000.0,"wigos_station_identifier":"0-20000-0-42387","id":"0-20000-0-42387-202609290300-4"},"type":"Feature"},{"geometry":{"coordinates":[85.4,26.11],"type":"Point"},"id":"0-20000-0-42387-202609290300-5","properties":{"description":null,"name":"cloud_cover_total","phenomenonTime":"2026-09-29T03:00:00Z","reportId":"0-20000-0-42387-202609290300","reportTime":"2026-09-29T03:00:00Z","units":"%","value":50.0,"wigos_station_identifier":"0-20000-0-42387","id":"0-20000-0-42387-202609290300-5"},"type":"Feature"},{"geometry":{"coordinates":[85.4,26.11],"type":"Point"},"id":"0-20000-0-42387-202609290300-6","properties":{"description":"2 OKTAS","name":"cloud_amount","phenomenonTime":"2026-09-29T03:00:00Z","reportId":"0-20000-0-42387-202609290300","reportTime":"2026-09-29T03:00:00Z","units":"CODE TABLE","value":null,"wigos_station_identifier":"0-20000-0-42387","id":"0-20000-0-42387-202609290300-6"},"type":"Feature"},{"geometry":{"coordinates":[85.4,26.11],"type":"Point"},"id":"0-20000-0-42387-202609290300-7","properties":{"description":null,"name":"height_of_base_of_cloud","phenomenonTime":"2026-09-29T03:00:00Z","reportId":"0-20000-0-42387-202609290300","reportTime":"2026-09-29T03:00:00Z","units":"m","value":1250.0,"wigos_station_identifier":"0-20000-0-42387","id":"0-20000-0-42387-202609290300-7"},"type":"Feature"},{"geometry":{"coordinates":[85.4,26.11],"type":"Point"},"id":"0-20000-0-42387-202609290300-8","properties":{"description":"STRATOCUMULUS CUMULOGENITUS","name":"cloud_type","phenomenonTime":"2026-09-29T03:00:00Z","reportId":"0-20000-0-42387-202609290300","reportTime":"2026-09-29T03:00:00Z","units":"CODE TABLE","value":null,"wigos_station_identifier":"0-20000-0-42387","id":"0-20000-0-42387-202609290300-8"},"type":"Feature"},{"geometry":{"coordinates":[85.4,26.11],"type":"Point"},"id":"0-20000-0-42387-202609290300-9","properties":{"description":"ALTOCUMULUS TRANSLUCIDUS AT A SINGLE LEVEL","name":"cloud_type","phenomenonTime":"2026-09-29T03:00:00Z","reportId":"0-20000-0-42387-202609290300","reportTime":"2026-09-29T03:00:00Z","units":"CODE TABLE","value":null,"wigos_station_identifier":"0-20000-0-42387","id":"0-20000-0-42387-202609290300-9"},"type":"Feature"},{"geometry":{"coordinates":[85.4,26.11],"type":"Point"},"id":"0-20000-0-42387-202609290300-10","properties":{"description":"CIRRUS FIBRATUS, SOMETIMES UNCINUS, NOT PROGRESSIVELY INVADING THE SKY","name":"cloud_type","phenomenonTime":"2026-09-29T03:00:00Z","reportId":"0-20000-0-42387-202609290300","reportTime":"2026-09-29T03:00:00Z","units":"CODE TABLE","value":null,"wigos_station_identifier":"0-20000-0-42387","id":"0-20000-0-42387-202609290300-10"},"type":"Feature"},{"geometry":{"coordinates":[85.4,26.11],"type":"Point"},"id":"0-20000-0-42387-202609290300-11","properties":{"description":null,"name":"true_direction_from_which_aphenomenon_or_clouds_are_moving_or_in_which_they_are_observed","phenomenonTime":"2026-09-29T03:00:00Z","reportId":"0-20000-0-42387-202609290300","reportTime":"2026-09-29T03:00:00Z","units":"deg","value":270.0,"wigos_station_identifier":"0-20000-0-42387","id":"0-20000-0-42387-202609290300-11"},"type":"Feature"},{"geometry":{"coordinates":[85.4,26.11],"type":"Point"},"id":"0-20000-0-42387-202609290300-12","properties":{"description":"MIST","name":"present_weather","phenomenonTime":"2026-09-29T03:00:00Z","reportId":"0-20000-0-42387-202609290300","reportTime":"2026-09-29T03:00:00Z","units":"CODE TABLE","value":null,"wigos_station_identifier":"0-20000-0-42387","id":"0-20000-0-42387-202609290300-12"},"type":"Feature"},{"geometry":{"coordinates":[85.4,26.11],"type":"Point"},"id":"0-20000-0-42387-202609290300-13","properties":{"description":"CLOUD COVERING MORE THAN 1/2 OF THE SKY DURING PART OF THE APPROPRIATE PERIOD AND COVERING 1/2 OR LESS DURING PART OF THE PERIOD","name":"past_weather1","phenomenonTime":"2026-09-29T00:00:00Z/2026-09-29T03:00:00Z","reportId":"0-20000-0-42387-202609290300","reportTime":"2026-09-29T03:00:00Z","units":"CODE TABLE","value":null,"wigos_station_identifier":"0-20000-0-42387","id":"0-20000-0-42387-202609290300-13"},"type":"Feature"},{"geometry":{"coordinates":[85.4,26.11],"type":"Point"},"id":"0-20000-0-42387-202609290300-14","properties":{"description":"CLOUD COVERING MORE THAN 1/2 OF THE SKY DURING PART OF THE APPROPRIATE PERIOD AND COVERING 1/2 OR LESS DURING PART OF THE PERIOD","name":"past_weather2","phenomenonTime":"2026-09-29T00:00:00Z/2026-09-29T03:00:00Z","reportId":"0-20000-0-42387-202609290300","reportTime":"2026-09-29T03:00:00Z","units":"CODE TABLE","value":null,"wigos_station_identifier":"0-20000-0-42387","id":"0-20000-0-42387-202609290300-14"},"type":"Feature"},{"geometry":{"coordinates":[85.4,26.11],"type":"Point"},"id":"0-20000-0-42387-202609290300-15","properties":{"description":null,"name":"total_precipitation_or_total_water_equivalent","phenomenonTime":"2026-09-29T02:00:00Z/2026-09-29T03:00:00Z","reportId":"0-20000-0-42387-202609290300","reportTime":"2026-09-29T03:00:00Z","units":"kg m-2","value":0.0,"wigos_station_identifier":"0-20000-0-42387","id":"0-20000-0-42387-202609290300-15"},"type":"Feature"},{"geometry":{"coordinates":[85.4,26.11],"type":"Point"},"id":"0-20000-0-42387-202609290300-16","properties":{"description":null,"name":"minimum_temperature_at_height_and_over_period_specified","phenomenonTime":"2026-09-28T15:00:00Z/2026-09-29T03:00:00Z","reportId":"0-20000-0-42387-202609290300","reportTime":"2026-09-29T03:00:00Z","units":"Celsius","value":25.5,"wigos_station_identifier":"0-20000-0-42387","id":"0-20000-0-42387-202609290300-16"},"type":"Feature"},{"geometry":{"coordinates":[85.4,26.11],"type":"Point"},"id":"0-20000-0-42387-202609290300-17","properties":{"description":null,"name":"wind_direction","phenomenonTime":"2026-09-29T02:50:00Z/2026-09-29T03:00:00Z","reportId":"0-20000-0-42387-202609290300","reportTime":"2026-09-29T03:00:00Z","units":"deg","value":0.0,"wigos_station_identifier":"0-20000-0-42387","id":"0-20000-0-42387-202609290300-17"},"type":"Feature"},{"geometry":{"coordinates":[84.73,25.78],"type":"Point"},"id":"0-20000-0-42488-202609290300-0","properties":{"description":null,"name":"pressure_reduced_to_mean_sea_level","phenomenonTime":"2026-09-29T03:00:00Z","reportId":"0-20000-0-42488-202609290300","reportTime":"2026-09-29T03:00:00Z","units":"hPa","value":1009.4,"wigos_station_identifier":"0-20000-0-42488","id":"0-20000-0-42488-202609290300-0"},"type":"Feature"},{"geometry":{"coordinates":[84.73,25.78],"type":"Point"},"id":"0-20000-0-42488-202609290300-1","properties":{"description":null,"name":"24hour_pressure_change","phenomenonTime":"2026-09-29T03:00:00Z","reportId":"0-20000-0-42488-202609290300","reportTime":"2026-09-29T03:00:00Z","units":"hPa","value":1.3,"wigos_station_identifier":"0-20000-0-42488","id":"0-20000-0-42488-202609290300-1"},"type":"Feature"},{"geometry":{"coordinates":[84.73,25.78],"type":"Point"},"id":"0-20000-0-42488-202609290300-2","properties":{"description":null,"name":"air_temperature","phenomenonTime":"2026-09-29T03:00:00Z","reportId":"0-20000-0-42488-202609290300","reportTime":"2026-09-29T03:00:00Z","units":"Celsius","value":27.4,"wigos_station_identifier":"0-20000-0-42488","id":"0-20000-0-42488-202609290300-2"},"type":"Feature"},{"geometry":{"coordinates":[84.73,25.78],"type":"Point"},"id":"0-20000-0-42488-202609290300-3","properties":{"description":null,"name":"dewpoint_temperature","phenomenonTime":"2026-09-29T03:00:00Z","reportId":"0-20000-0-42488-202609290300","reportTime":"2026-09-29T03:00:00Z","units":"Celsius","value":25.1,"wigos_station_identifier":"0-20000-0-42488","id":"0-20000-0-42488-202609290300-3"},"type":"Feature"},{"geometry":{"coordinates":[84.73,25.78],"type":"Point"},"id":"0-20000-0-42488-202609290300-4","properties":{"description":null,"name":"horizontal_visibility","phenomenonTime":"2026-09-29T03:00:00Z","reportId":"0-20000-0-42488-202609290300","reportTime":"2026-09-29T03:00:00Z","units":"m","value":4000.0,"wigos_station_identifier":"0-20000-0-42488","id":"0-20000-0-42488-202609290300-4"},"type":"Feature"},{"geometry":{"coordinates":[84.73,25.78],"type":"Point"},"id":"0-20000-0-42488-202609290300-5","properties":{"description":null,"name":"cloud_cover_total","phenomenonTime":"2026-09-29T03:00:00Z","reportId":"0-20000-0-42488-202609290300","reportTime":"2026-09-29T03:00:00Z","units":"%","value":0.0,"wigos_station_identifier":"0-20000-0-42488","id":"0-20000-0-42488-202609290300-5"},"type":"Feature"},{"geometry":{"coordinates":[84.73,25.78],"type":"Point"},"id":"0-20000-0-42488-202609290300-6","properties":{"description":null,"name":"height_of_base_of_cloud","phenomenonTime":"2026-09-29T03:00:00Z","reportId":"0-20000-0-42488-202609290300","reportTime":"2026-09-29T03:00:00Z","units":"m","value":0.0,"wigos_station_identifier":"0-20000-0-42488","id":"0-20000-0-42488-202609290300-6"},"type":"Feature"},{"geometry":{"coordinates":[84.73,25.78],"type":"Point"},"id":"0-20000-0-42488-202609290300-7","properties":{"description":"MIST","name":"present_weather","phenomenonTime":"2026-09-29T03:00:00Z","reportId":"0-20000-0-42488-202609290300","reportTime":"2026-09-29T03:00:00Z","units":"CODE TABLE","value":null,"wigos_station_identifier":"0-20000-0-42488","id":"0-20000-0-42488-202609290300-7"},"type":"Feature"},{"geometry":{"coordinates":[84.73,25.78],"type":"Point"},"id":"0-20000-0-42488-202609290300-8","properties":{"description":"CLOUD COVERING 1/2 OR LESS OF THE SKY THROUGHOUT THE APPROPRIATE PERIOD","name":"past_weather1","phenomenonTime":"2026-09-29T00:00:00Z/2026-09-29T03:00:00Z","reportId":"0-20000-0-42488-202609290300","reportTime":"2026-09-29T03:00:00Z","units":"CODE TABLE","value":null,"wigos_station_identifier":"0-20000-0-42488","id":"0-20000-0-42488-202609290300-8"},"type":"Feature"},{"geometry":{"coordinates":[84.73,25.78],"type":"Point"},"id":"0-20000-0-42488-202609290300-9","properties":{"description":"CLOUD COVERING 1/2 OR LESS OF THE SKY THROUGHOUT THE APPROPRIATE PERIOD","name":"past_weather2","phenomenonTime":"2026-09-29T00:00:00Z/2026-09-29T03:00:00Z","reportId":"0-20000-0-42488-202609290300","reportTime":"2026-09-29T03:00:00Z","units":"CODE TABLE","value":null,"wigos_station_identifier":"0-20000-0-42488","id":"0-20000-0-42488-202609290300-9"},"type":"Feature"},{"geometry":{"coordinates":[84.73,25.78],"type":"Point"},"id":"0-20000-0-42488-202609290300-10","properties":{"description":null,"name":"total_precipitation_or_total_water_equivalent","phenomenonTime":"2026-09-29T02:00:00Z/2026-09-29T03:00:00Z","reportId":"0-20000-0-42488-202609290300","reportTime":"2026-09-29T03:00:00Z","units":"kg m-2","value":0.0,"wigos_station_identifier":"0-20000-0-42488","id":"0-20000-0-42488-202609290300-10"},"type":"Feature"},{"geometry":{"coordinates":[84.73,25.78],"type":"Point"},"id":"0-20000-0-42488-202609290300-11","properties":{"description":null,"name":"minimum_temperature_at_height_and_over_period_specified","phenomenonTime":"2026-09-28T15:00:00Z/2026-09-29T03:00:00Z","reportId":"0-20000-0-42488-202609290300","reportTime":"2026-09-29T03:00:00Z","units":"Celsius","value":25.7,"wigos_station_identifier":"0-20000-0-42488","id":"0-20000-0-42488-202609290300-11"},"type":"Feature"},{"geometry":{"coordinates":[84.73,25.78],"type":"Point"},"id":"0-20000-0-42488-202609290300-12","properties":{"description":null,"name":"wind_direction","phenomenonTime":"2026-09-29T02:50:00Z/2026-09-29T03:00:00Z","reportId":"0-20000-0-42488-202609290300","reportTime":"2026-09-29T03:00:00Z","units":"deg","value":270.0,"wigos_station_identifier":"0-20000-0-42488","id":"0-20000-0-42488-202609290300-12"},"type":"Feature"},{"geometry":{"coordinates":[84.73,25.78],"type":"Point"},"id":"0-20000-0-42488-202609290300-13","properties":{"description":null,"name":"wind_speed","phenomenonTime":"2026-09-29T02:50:00Z/2026-09-29T03:00:00Z","reportId":"0-20000-0-42488-202609290300","reportTime":"2026-09-29T03:00:00Z","units":"m/s","value":1.0,"wigos_station_identifier":"0-20000-0-42488","id":"0-20000-0-42488-202609290300-13"},"type":"Feature"},{"geometry":{"coordinates":[85.1,25.6],"type":"Point"},"id":"0-20000-0-42492-202609290000-16","properties":{"description":null,"name":"wind_direction","phenomenonTime":"2026-09-28T23:50:00Z/2026-09-29T00:00:00Z","reportId":"0-20000-0-42492-202609290000","reportTime":"2026-09-29T00:00:00Z","units":"deg","value":0.0,"wigos_station_identifier":"0-20000-0-42492","id":"0-20000-0-42492-202609290000-16"},"type":"Feature"},{"geometry":{"coordinates":[85.1,25.6],"type":"Point"},"id":"0-20000-0-42492-202609290000-17","properties":{"description":null,"name":"wind_speed","phenomenonTime":"2026-09-28T23:50:00Z/2026-09-29T00:00:00Z","reportId":"0-20000-0-42492-202609290000","reportTime":"2026-09-29T00:00:00Z","units":"m/s","value":0.0,"wigos_station_identifier":"0-20000-0-42492","id":"0-20000-0-42492-202609290000-17"},"type":"Feature"},{"geometry":{"coordinates":[85.1,25.6],"type":"Point"},"id":"0-20000-0-42492-202609290000-0","properties":{"description":null,"name":"pressure_reduced_to_mean_sea_level","phenomenonTime":"2026-09-29T00:00:00Z","reportId":"0-20000-0-42492-202609290000","reportTime":"2026-09-29T00:00:00Z","units":"hPa","value":1008.3,"wigos_station_identifier":"0-20000-0-42492","id":"0-20000-0-42492-202609290000-0"},"type":"Feature"},{"geometry":{"coordinates":[85.1,25.6],"type":"Point"},"id":"0-20000-0-42492-202609290000-1","properties":{"description":null,"name":"24hour_pressure_change","phenomenonTime":"2026-09-29T00:00:00Z","reportId":"0-20000-0-42492-202609290000","reportTime":"2026-09-29T00:00:00Z","units":"hPa","value":1.2,"wigos_station_identifier":"0-20000-0-42492","id":"0-20000-0-42492-202609290000-1"},"type":"Feature"},{"geometry":{"coordinates":[85.1,25.6],"type":"Point"},"id":"0-20000-0-42492-202609290000-2","properties":{"description":null,"name":"air_temperature","phenomenonTime":"2026-09-29T00:00:00Z","reportId":"0-20000-0-42492-202609290000","reportTime":"2026-09-29T00:00:00Z","units":"Celsius","value":26.0,"wigos_station_identifier":"0-20000-0-42492","id":"0-20000-0-42492-202609290000-2"},"type":"Feature"},{"geometry":{"coordinates":[85.1,25.6],"type":"Point"},"id":"0-20000-0-42492-202609290000-3","properties":{"description":null,"name":"dewpoint_temperature","phenomenonTime":"2026-09-29T00:00:00Z","reportId":"0-20000-0-42492-202609290000","reportTime":"2026-09-29T00:00:00Z","units":"Celsius","value":24.9,"wigos_station_identifier":"0-20000-0-42492","id":"0-20000-0-42492-202609290000-3"},"type":"Feature"},{"geometry":{"coordinates":[85.1,25.6],"type":"Point"},"id":"0-20000-0-42492-202609290000-4","properties":{"description":null,"name":"horizontal_visibility","phenomenonTime":"2026-09-29T00:00:00Z","reportId":"0-20000-0-42492-202609290000","reportTime":"2026-09-29T00:00:00Z","units":"m","value":2000.0,"wigos_station_identifier":"0-20000-0-42492","id":"0-20000-0-42492-202609290000-4"},"type":"Feature"},{"geometry":{"coordinates":[85.1,25.6],"type":"Point"},"id":"0-20000-0-42492-202609290000-5","properties":{"description":null,"name":"cloud_cover_total","phenomenonTime":"2026-09-29T00:00:00Z","reportId":"0-20000-0-42492-202609290000","reportTime":"2026-09-29T00:00:00Z","units":"%","value":38.0,"wigos_station_identifier":"0-20000-0-42492","id":"0-20000-0-42492-202609290000-5"},"type":"Feature"},{"geometry":{"coordinates":[85.1,25.6],"type":"Point"},"id":"0-20000-0-42492-202609290000-6","properties":{"description":"3 OKTAS","name":"cloud_amount","phenomenonTime":"2026-09-29T00:00:00Z","reportId":"0-20000-0-42492-202609290000","reportTime":"2026-09-29T00:00:00Z","units":"CODE TABLE","value":null,"wigos_station_identifier":"0-20000-0-42492","id":"0-20000-0-42492-202609290000-6"},"type":"Feature"},{"geometry":{"coordinates":[85.1,25.6],"type":"Point"},"id":"0-20000-0-42492-202609290000-7","properties":{"description":null,"name":"height_of_base_of_cloud","phenomenonTime":"2026-09-29T00:00:00Z","reportId":"0-20000-0-42492-202609290000","reportTime":"2026-09-29T00:00:00Z","units":"m","value":3000.0,"wigos_station_identifier":"0-20000-0-42492","id":"0-20000-0-42492-202609290000-7"},"type":"Feature"},{"geometry":{"coordinates":[85.1,25.6],"type":"Point"},"id":"0-20000-0-42492-202609290000-8","properties":{"description":"NO CL CLOUDS","name":"cloud_type","phenomenonTime":"2026-09-29T00:00:00Z","reportId":"0-20000-0-42492-202609290000","reportTime":"2026-09-29T00:00:00Z","units":"CODE TABLE","value":null,"wigos_station_identifier":"0-20000-0-42492","id":"0-20000-0-42492-202609290000-8"},"type":"Feature"},{"geometry":{"coordinates":[85.1,25.6],"type":"Point"},"id":"0-20000-0-42492-202609290000-9","properties":{"description":"ALTOCUMULUS TRANSLUCIDUS AT A SINGLE LEVEL","name":"cloud_type","phenomenonTime":"2026-09-29T00:00:00Z","reportId":"0-20000-0-42492-202609290000","reportTime":"2026-09-29T00:00:00Z","units":"CODE TABLE","value":null,"wigos_station_identifier":"0-20000-0-42492","id":"0-20000-0-42492-202609290000-9"},"type":"Feature"},{"geometry":{"coordinates":[85.1,25.6],"type":"Point"},"id":"0-20000-0-42492-202609290000-10","properties":{"description":"NO CH CLOUDS","name":"cloud_type","phenomenonTime":"2026-09-29T00:00:00Z","reportId":"0-20000-0-42492-202609290000","reportTime":"2026-09-29T00:00:00Z","units":"CODE TABLE","value":null,"wigos_station_identifier":"0-20000-0-42492","id":"0-20000-0-42492-202609290000-10"},"type":"Feature"},{"geometry":{"coordinates":[85.1,25.6],"type":"Point"},"id":"0-20000-0-42492-202609290000-11","properties":{"description":"MIST","name":"present_weather","phenomenonTime":"2026-09-29T00:00:00Z","reportId":"0-20000-0-42492-202609290000","reportTime":"2026-09-29T00:00:00Z","units":"CODE TABLE","value":null,"wigos_station_identifier":"0-20000-0-42492","id":"0-20000-0-42492-202609290000-11"},"type":"Feature"},{"geometry":{"coordinates":[85.1,25.6],"type":"Point"},"id":"0-20000-0-42492-202609290000-12","properties":{"description":"CLOUD COVERING 1/2 OR LESS OF THE SKY THROUGHOUT THE APPROPRIATE PERIOD","name":"past_weather1","phenomenonTime":"2026-09-29T00:00:00Z","reportId":"0-20000-0-42492-202609290000","reportTime":"2026-09-29T00:00:00Z","units":"CODE TABLE","value":null,"wigos_station_identifier":"0-20000-0-42492","id":"0-20000-0-42492-202609290000-12"},"type":"Feature"},{"geometry":{"coordinates":[85.1,25.6],"type":"Point"},"id":"0-20000-0-42492-202609290000-13","properties":{"description":"CLOUD COVERING 1/2 OR LESS OF THE SKY THROUGHOUT THE APPROPRIATE PERIOD","name":"past_weather2","phenomenonTime":"2026-09-29T00:00:00Z","reportId":"0-20000-0-42492-202609290000","reportTime":"2026-09-29T00:00:00Z","units":"CODE TABLE","value":null,"wigos_station_identifier":"0-20000-0-42492","id":"0-20000-0-42492-202609290000-13"},"type":"Feature"},{"geometry":{"coordinates":[85.1,25.6],"type":"Point"},"id":"0-20000-0-42492-202609290000-14","properties":{"description":null,"name":"wind_direction","phenomenonTime":"2026-09-28T23:50:00Z/2026-09-29T00:00:00Z","reportId":"0-20000-0-42492-202609290000","reportTime":"2026-09-29T00:00:00Z","units":"deg","value":0.0,"wigos_station_identifier":"0-20000-0-42492","id":"0-20000-0-42492-202609290000-14"},"type":"Feature"},{"geometry":{"coordinates":[85.1,25.6],"type":"Point"},"id":"0-20000-0-42492-202609290000-15","properties":{"description":null,"name":"wind_speed","phenomenonTime":"2026-09-28T23:50:00Z/2026-09-29T00:00:00Z","reportId":"0-20000-0-42492-202609290000","reportTime":"2026-09-29T00:00:00Z","units":"m/s","value":0.0,"wigos_station_identifier":"0-20000-0-42492","id":"0-20000-0-42492-202609290000-15"},"type":"Feature"},{"geometry":{"coordinates":[85.4,26.11],"type":"Point"},"id":"0-20000-0-42387-202609290300-18","properties":{"description":null,"name":"wind_speed","phenomenonTime":"2026-09-29T02:50:00Z/2026-09-29T03:00:00Z","reportId":"0-20000-0-42387-202609290300","reportTime":"2026-09-29T03:00:00Z","units":"m/s","value":0.0,"wigos_station_identifier":"0-20000-0-42387","id":"0-20000-0-42387-202609290300-18"},"type":"Feature"},{"geometry":{"coordinates":[84.95,24.75],"type":"Point"},"id":"0-20000-0-42591-202609290600-22","properties":{"description":null,"name":"wind_speed","phenomenonTime":"2026-09-29T05:50:00Z/2026-09-29T06:00:00Z","reportId":"0-20000-0-42591-202609290600","reportTime":"2026-09-29T06:00:00Z","units":"m/s","value":3.1,"wigos_station_identifier":"0-20000-0-42591","id":"0-20000-0-42591-202609290600-22"},"type":"Feature"},{"geometry":{"coordinates":[84.06,24.05],"type":"Point"},"id":"0-20000-0-42587-202609290600-22","properties":{"description":null,"name":"wind_speed","phenomenonTime":"2026-09-29T05:50:00Z/2026-09-29T06:00:00Z","reportId":"0-20000-0-42587-202609290600","reportTime":"2026-09-29T06:00:00Z","units":"m/s","value":1.5,"wigos_station_identifier":"0-20000-0-42587","id":"0-20000-0-42587-202609290600-22"},"type":"Feature"},{"geometry":{"coordinates":[84.18333,24.91667],"type":"Point"},"id":"0-20000-0-42588-202609290300-0","properties":{"description":null,"name":"pressure_reduced_to_mean_sea_level","phenomenonTime":"2026-09-29T03:00:00Z","reportId":"0-20000-0-42588-202609290300","reportTime":"2026-09-29T03:00:00Z","units":"hPa","value":1009.6,"wigos_station_identifier":"0-20000-0-42588","id":"0-20000-0-42588-202609290300-0"},"type":"Feature"},{"geometry":{"coordinates":[84.18333,24.91667],"type":"Point"},"id":"0-20000-0-42588-202609290300-1","properties":{"description":null,"name":"24hour_pressure_change","phenomenonTime":"2026-09-29T03:00:00Z","reportId":"0-20000-0-42588-202609290300","reportTime":"2026-09-29T03:00:00Z","units":"hPa","value":1.0,"wigos_station_identifier":"0-20000-0-42588","id":"0-20000-0-42588-202609290300-1"},"type":"Feature"},{"geometry":{"coordinates":[84.18333,24.91667],"type":"Point"},"id":"0-20000-0-42588-202609290300-2","properties":{"description":null,"name":"air_temperature","phenomenonTime":"2026-09-29T03:00:00Z","reportId":"0-20000-0-42588-202609290300","reportTime":"2026-09-29T03:00:00Z","units":"Celsius","value":27.0,"wigos_station_identifier":"0-20000-0-42588","id":"0-20000-0-42588-202609290300-2"},"type":"Feature"},{"geometry":{"coordinates":[84.18333,24.91667],"type":"Point"},"id":"0-20000-0-42588-202609290300-3","properties":{"description":null,"name":"dewpoint_temperature","phenomenonTime":"2026-09-29T03:00:00Z","reportId":"0-20000-0-42588-202609290300","reportTime":"2026-09-29T03:00:00Z","units":"Celsius","value":25.6,"wigos_station_identifier":"0-20000-0-42588","id":"0-20000-0-42588-202609290300-3"},"type":"Feature"},{"geometry":{"coordinates":[84.18333,24.91667],"type":"Point"},"id":"0-20000-0-42588-202609290300-4","properties":{"description":null,"name":"horizontal_visibility","phenomenonTime":"2026-09-29T03:00:00Z","reportId":"0-20000-0-42588-202609290300","reportTime":"2026-09-29T03:00:00Z","units":"m","value":4000.0,"wigos_station_identifier":"0-20000-0-42588","id":"0-20000-0-42588-202609290300-4"},"type":"Feature"},{"geometry":{"coordinates":[84.18333,24.91667],"type":"Point"},"id":"0-20000-0-42588-202609290300-5","properties":{"description":null,"name":"cloud_cover_total","phenomenonTime":"2026-09-29T03:00:00Z","reportId":"0-20000-0-42588-202609290300","reportTime":"2026-09-29T03:00:00Z","units":"%","value":50.0,"wigos_station_identifier":"0-20000-0-42588","id":"0-20000-0-42588-202609290300-5"},"type":"Feature"},{"geometry":{"coordinates":[84.18333,24.91667],"type":"Point"},"id":"0-20000-0-42588-202609290300-6","properties":{"description":"4 OKTAS","name":"cloud_amount","phenomenonTime":"2026-09-29T03:00:00Z","reportId":"0-20000-0-42588-202609290300","reportTime":"2026-09-29T03:00:00Z","units":"CODE TABLE","value":null,"wigos_station_identifier":"0-20000-0-42588","id":"0-20000-0-42588-202609290300-6"},"type":"Feature"},{"geometry":{"coordinates":[84.18333,24.91667],"type":"Point"},"id":"0-20000-0-42588-202609290300-7","properties":{"description":null,"name":"height_of_base_of_cloud","phenomenonTime":"2026-09-29T03:00:00Z","reportId":"0-20000-0-42588-202609290300","reportTime":"2026-09-29T03:00:00Z","units":"m","value":300.0,"wigos_station_identifier":"0-20000-0-42588","id":"0-20000-0-42588-202609290300-7"},"type":"Feature"},{"geometry":{"coordinates":[84.18333,24.91667],"type":"Point"},"id":"0-20000-0-42588-202609290300-8","properties":{"description":"STRATOCUMULUS OTHER THAN STRATOCUMULUS CUMULOGENITUS","name":"cloud_type","phenomenonTime":"2026-09-29T03:00:00Z","reportId":"0-20000-0-42588-202609290300","reportTime":"2026-09-29T03:00:00Z","units":"CODE TABLE","value":null,"wigos_station_identifier":"0-20000-0-42588","id":"0-20000-0-42588-202609290300-8"},"type":"Feature"},{"geometry":{"coordinates":[84.18333,24.91667],"type":"Point"},"id":"0-20000-0-42588-202609290300-9","properties":{"description":"ALTOCUMULUS TRANSLUCIDUS IN BANDS, OR ONE OR MORE LAYERS OF ALTOCUMULUS TRANSLUCIDUS OR OPACUS, PROGRESSIVELY INVADING THE SKY; THESE ALTOCUMULUS CLOUDS GENERALLY THICKEN AS A WHOLE","name":"cloud_type","phenomenonTime":"2026-09-29T03:00:00Z","reportId":"0-20000-0-42588-202609290300","reportTime":"2026-09-29T03:00:00Z","units":"CODE TABLE","value":null,"wigos_station_identifier":"0-20000-0-42588","id":"0-20000-0-42588-202609290300-9"},"type":"Feature"},{"geometry":{"coordinates":[84.18333,24.91667],"type":"Point"},"id":"0-20000-0-42588-202609290300-10","properties":{"description":"NO CH CLOUDS","name":"cloud_type","phenomenonTime":"2026-09-29T03:00:00Z","reportId":"0-20000-0-42588-202609290300","reportTime":"2026-09-29T03:00:00Z","units":"CODE TABLE","value":null,"wigos_station_identifier":"0-20000-0-42588","id":"0-20000-0-42588-202609290300-10"},"type":"Feature"},{"geometry":{"coordinates":[84.18333,24.91667],"type":"Point"},"id":"0-20000-0-42588-202609290300-11","properties":{"description":"MIST","name":"present_weather","phenomenonTime":"2026-09-29T03:00:00Z","reportId":"0-20000-0-42588-202609290300","reportTime":"2026-09-29T03:00:00Z","units":"CODE TABLE","value":null,"wigos_station_identifier":"0-20000-0-42588","id":"0-20000-0-42588-202609290300-11"},"type":"Feature"},{"geometry":{"coordinates":[84.18333,24.91667],"type":"Point"},"id":"0-20000-0-42588-202609290300-12","properties":{"description":"CLOUD COVERING MORE THAN 1/2 OF THE SKY DURING PART OF THE APPROPRIATE PERIOD AND COVERING 1/2 OR LESS DURING PART OF THE PERIOD","name":"past_weather1","phenomenonTime":"2026-09-29T03:00:00Z","reportId":"0-20000-0-42588-202609290300","reportTime":"2026-09-29T03:00:00Z","units":"CODE TABLE","value":null,"wigos_station_identifier":"0-20000-0-42588","id":"0-20000-0-42588-202609290300-12"},"type":"Feature"},{"geometry":{"coordinates":[84.18333,24.91667],"type":"Point"},"id":"0-20000-0-42588-202609290300-13","properties":{"description":"CLOUD COVERING MORE THAN 1/2 OF THE SKY DURING PART OF THE APPROPRIATE PERIOD AND COVERING 1/2 OR LESS DURING PART OF THE PERIOD","name":"past_weather2","phenomenonTime":"2026-09-29T03:00:00Z","reportId":"0-20000-0-42588-202609290300","reportTime":"2026-09-29T03:00:00Z","units":"CODE TABLE","value":null,"wigos_station_identifier":"0-20000-0-42588","id":"0-20000-0-42588-202609290300-13"},"type":"Feature"},{"geometry":{"coordinates":[84.18333,24.91667],"type":"Point"},"id":"0-20000-0-42588-202609290300-14","properties":{"description":null,"name":"wind_direction","phenomenonTime":"2026-09-29T02:50:00Z/2026-09-29T03:00:00Z","reportId":"0-20000-0-42588-202609290300","reportTime":"2026-09-29T03:00:00Z","units":"deg","value":0.0,"wigos_station_identifier":"0-20000-0-42588","id":"0-20000-0-42588-202609290300-14"},"type":"Feature"},{"geometry":{"coordinates":[84.18333,24.91667],"type":"Point"},"id":"0-20000-0-42588-202609290300-15","properties":{"description":null,"name":"wind_speed","phenomenonTime":"2026-09-29T02:50:00Z/2026-09-29T03:00:00Z","reportId":"0-20000-0-42588-202609290300","reportTime":"2026-09-29T03:00:00Z","units":"m/s","value":0.0,"wigos_station_identifier":"0-20000-0-42588","id":"0-20000-0-42588-202609290300-15"},"type":"Feature"},{"geometry":{"coordinates":[84.18333,24.91667],"type":"Point"},"id":"0-20000-0-42588-202609290300-16","properties":{"description":null,"name":"minimum_temperature_at_height_and_over_period_specified","phenomenonTime":"2026-09-29T02:00:00Z/2026-09-29T03:00:00Z","reportId":"0-20000-0-42588-202609290300","reportTime":"2026-09-29T03:00:00Z","units":"Celsius","value":23.2,"wigos_station_identifier":"0-20000-0-42588","id":"0-20000-0-42588-202609290300-16"},"type":"Feature"},{"geometry":{"coordinates":[84.18333,24.91667],"type":"Point"},"id":"0-20000-0-42588-202609290300-17","properties":{"description":null,"name":"minimum_temperature_at_height_and_over_period_specified","phenomenonTime":"2026-09-28T15:00:00Z/2026-09-29T03:00:00Z","reportId":"0-20000-0-42588-202609290300","reportTime":"2026-09-29T03:00:00Z","units":"Celsius","value":23.2,"wigos_station_identifier":"0-20000-0-42588","id":"0-20000-0-42588-202609290300-17"},"type":"Feature"},{"geometry":{"coordinates":[84.91667,26.66667],"type":"Point"},"id":"0-20000-0-42383-202609290300-0","properties":{"description":null,"name":"pressure_reduced_to_mean_sea_level","phenomenonTime":"2026-09-29T03:00:00Z","reportId":"0-20000-0-42383-202609290300","reportTime":"2026-09-29T03:00:00Z","units":"hPa","value":1011.6,"wigos_station_identifier":"0-20000-0-42383","id":"0-20000-0-42383-202609290300-0"},"type":"Feature"},{"geometry":{"coordinates":[84.91667,26.66667],"type":"Point"},"id":"0-20000-0-42383-202609290300-1","properties":{"description":null,"name":"24hour_pressure_change","phenomenonTime":"2026-09-29T03:00:00Z","reportId":"0-20000-0-42383-202609290300","reportTime":"2026-09-29T03:00:00Z","units":"hPa","value":0.9,"wigos_station_identifier":"0-20000-0-42383","id":"0-20000-0-42383-202609290300-1"},"type":"Feature"},{"geometry":{"coordinates":[84.91667,26.66667],"type":"Point"},"id":"0-20000-0-42383-202609290300-2","properties":{"description":null,"name":"air_temperature","phenomenonTime":"2026-09-29T03:00:00Z","reportId":"0-20000-0-42383-202609290300","reportTime":"2026-09-29T03:00:00Z","units":"Celsius","value":27.4,"wigos_station_identifier":"0-20000-0-42383","id":"0-20000-0-42383-202609290300-2"},"type":"Feature"},{"geometry":{"coordinates":[84.91667,26.66667],"type":"Point"},"id":"0-20000-0-42383-202609290300-3","properties":{"description":null,"name":"dewpoint_temperature","phenomenonTime":"2026-09-29T03:00:00Z","reportId":"0-20000-0-42383-202609290300","reportTime":"2026-09-29T03:00:00Z","units":"Celsius","value":25.1,"wigos_station_identifier":"0-20000-0-42383","id":"0-20000-0-42383-202609290300-3"},"type":"Feature"},{"geometry":{"coordinates":[84.91667,26.66667],"type":"Point"},"id":"0-20000-0-42383-202609290300-4","properties":{"description":null,"name":"horizontal_visibility","phenomenonTime":"2026-09-29T03:00:00Z","reportId":"0-20000-0-42383-202609290300","reportTime":"2026-09-29T03:00:00Z","units":"m","value":4000.0,"wigos_station_identifier":"0-20000-0-42383","id":"0-20000-0-42383-202609290300-4"},"type":"Feature"},{"geometry":{"coordinates":[84.91667,26.66667],"type":"Point"},"id":"0-20000-0-42383-202609290300-5","properties":{"description":null,"name":"cloud_cover_total","phenomenonTime":"2026-09-29T03:00:00Z","reportId":"0-20000-0-42383-202609290300","reportTime":"2026-09-29T03:00:00Z","units":"%","value":0.0,"wigos_station_identifier":"0-20000-0-42383","id":"0-20000-0-42383-202609290300-5"},"type":"Feature"},{"geometry":{"coordinates":[84.91667,26.66667],"type":"Point"},"id":"0-20000-0-42383-202609290300-6","properties":{"description":"0","name":"cloud_amount","phenomenonTime":"2026-09-29T03:00:00Z","reportId":"0-20000-0-42383-202609290300","reportTime":"2026-09-29T03:00:00Z","units":"CODE TABLE","value":null,"wigos_station_identifier":"0-20000-0-42383","id":"0-20000-0-42383-202609290300-6"},"type":"Feature"},{"geometry":{"coordinates":[84.91667,26.66667],"type":"Point"},"id":"0-20000-0-42383-202609290300-7","properties":{"description":"NO CL CLOUDS","name":"cloud_type","phenomenonTime":"2026-09-29T03:00:00Z","reportId":"0-20000-0-42383-202609290300","reportTime":"2026-09-29T03:00:00Z","units":"CODE TABLE","value":null,"wigos_station_identifier":"0-20000-0-42383","id":"0-20000-0-42383-202609290300-7"},"type":"Feature"},{"geometry":{"coordinates":[84.91667,26.66667],"type":"Point"},"id":"0-20000-0-42383-202609290300-8","properties":{"description":"NO CM CLOUDS","name":"cloud_type","phenomenonTime":"2026-09-29T03:00:00Z","reportId":"0-20000-0-42383-202609290300","reportTime":"2026-09-29T03:00:00Z","units":"CODE TABLE","value":null,"wigos_station_identifier":"0-20000-0-42383","id":"0-20000-0-42383-202609290300-8"},"type":"Feature"},{"geometry":{"coordinates":[84.91667,26.66667],"type":"Point"},"id":"0-20000-0-42383-202609290300-9","properties":{"description":"NO CH CLOUDS","name":"cloud_type","phenomenonTime":"2026-09-29T03:00:00Z","reportId":"0-20000-0-42383-202609290300","reportTime":"2026-09-29T03:00:00Z","units":"CODE TABLE","value":null,"wigos_station_identifier":"0-20000-0-42383","id":"0-20000-0-42383-202609290300-9"},"type":"Feature"},{"geometry":{"coordinates":[84.91667,26.66667],"type":"Point"},"id":"0-20000-0-42383-202609290300-10","properties":{"description":"HAZE","name":"present_weather","phenomenonTime":"2026-09-29T03:00:00Z","reportId":"0-20000-0-42383-202609290300","reportTime":"2026-09-29T03:00:00Z","units":"CODE TABLE","value":null,"wigos_station_identifier":"0-20000-0-42383","id":"0-20000-0-42383-202609290300-10"},"type":"Feature"},{"geometry":{"coordinates":[84.91667,26.66667],"type":"Point"},"id":"0-20000-0-42383-202609290300-11","properties":{"description":"CLOUD COVERING 1/2 OR LESS OF THE SKY THROUGHOUT THE APPROPRIATE PERIOD","name":"past_weather1","phenomenonTime":"2026-09-29T03:00:00Z","reportId":"0-20000-0-42383-202609290300","reportTime":"2026-09-29T03:00:00Z","units":"CODE TABLE","value":null,"wigos_station_identifier":"0-20000-0-42383","id":"0-20000-0-42383-202609290300-11"},"type":"Feature"},{"geometry":{"coordinates":[84.91667,26.66667],"type":"Point"},"id":"0-20000-0-42383-202609290300-12","properties":{"description":"CLOUD COVERING 1/2 OR LESS OF THE SKY THROUGHOUT THE APPROPRIATE PERIOD","name":"past_weather2","phenomenonTime":"2026-09-29T03:00:00Z","reportId":"0-20000-0-42383-202609290300","reportTime":"2026-09-29T03:00:00Z","units":"CODE TABLE","value":null,"wigos_station_identifier":"0-20000-0-42383","id":"0-20000-0-42383-202609290300-12"},"type":"Feature"},{"geometry":{"coordinates":[84.91667,26.66667],"type":"Point"},"id":"0-20000-0-42383-202609290300-13","properties":{"description":null,"name":"wind_direction","phenomenonTime":"2026-09-29T02:50:00Z/2026-09-29T03:00:00Z","reportId":"0-20000-0-42383-202609290300","reportTime":"2026-09-29T03:00:00Z","units":"deg","value":0.0,"wigos_station_identifier":"0-20000-0-42383","id":"0-20000-0-42383-202609290300-13"},"type":"Feature"},{"geometry":{"coordinates":[84.91667,26.66667],"type":"Point"},"id":"0-20000-0-42383-202609290300-14","properties":{"description":null,"name":"wind_speed","phenomenonTime":"2026-09-29T02:50:00Z/2026-09-29T03:00:00Z","reportId":"0-20000-0-42383-202609290300","reportTime":"2026-09-29T03:00:00Z","units":"m/s","value":0.0,"wigos_station_identifier":"0-20000-0-42383","id":"0-20000-0-42383-202609290300-14"},"type":"Feature"},{"geometry":{"coordinates":[84.91667,26.66667],"type":"Point"},"id":"0-20000-0-42383-202609290300-15","properties":{"description":null,"name":"minimum_temperature_at_height_and_over_period_specified","phenomenonTime":"2026-09-29T02:00:00Z/2026-09-29T03:00:00Z","reportId":"0-20000-0-42383-202609290300","reportTime":"2026-09-29T03:00:00Z","units":"Celsius","value":24.0,"wigos_station_identifier":"0-20000-0-42383","id":"0-20000-0-42383-202609290300-15"},"type":"Feature"},{"geometry":{"coordinates":[84.91667,26.66667],"type":"Point"},"id":"0-20000-0-42383-202609290300-16","properties":{"description":null,"name":"minimum_temperature_at_height_and_over_period_specified","phenomenonTime":"2026-09-28T15:00:00Z/2026-09-29T03:00:00Z","reportId":"0-20000-0-42383-202609290300","reportTime":"2026-09-29T03:00:00Z","units":"Celsius","value":24.0,"wigos_station_identifier":"0-20000-0-42383","id":"0-20000-0-42383-202609290300-16"},"type":"Feature"},{"geometry":{"coordinates":[85.1,25.6],"type":"Point"},"id":"0-20000-0-42492-202609290600-22","properties":{"description":null,"name":"wind_speed","phenomenonTime":"2026-09-29T05:50:00Z/2026-09-29T06:00:00Z","reportId":"0-20000-0-42492-202609290600","reportTime":"2026-09-29T06:00:00Z","units":"m/s","value":2.6,"wigos_station_identifier":"0-20000-0-42492","id":"0-20000-0-42492-202609290600-22"},"type":"Feature"},{"geometry":{"coordinates":[84.06667,24.05],"type":"Point"},"id":"0-20000-0-42587-202609290600-0","properties":{"description":null,"name":"pressure_reduced_to_mean_sea_level","phenomenonTime":"2026-09-29T06:00:00Z","reportId":"0-20000-0-42587-202609290600","reportTime":"2026-09-29T06:00:00Z","units":"hPa","value":1010.3,"wigos_station_identifier":"0-20000-0-42587","id":"0-20000-0-42587-202609290600-0"},"type":"Feature"},{"geometry":{"coordinates":[84.06667,24.05],"type":"Point"},"id":"0-20000-0-42587-202609290600-1","properties":{"description":null,"name":"24hour_pressure_change","phenomenonTime":"2026-09-29T06:00:00Z","reportId":"0-20000-0-42587-202609290600","reportTime":"2026-09-29T06:00:00Z","units":"hPa","value":1.7,"wigos_station_identifier":"0-20000-0-42587","id":"0-20000-0-42587-202609290600-1"},"type":"Feature"},{"geometry":{"coordinates":[84.06667,24.05],"type":"Point"},"id":"0-20000-0-42587-202609290600-2","properties":{"description":null,"name":"air_temperature","phenomenonTime":"2026-09-29T06:00:00Z","reportId":"0-20000-0-42587-202609290600","reportTime":"2026-09-29T06:00:00Z","units":"Celsius","value":31.8,"wigos_station_identifier":"0-20000-0-42587","id":"0-20000-0-42587-202609290600-2"},"type":"Feature"},{"geometry":{"coordinates":[84.06667,24.05],"type":"Point"},"id":"0-20000-0-42587-202609290600-3","properties":{"description":null,"name":"dewpoint_temperature","phenomenonTime":"2026-09-29T06:00:00Z","reportId":"0-20000-0-42587-202609290600","reportTime":"2026-09-29T06:00:00Z","units":"Celsius","value":25.3,"wigos_station_identifier":"0-20000-0-42587","id":"0-20000-0-42587-202609290600-3"},"type":"Feature"},{"geometry":{"coordinates":[84.06667,24.05],"type":"Point"},"id":"0-20000-0-42587-202609290600-4","properties":{"description":null,"name":"horizontal_visibility","phenomenonTime":"2026-09-29T06:00:00Z","reportId":"0-20000-0-42587-202609290600","reportTime":"2026-09-29T06:00:00Z","units":"m","value":4000.0,"wigos_station_identifier":"0-20000-0-42587","id":"0-20000-0-42587-202609290600-4"},"type":"Feature"},{"geometry":{"coordinates":[84.06667,24.05],"type":"Point"},"id":"0-20000-0-42587-202609290600-5","properties":{"description":null,"name":"cloud_cover_total","phenomenonTime":"2026-09-29T06:00:00Z","reportId":"0-20000-0-42587-202609290600","reportTime":"2026-09-29T06:00:00Z","units":"%","value":63.0,"wigos_station_identifier":"0-20000-0-42587","id":"0-20000-0-42587-202609290600-5"},"type":"Feature"},{"geometry":{"coordinates":[84.06667,24.05],"type":"Point"},"id":"0-20000-0-42587-202609290600-6","properties":{"description":"2 OKTAS","name":"cloud_amount","phenomenonTime":"2026-09-29T06:00:00Z","reportId":"0-20000-0-42587-202609290600","reportTime":"2026-09-29T06:00:00Z","units":"CODE TABLE","value":null,"wigos_station_identifier":"0-20000-0-42587","id":"0-20000-0-42587-202609290600-6"},"type":"Feature"},{"geometry":{"coordinates":[84.06667,24.05],"type":"Point"},"id":"0-20000-0-42587-202609290600-7","properties":{"description":null,"name":"height_of_base_of_cloud","phenomenonTime":"2026-09-29T06:00:00Z","reportId":"0-20000-0-42587-202609290600","reportTime":"2026-09-29T06:00:00Z","units":"m","value":600.0,"wigos_station_identifier":"0-20000-0-42587","id":"0-20000-0-42587-202609290600-7"},"type":"Feature"},{"geometry":{"coordinates":[84.95,24.75],"type":"Point"},"id":"0-20000-0-42591-202609290600-0","properties":{"description":null,"name":"pressure_reduced_to_mean_sea_level","phenomenonTime":"2026-09-29T06:00:00Z","reportId":"0-20000-0-42591-202609290600","reportTime":"2026-09-29T06:00:00Z","units":"hPa","value":1011.0,"wigos_station_identifier":"0-20000-0-42591","id":"0-20000-0-42591-202609290600-0"},"type":"Feature"},{"geometry":{"coordinates":[84.06667,24.05],"type":"Point"},"id":"0-20000-0-42587-202609290600-8","properties":{"description":"STRATOCUMULUS OTHER THAN STRATOCUMULUS CUMULOGENITUS","name":"cloud_type","phenomenonTime":"2026-09-29T06:00:00Z","reportId":"0-20000-0-42587-202609290600","reportTime":"2026-09-29T06:00:00Z","units":"CODE TABLE","value":null,"wigos_station_identifier":"0-20000-0-42587","id":"0-20000-0-42587-202609290600-8"},"type":"Feature"},{"geometry":{"coordinates":[84.95,24.75],"type":"Point"},"id":"0-20000-0-42591-202609290600-1","properties":{"description":null,"name":"24hour_pressure_change","phenomenonTime":"2026-09-29T06:00:00Z","reportId":"0-20000-0-42591-202609290600","reportTime":"2026-09-29T06:00:00Z","units":"hPa","value":1.1,"wigos_station_identifier":"0-20000-0-42591","id":"0-20000-0-42591-202609290600-1"},"type":"Feature"},{"geometry":{"coordinates":[84.06667,24.05],"type":"Point"},"id":"0-20000-0-42587-202609290600-9","properties":{"description":"ALTOCUMULUS TRANSLUCIDUS AT A SINGLE LEVEL","name":"cloud_type","phenomenonTime":"2026-09-29T06:00:00Z","reportId":"0-20000-0-42587-202609290600","reportTime":"2026-09-29T06:00:00Z","units":"CODE TABLE","value":null,"wigos_station_identifier":"0-20000-0-42587","id":"0-20000-0-42587-202609290600-9"},"type":"Feature"},{"geometry":{"coordinates":[84.06667,24.05],"type":"Point"},"id":"0-20000-0-42587-202609290600-10","properties":{"description":"NO CH CLOUDS","name":"cloud_type","phenomenonTime":"2026-09-29T06:00:00Z","reportId":"0-20000-0-42587-202609290600","reportTime":"2026-09-29T06:00:00Z","units":"CODE TABLE","value":null,"wigos_station_identifier":"0-20000-0-42587","id":"0-20000-0-42587-202609290600-10"},"type":"Feature"},{"geometry":{"coordinates":[84.95,24.75],"type":"Point"},"id":"0-20000-0-42591-202609290600-2","properties":{"description":null,"name":"air_temperature","phenomenonTime":"2026-09-29T06:00:00Z","reportId":"0-20000-0-42591-202609290600","reportTime":"2026-09-29T06:00:00Z","units":"Celsius","value":30.8,"wigos_station_identifier":"0-20000-0-42591","id":"0-20000-0-42591-202609290600-2"},"type":"Feature"},{"geometry":{"coordinates":[84.06667,24.05],"type":"Point"},"id":"0-20000-0-42587-202609290600-11","properties":{"description":"2 OKTAS","name":"cloud_amount","phenomenonTime":"2026-09-29T06:00:00Z","reportId":"0-20000-0-42587-202609290600","reportTime":"2026-09-29T06:00:00Z","units":"CODE TABLE","value":null,"wigos_station_identifier":"0-20000-0-42587","id":"0-20000-0-42587-202609290600-11"},"type":"Feature"},{"geometry":{"coordinates":[85.1,25.6],"type":"Point"},"id":"0-20000-0-42492-202609290600-19","properties":{"description":"CLOUD COVERING 1/2 OR LESS OF THE SKY THROUGHOUT THE APPROPRIATE PERIOD","name":"past_weather2","phenomenonTime":"2026-09-29T06:00:00Z","reportId":"0-20000-0-42492-202609290600","reportTime":"2026-09-29T06:00:00Z","units":"CODE TABLE","value":null,"wigos_station_identifier":"0-20000-0-42492","id":"0-20000-0-42492-202609290600-19"},"type":"Feature"},{"geometry":{"coordinates":[84.95,24.75],"type":"Point"},"id":"0-20000-0-42591-202609290600-3","properties":{"description":null,"name":"dewpoint_temperature","phenomenonTime":"2026-09-29T06:00:00Z","reportId":"0-20000-0-42591-202609290600","reportTime":"2026-09-29T06:00:00Z","units":"Celsius","value":25.4,"wigos_station_identifier":"0-20000-0-42591","id":"0-20000-0-42591-202609290600-3"},"type":"Feature"},{"geometry":{"coordinates":[84.06667,24.05],"type":"Point"},"id":"0-20000-0-42587-202609290600-12","properties":{"description":"STRATOCUMULUS (SC)","name":"cloud_type","phenomenonTime":"2026-09-29T06:00:00Z","reportId":"0-20000-0-42587-202609290600","reportTime":"2026-09-29T06:00:00Z","units":"CODE TABLE","value":null,"wigos_station_identifier":"0-20000-0-42587","id":"0-20000-0-42587-202609290600-12"},"type":"Feature"},{"geometry":{"coordinates":[85.1,25.6],"type":"Point"},"id":"0-20000-0-42492-202609290600-20","properties":{"description":null,"name":"wind_direction","phenomenonTime":"2026-09-29T05:50:00Z/2026-09-29T06:00:00Z","reportId":"0-20000-0-42492-202609290600","reportTime":"2026-09-29T06:00:00Z","units":"deg","value":290.0,"wigos_station_identifier":"0-20000-0-42492","id":"0-20000-0-42492-202609290600-20"},"type":"Feature"},{"geometry":{"coordinates":[84.95,24.75],"type":"Point"},"id":"0-20000-0-42591-202609290600-4","properties":{"description":null,"name":"horizontal_visibility","phenomenonTime":"2026-09-29T06:00:00Z","reportId":"0-20000-0-42591-202609290600","reportTime":"2026-09-29T06:00:00Z","units":"m","value":2000.0,"wigos_station_identifier":"0-20000-0-42591","id":"0-20000-0-42591-202609290600-4"},"type":"Feature"},{"geometry":{"coordinates":[84.06667,24.05],"type":"Point"},"id":"0-20000-0-42587-202609290600-13","properties":{"description":null,"name":"height_of_base_of_cloud","phenomenonTime":"2026-09-29T06:00:00Z","reportId":"0-20000-0-42587-202609290600","reportTime":"2026-09-29T06:00:00Z","units":"m","value":600.0,"wigos_station_identifier":"0-20000-0-42587","id":"0-20000-0-42587-202609290600-13"},"type":"Feature"},{"geometry":{"coordinates":[85.1,25.6],"type":"Point"},"id":"0-20000-0-42492-202609290600-21","properties":{"description":null,"name":"wind_speed","phenomenonTime":"2026-09-29T05:50:00Z/2026-09-29T06:00:00Z","reportId":"0-20000-0-42492-202609290600","reportTime":"2026-09-29T06:00:00Z","units":"m/s","value":2.6,"wigos_station_identifier":"0-20000-0-42492","id":"0-20000-0-42492-202609290600-21"},"type":"Feature"},{"geometry":{"coordinates":[84.95,24.75],"type":"Point"},"id":"0-20000-0-42591-202609290600-5","properties":{"description":null,"name":"cloud_cover_total","phenomenonTime":"2026-09-29T06:00:00Z","reportId":"0-20000-0-42591-202609290600","reportTime":"2026-09-29T06:00:00Z","units":"%","value":63.0,"wigos_station_identifier":"0-20000-0-42591","id":"0-20000-0-42591-202609290600-5"},"type":"Feature"},{"geometry":{"coordinates":[84.06667,24.05],"type":"Point"},"id":"0-20000-0-42587-202609290600-14","properties":{"description":"3 OKTAS","name":"cloud_amount","phenomenonTime":"2026-09-29T06:00:00Z","reportId":"0-20000-0-42587-202609290600","reportTime":"2026-09-29T06:00:00Z","units":"CODE TABLE","value":null,"wigos_station_identifier":"0-20000-0-42587","id":"0-20000-0-42587-202609290600-14"},"type":"Feature"},{"geometry":{"coordinates":[84.95,24.75],"type":"Point"},"id":"0-20000-0-42591-202609290600-6","properties":{"description":"4 OKTAS","name":"cloud_amount","phenomenonTime":"2026-09-29T06:00:00Z","reportId":"0-20000-0-42591-202609290600","reportTime":"2026-09-29T06:00:00Z","units":"CODE TABLE","value":null,"wigos_station_identifier":"0-20000-0-42591","id":"0-20000-0-42591-202609290600-6"},"type":"Feature"},{"geometry":{"coordinates":[84.95,24.75],"type":"Point"},"id":"0-20000-0-42591-202609290600-7","properties":{"description":null,"name":"height_of_base_of_cloud","phenomenonTime":"2026-09-29T06:00:00Z","reportId":"0-20000-0-42591-202609290600","reportTime":"2026-09-29T06:00:00Z","units":"m","value":540.0,"wigos_station_identifier":"0-20000-0-42591","id":"0-20000-0-42591-202609290600-7"},"type":"Feature"},{"geometry":{"coordinates":[84.06667,24.05],"type":"Point"},"id":"0-20000-0-42587-202609290600-15","properties":{"description":"ALTOCUMULUS (AC)","name":"cloud_type","phenomenonTime":"2026-09-29T06:00:00Z","reportId":"0-20000-0-42587-202609290600","reportTime":"2026-09-29T06:00:00Z","units":"CODE TABLE","value":null,"wigos_station_identifier":"0-20000-0-42587","id":"0-20000-0-42587-202609290600-15"},"type":"Feature"},{"geometry":{"coordinates":[84.95,24.75],"type":"Point"},"id":"0-20000-0-42591-202609290600-8","properties":{"description":"STRATOCUMULUS CUMULOGENITUS","name":"cloud_type","phenomenonTime":"2026-09-29T06:00:00Z","reportId":"0-20000-0-42591-202609290600","reportTime":"2026-09-29T06:00:00Z","units":"CODE TABLE","value":null,"wigos_station_identifier":"0-20000-0-42591","id":"0-20000-0-42591-202609290600-8"},"type":"Feature"},{"geometry":{"coordinates":[84.06667,24.05],"type":"Point"},"id":"0-20000-0-42587-202609290600-16","properties":{"description":null,"name":"height_of_base_of_cloud","phenomenonTime":"2026-09-29T06:00:00Z","reportId":"0-20000-0-42587-202609290600","reportTime":"2026-09-29T06:00:00Z","units":"m","value":3000.0,"wigos_station_identifier":"0-20000-0-42587","id":"0-20000-0-42587-202609290600-16"},"type":"Feature"},{"geometry":{"coordinates":[84.95,24.75],"type":"Point"},"id":"0-20000-0-42591-202609290600-9","properties":{"description":"ALTOCUMULUS TRANSLUCIDUS AT A SINGLE LEVEL","name":"cloud_type","phenomenonTime":"2026-09-29T06:00:00Z","reportId":"0-20000-0-42591-202609290600","reportTime":"2026-09-29T06:00:00Z","units":"CODE TABLE","value":null,"wigos_station_identifier":"0-20000-0-42591","id":"0-20000-0-42591-202609290600-9"},"type":"Feature"},{"geometry":{"coordinates":[84.06667,24.05],"type":"Point"},"id":"0-20000-0-42587-202609290600-17","properties":{"description":"HAZE","name":"present_weather","phenomenonTime":"2026-09-29T06:00:00Z","reportId":"0-20000-0-42587-202609290600","reportTime":"2026-09-29T06:00:00Z","units":"CODE TABLE","value":null,"wigos_station_identifier":"0-20000-0-42587","id":"0-20000-0-42587-202609290600-17"},"type":"Feature"},{"geometry":{"coordinates":[84.95,24.75],"type":"Point"},"id":"0-20000-0-42591-202609290600-10","properties":{"description":"NO CH CLOUDS","name":"cloud_type","phenomenonTime":"2026-09-29T06:00:00Z","reportId":"0-20000-0-42591-202609290600","reportTime":"2026-09-29T06:00:00Z","units":"CODE TABLE","value":null,"wigos_station_identifier":"0-20000-0-42591","id":"0-20000-0-42591-202609290600-10"},"type":"Feature"},{"geometry":{"coordinates":[84.06667,24.05],"type":"Point"},"id":"0-20000-0-42587-202609290600-18","properties":{"description":"CLOUD COVERING MORE THAN 1/2 OF THE SKY THROUGHOUT THE APPROPRIATE PERIOD","name":"past_weather1","phenomenonTime":"2026-09-29T06:00:00Z","reportId":"0-20000-0-42587-202609290600","reportTime":"2026-09-29T06:00:00Z","units":"CODE TABLE","value":null,"wigos_station_identifier":"0-20000-0-42587","id":"0-20000-0-42587-202609290600-18"},"type":"Feature"},{"geometry":{"coordinates":[84.95,24.75],"type":"Point"},"id":"0-20000-0-42591-202609290600-11","properties":{"description":"3 OKTAS","name":"cloud_amount","phenomenonTime":"2026-09-29T06:00:00Z","reportId":"0-20000-0-42591-202609290600","reportTime":"2026-09-29T06:00:00Z","units":"CODE TABLE","value":null,"wigos_station_identifier":"0-20000-0-42591","id":"0-20000-0-42591-202609290600-11"},"type":"Feature"},{"geometry":{"coordinates":[84.06667,24.05],"type":"Point"},"id":"0-20000-0-42587-202609290600-19","properties":{"description":"CLOUD COVERING 1/2 OR LESS OF THE SKY THROUGHOUT THE APPROPRIATE PERIOD","name":"past_weather2","phenomenonTime":"2026-09-29T06:00:00Z","reportId":"0-20000-0-42587-202609290600","reportTime":"2026-09-29T06:00:00Z","units":"CODE TABLE","value":null,"wigos_station_identifier":"0-20000-0-42587","id":"0-20000-0-42587-202609290600-19"},"type":"Feature"},{"geometry":{"coordinates":[84.95,24.75],"type":"Point"},"id":"0-20000-0-42591-202609290600-12","properties":{"description":"STRATOCUMULUS (SC)","name":"cloud_type","phenomenonTime":"2026-09-29T06:00:00Z","reportId":"0-20000-0-42591-202609290600","reportTime":"2026-09-29T06:00:00Z","units":"CODE TABLE","value":null,"wigos_station_identifier":"0-20000-0-42591","id":"0-20000-0-42591-202609290600-12"},"type":"Feature"},{"geometry":{"coordinates":[84.06667,24.05],"type":"Point"},"id":"0-20000-0-42587-202609290600-20","properties":{"description":null,"name":"wind_direction","phenomenonTime":"2026-09-29T05:50:00Z/2026-09-29T06:00:00Z","reportId":"0-20000-0-42587-202609290600","reportTime":"2026-09-29T06:00:00Z","units":"deg","value":270.0,"wigos_station_identifier":"0-20000-0-42587","id":"0-20000-0-42587-202609290600-20"},"type":"Feature"},{"geometry":{"coordinates":[84.95,24.75],"type":"Point"},"id":"0-20000-0-42591-202609290600-13","properties":{"description":null,"name":"height_of_base_of_cloud","phenomenonTime":"2026-09-29T06:00:00Z","reportId":"0-20000-0-42591-202609290600","reportTime":"2026-09-29T06:00:00Z","units":"m","value":540.0,"wigos_station_identifier":"0-20000-0-42591","id":"0-20000-0-42591-202609290600-13"},"type":"Feature"},{"geometry":{"coordinates":[84.06667,24.05],"type":"Point"},"id":"0-20000-0-42587-202609290600-21","properties":{"description":null,"name":"wind_speed","phenomenonTime":"2026-09-29T05:50:00Z/2026-09-29T06:00:00Z","reportId":"0-20000-0-42587-202609290600","reportTime":"2026-09-29T06:00:00Z","units":"m/s","value":1.5,"wigos_station_identifier":"0-20000-0-42587","id":"0-20000-0-42587-202609290600-21"},"type":"Feature"},{"geometry":{"coordinates":[84.95,24.75],"type":"Point"},"id":"0-20000-0-42591-202609290600-14","properties":{"description":"3 OKTAS","name":"cloud_amount","phenomenonTime":"2026-09-29T06:00:00Z","reportId":"0-20000-0-42591-202609290600","reportTime":"2026-09-29T06:00:00Z","units":"CODE TABLE","value":null,"wigos_station_identifier":"0-20000-0-42591","id":"0-20000-0-42591-202609290600-14"},"type":"Feature"},{"geometry":{"coordinates":[84.95,24.75],"type":"Point"},"id":"0-20000-0-42591-202609290600-15","properties":{"description":"CUMULUS (CU)","name":"cloud_type","phenomenonTime":"2026-09-29T06:00:00Z","reportId":"0-20000-0-42591-202609290600","reportTime":"2026-09-29T06:00:00Z","units":"CODE TABLE","value":null,"wigos_station_identifier":"0-20000-0-42591","id":"0-20000-0-42591-202609290600-15"},"type":"Feature"},{"geometry":{"coordinates":[84.95,24.75],"type":"Point"},"id":"0-20000-0-42591-202609290600-16","properties":{"description":null,"name":"height_of_base_of_cloud","phenomenonTime":"2026-09-29T06:00:00Z","reportId":"0-20000-0-42591-202609290600","reportTime":"2026-09-29T06:00:00Z","units":"m","value":750.0,"wigos_station_identifier":"0-20000-0-42591","id":"0-20000-0-42591-202609290600-16"},"type":"Feature"},{"geometry":{"coordinates":[84.95,24.75],"type":"Point"},"id":"0-20000-0-42591-202609290600-17","properties":{"description":"HAZE","name":"present_weather","phenomenonTime":"2026-09-29T06:00:00Z","reportId":"0-20000-0-42591-202609290600","reportTime":"2026-09-29T06:00:00Z","units":"CODE TABLE","value":null,"wigos_station_identifier":"0-20000-0-42591","id":"0-20000-0-42591-202609290600-17"},"type":"Feature"},{"geometry":{"coordinates":[84.95,24.75],"type":"Point"},"id":"0-20000-0-42591-202609290600-18","properties":{"description":"CLOUD COVERING MORE THAN 1/2 OF THE SKY THROUGHOUT THE APPROPRIATE PERIOD","name":"past_weather1","phenomenonTime":"2026-09-29T06:00:00Z","reportId":"0-20000-0-42591-202609290600","reportTime":"2026-09-29T06:00:00Z","units":"CODE TABLE","value":null,"wigos_station_identifier":"0-20000-0-42591","id":"0-20000-0-42591-202609290600-18"},"type":"Feature"},{"geometry":{"coordinates":[84.95,24.75],"type":"Point"},"id":"0-20000-0-42591-202609290600-19","properties":{"description":"CLOUD COVERING MORE THAN 1/2 OF THE SKY DURING PART OF THE APPROPRIATE PERIOD AND COVERING 1/2 OR LESS DURING PART OF THE PERIOD","name":"past_weather2","phenomenonTime":"2026-09-29T06:00:00Z","reportId":"0-20000-0-42591-202609290600","reportTime":"2026-09-29T06:00:00Z","units":"CODE TABLE","value":null,"wigos_station_identifier":"0-20000-0-42591","id":"0-20000-0-42591-202609290600-19"},"type":"Feature"},{"geometry":{"coordinates":[84.95,24.75],"type":"Point"},"id":"0-20000-0-42591-202609290600-20","properties":{"description":null,"name":"wind_direction","phenomenonTime":"2026-09-29T05:50:00Z/2026-09-29T06:00:00Z","reportId":"0-20000-0-42591-202609290600","reportTime":"2026-09-29T06:00:00Z","units":"deg","value":320.0,"wigos_station_identifier":"0-20000-0-42591","id":"0-20000-0-42591-202609290600-20"},"type":"Feature"},{"geometry":{"coordinates":[84.95,24.75],"type":"Point"},"id":"0-20000-0-42591-202609290600-21","properties":{"description":null,"name":"wind_speed","phenomenonTime":"2026-09-29T05:50:00Z/2026-09-29T06:00:00Z","reportId":"0-20000-0-42591-202609290600","reportTime":"2026-09-29T06:00:00Z","units":"m/s","value":3.1,"wigos_station_identifier":"0-20000-0-42591","id":"0-20000-0-42591-202609290600-21"},"type":"Feature"},{"geometry":{"coordinates":[85.1,25.6],"type":"Point"},"id":"0-20000-0-42492-202609290900-19","properties":{"description":null,"name":"wind_speed","phenomenonTime":"2026-09-29T08:50:00Z/2026-09-29T09:00:00Z","reportId":"0-20000-0-42492-202609290900","reportTime":"2026-09-29T09:00:00Z","units":"m/s","value":1.0,"wigos_station_identifier":"0-20000-0-42492","id":"0-20000-0-42492-202609290900-19"},"type":"Feature"},{"geometry":{"coordinates":[84.06,24.05],"type":"Point"},"id":"0-20000-0-42587-202609290900-19","properties":{"description":null,"name":"wind_speed","phenomenonTime":"2026-09-29T08:50:00Z/2026-09-29T09:00:00Z","reportId":"0-20000-0-42587-202609290900","reportTime":"2026-09-29T09:00:00Z","units":"m/s","value":1.0,"wigos_station_identifier":"0-20000-0-42587","id":"0-20000-0-42587-202609290900-19"},"type":"Feature"},{"geometry":{"coordinates":[84.95,24.75],"type":"Point"},"id":"0-20000-0-42591-202609290900-19","properties":{"description":null,"name":"wind_direction","phenomenonTime":"2026-09-29T08:50:00Z/2026-09-29T09:00:00Z","reportId":"0-20000-0-42591-202609290900","reportTime":"2026-09-29T09:00:00Z","units":"deg","value":290.0,"wigos_station_identifier":"0-20000-0-42591","id":"0-20000-0-42591-202609290900-19"},"type":"Feature"},{"geometry":{"coordinates":[84.95,24.75],"type":"Point"},"id":"0-20000-0-42591-202609290900-20","properties":{"description":null,"name":"wind_speed","phenomenonTime":"2026-09-29T08:50:00Z/2026-09-29T09:00:00Z","reportId":"0-20000-0-42591-202609290900","reportTime":"2026-09-29T09:00:00Z","units":"m/s","value":3.1,"wigos_station_identifier":"0-20000-0-42591","id":"0-20000-0-42591-202609290900-20"},"type":"Feature"},{"geometry":{"coordinates":[85.1,25.6],"type":"Point"},"id":"0-20000-0-42492-202609290900-0","properties":{"description":null,"name":"pressure_reduced_to_mean_sea_level","phenomenonTime":"2026-09-29T09:00:00Z","reportId":"0-20000-0-42492-202609290900","reportTime":"2026-09-29T09:00:00Z","units":"hPa","value":1007.6,"wigos_station_identifier":"0-20000-0-42492","id":"0-20000-0-42492-202609290900-0"},"type":"Feature"},{"geometry":{"coordinates":[85.1,25.6],"type":"Point"},"id":"0-20000-0-42492-202609290900-1","properties":{"description":null,"name":"24hour_pressure_change","phenomenonTime":"2026-09-29T09:00:00Z","reportId":"0-20000-0-42492-202609290900","reportTime":"2026-09-29T09:00:00Z","units":"hPa","value":1.0,"wigos_station_identifier":"0-20000-0-42492","id":"0-20000-0-42492-202609290900-1"},"type":"Feature"},{"geometry":{"coordinates":[85.1,25.6],"type":"Point"},"id":"0-20000-0-42492-202609290900-2","properties":{"description":null,"name":"air_temperature","phenomenonTime":"2026-09-29T09:00:00Z","reportId":"0-20000-0-42492-202609290900","reportTime":"2026-09-29T09:00:00Z","units":"Celsius","value":32.0,"wigos_station_identifier":"0-20000-0-42492","id":"0-20000-0-42492-202609290900-2"},"type":"Feature"},{"geometry":{"coordinates":[84.06667,24.05],"type":"Point"},"id":"0-20000-0-42587-202609290900-0","properties":{"description":null,"name":"pressure_reduced_to_mean_sea_level","phenomenonTime":"2026-09-29T09:00:00Z","reportId":"0-20000-0-42587-202609290900","reportTime":"2026-09-29T09:00:00Z","units":"hPa","value":1007.9,"wigos_station_identifier":"0-20000-0-42587","id":"0-20000-0-42587-202609290900-0"},"type":"Feature"},{"geometry":{"coordinates":[85.1,25.6],"type":"Point"},"id":"0-20000-0-42492-202609290900-3","properties":{"description":null,"name":"dewpoint_temperature","phenomenonTime":"2026-09-29T09:00:00Z","reportId":"0-20000-0-42492-202609290900","reportTime":"2026-09-29T09:00:00Z","units":"Celsius","value":24.3,"wigos_station_identifier":"0-20000-0-42492","id":"0-20000-0-42492-202609290900-3"},"type":"Feature"},{"geometry":{"coordinates":[85.1,25.6],"type":"Point"},"id":"0-20000-0-42492-202609290900-4","properties":{"description":null,"name":"horizontal_visibility","phenomenonTime":"2026-09-29T09:00:00Z","reportId":"0-20000-0-42492-202609290900","reportTime":"2026-09-29T09:00:00Z","units":"m","value":4000.0,"wigos_station_identifier":"0-20000-0-42492","id":"0-20000-0-42492-202609290900-4"},"type":"Feature"},{"geometry":{"coordinates":[84.06667,24.05],"type":"Point"},"id":"0-20000-0-42587-202609290900-1","properties":{"description":null,"name":"24hour_pressure_change","phenomenonTime":"2026-09-29T09:00:00Z","reportId":"0-20000-0-42587-202609290900","reportTime":"2026-09-29T09:00:00Z","units":"hPa","value":1.3,"wigos_station_identifier":"0-20000-0-42587","id":"0-20000-0-42587-202609290900-1"},"type":"Feature"},{"geometry":{"coordinates":[85.1,25.6],"type":"Point"},"id":"0-20000-0-42492-202609290900-5","properties":{"description":null,"name":"cloud_cover_total","phenomenonTime":"2026-09-29T09:00:00Z","reportId":"0-20000-0-42492-202609290900","reportTime":"2026-09-29T09:00:00Z","units":"%","value":25.0,"wigos_station_identifier":"0-20000-0-42492","id":"0-20000-0-42492-202609290900-5"},"type":"Feature"},{"geometry":{"coordinates":[84.06667,24.05],"type":"Point"},"id":"0-20000-0-42587-202609290900-2","properties":{"description":null,"name":"air_temperature","phenomenonTime":"2026-09-29T09:00:00Z","reportId":"0-20000-0-42587-202609290900","reportTime":"2026-09-29T09:00:00Z","units":"Celsius","value":33.4,"wigos_station_identifier":"0-20000-0-42587","id":"0-20000-0-42587-202609290900-2"},"type":"Feature"},{"geometry":{"coordinates":[84.06667,24.05],"type":"Point"},"id":"0-20000-0-42587-202609290900-3","properties":{"description":null,"name":"dewpoint_temperature","phenomenonTime":"2026-09-29T09:00:00Z","reportId":"0-20000-0-42587-202609290900","reportTime":"2026-09-29T09:00:00Z","units":"Celsius","value":24.0,"wigos_station_identifier":"0-20000-0-42587","id":"0-20000-0-42587-202609290900-3"},"type":"Feature"},{"geometry":{"coordinates":[85.1,25.6],"type":"Point"},"id":"0-20000-0-42492-202609290900-7","properties":{"description":null,"name":"height_of_base_of_cloud","phenomenonTime":"2026-09-29T09:00:00Z","reportId":"0-20000-0-42492-202609290900","reportTime":"2026-09-29T09:00:00Z","units":"m","value":600.0,"wigos_station_identifier":"0-20000-0-42492","id":"0-20000-0-42492-202609290900-7"},"type":"Feature"},{"geometry":{"coordinates":[84.06667,24.05],"type":"Point"},"id":"0-20000-0-42587-202609290900-4","properties":{"description":null,"name":"horizontal_visibility","phenomenonTime":"2026-09-29T09:00:00Z","reportId":"0-20000-0-42587-202609290900","reportTime":"2026-09-29T09:00:00Z","units":"m","value":4000.0,"wigos_station_identifier":"0-20000-0-42587","id":"0-20000-0-42587-202609290900-4"},"type":"Feature"},{"geometry":{"coordinates":[85.1,25.6],"type":"Point"},"id":"0-20000-0-42492-202609290900-8","properties":{"description":"STRATOCUMULUS OTHER THAN STRATOCUMULUS CUMULOGENITUS","name":"cloud_type","phenomenonTime":"2026-09-29T09:00:00Z","reportId":"0-20000-0-42492-202609290900","reportTime":"2026-09-29T09:00:00Z","units":"CODE TABLE","value":null,"wigos_station_identifier":"0-20000-0-42492","id":"0-20000-0-42492-202609290900-8"},"type":"Feature"},{"geometry":{"coordinates":[84.06667,24.05],"type":"Point"},"id":"0-20000-0-42587-202609290900-5","properties":{"description":null,"name":"cloud_cover_total","phenomenonTime":"2026-09-29T09:00:00Z","reportId":"0-20000-0-42587-202609290900","reportTime":"2026-09-29T09:00:00Z","units":"%","value":38.0,"wigos_station_identifier":"0-20000-0-42587","id":"0-20000-0-42587-202609290900-5"},"type":"Feature"},{"geometry":{"coordinates":[85.1,25.6],"type":"Point"},"id":"0-20000-0-42492-202609290900-9","properties":{"description":"NO CM CLOUDS","name":"cloud_type","phenomenonTime":"2026-09-29T09:00:00Z","reportId":"0-20000-0-42492-202609290900","reportTime":"2026-09-29T09:00:00Z","units":"CODE TABLE","value":null,"wigos_station_identifier":"0-20000-0-42492","id":"0-20000-0-42492-202609290900-9"},"type":"Feature"},{"geometry":{"coordinates":[84.06667,24.05],"type":"Point"},"id":"0-20000-0-42587-202609290900-6","properties":{"description":"3 OKTAS","name":"cloud_amount","phenomenonTime":"2026-09-29T09:00:00Z","reportId":"0-20000-0-42587-202609290900","reportTime":"2026-09-29T09:00:00Z","units":"CODE TABLE","value":null,"wigos_station_identifier":"0-20000-0-42587","id":"0-20000-0-42587-202609290900-6"},"type":"Feature"},{"geometry":{"coordinates":[85.1,25.6],"type":"Point"},"id":"0-20000-0-42492-202609290900-10","properties":{"description":"NO CH CLOUDS","name":"cloud_type","phenomenonTime":"2026-09-29T09:00:00Z","reportId":"0-20000-0-42492-202609290900","reportTime":"2026-09-29T09:00:00Z","units":"CODE TABLE","value":null,"wigos_station_identifier":"0-20000-0-42492","id":"0-20000-0-42492-202609290900-10"},"type":"Feature"},{"geometry":{"coordinates":[84.06667,24.05],"type":"Point"},"id":"0-20000-0-42587-202609290900-7","properties":{"description":null,"name":"height_of_base_of_cloud","phenomenonTime":"2026-09-29T09:00:00Z","reportId":"0-20000-0-42587-202609290900","reportTime":"2026-09-29T09:00:00Z","units":"m","value":600.0,"wigos_station_identifier":"0-20000-0-42587","id":"0-20000-0-42587-202609290900-7"},"type":"Feature"},{"geometry":{"coordinates":[85.1,25.6],"type":"Point"},"id":"0-20000-0-42492-202609290900-11","properties":{"description":"2 OKTAS","name":"cloud_amount","phenomenonTime":"2026-09-29T09:00:00Z","reportId":"0-20000-0-42492-202609290900","reportTime":"2026-09-29T09:00:00Z","units":"CODE TABLE","value":null,"wigos_station_identifier":"0-20000-0-42492","id":"0-20000-0-42492-202609290900-11"},"type":"Feature"},{"geometry":{"coordinates":[84.06667,24.05],"type":"Point"},"id":"0-20000-0-42587-202609290900-8","properties":{"description":"STRATOCUMULUS OTHER THAN STRATOCUMULUS CUMULOGENITUS","name":"cloud_type","phenomenonTime":"2026-09-29T09:00:00Z","reportId":"0-20000-0-42587-202609290900","reportTime":"2026-09-29T09:00:00Z","units":"CODE TABLE","value":null,"wigos_station_identifier":"0-20000-0-42587","id":"0-20000-0-42587-202609290900-8"},"type":"Feature"},{"geometry":{"coordinates":[84.06667,24.05],"type":"Point"},"id":"0-20000-0-42587-202609290900-9","properties":{"description":"NO CM CLOUDS","name":"cloud_type","phenomenonTime":"2026-09-29T09:00:00Z","reportId":"0-20000-0-42587-202609290900","reportTime":"2026-09-29T09:00:00Z","units":"CODE TABLE","value":null,"wigos_station_identifier":"0-20000-0-42587","id":"0-20000-0-42587-202609290900-9"},"type":"Feature"},{"geometry":{"coordinates":[85.1,25.6],"type":"Point"},"id":"0-20000-0-42492-202609290900-12","properties":{"description":"STRATOCUMULUS (SC)","name":"cloud_type","phenomenonTime":"2026-09-29T09:00:00Z","reportId":"0-20000-0-42492-202609290900","reportTime":"2026-09-29T09:00:00Z","units":"CODE TABLE","value":null,"wigos_station_identifier":"0-20000-0-42492","id":"0-20000-0-42492-202609290900-12"},"type":"Feature"},{"geometry":{"coordinates":[85.1,25.6],"type":"Point"},"id":"0-20000-0-42492-202609290900-13","properties":{"description":null,"name":"height_of_base_of_cloud","phenomenonTime":"2026-09-29T09:00:00Z","reportId":"0-20000-0-42492-202609290900","reportTime":"2026-09-29T09:00:00Z","units":"m","value":600.0,"wigos_station_identifier":"0-20000-0-42492","id":"0-20000-0-42492-202609290900-13"},"type":"Feature"},{"geometry":{"coordinates":[84.06667,24.05],"type":"Point"},"id":"0-20000-0-42587-202609290900-10","properties":{"description":"NO CH CLOUDS","name":"cloud_type","phenomenonTime":"2026-09-29T09:00:00Z","reportId":"0-20000-0-42587-202609290900","reportTime":"2026-09-29T09:00:00Z","units":"CODE TABLE","value":null,"wigos_station_identifier":"0-20000-0-42587","id":"0-20000-0-42587-202609290900-10"},"type":"Feature"},{"geometry":{"coordinates":[85.1,25.6],"type":"Point"},"id":"0-20000-0-42492-202609290900-14","properties":{"description":"HAZE","name":"present_weather","phenomenonTime":"2026-09-29T09:00:00Z","reportId":"0-20000-0-42492-202609290900","reportTime":"2026-09-29T09:00:00Z","units":"CODE TABLE","value":null,"wigos_station_identifier":"0-20000-0-42492","id":"0-20000-0-42492-202609290900-14"},"type":"Feature"},{"geometry":{"coordinates":[84.06667,24.05],"type":"Point"},"id":"0-20000-0-42587-202609290900-11","properties":{"description":"3 OKTAS","name":"cloud_amount","phenomenonTime":"2026-09-29T09:00:00Z","reportId":"0-20000-0-42587-202609290900","reportTime":"2026-09-29T09:00:00Z","units":"CODE TABLE","value":null,"wigos_station_identifier":"0-20000-0-42587","id":"0-20000-0-42587-202609290900-11"},"type":"Feature"},{"geometry":{"coordinates":[85.1,25.6],"type":"Point"},"id":"0-20000-0-42492-202609290900-15","properties":{"description":"CLOUD COVERING 1/2 OR LESS OF THE SKY THROUGHOUT THE APPROPRIATE PERIOD","name":"past_weather1","phenomenonTime":"2026-09-29T09:00:00Z","reportId":"0-20000-0-42492-202609290900","reportTime":"2026-09-29T09:00:00Z","units":"CODE TABLE","value":null,"wigos_station_identifier":"0-20000-0-42492","id":"0-20000-0-42492-202609290900-15"},"type":"Feature"},{"geometry":{"coordinates":[84.06667,24.05],"type":"Point"},"id":"0-20000-0-42587-202609290900-12","properties":{"description":"STRATOCUMULUS (SC)","name":"cloud_type","phenomenonTime":"2026-09-29T09:00:00Z","reportId":"0-20000-0-42587-202609290900","reportTime":"2026-09-29T09:00:00Z","units":"CODE TABLE","value":null,"wigos_station_identifier":"0-20000-0-42587","id":"0-20000-0-42587-202609290900-12"},"type":"Feature"},{"geometry":{"coordinates":[85.1,25.6],"type":"Point"},"id":"0-20000-0-42492-202609290900-16","properties":{"description":"CLOUD COVERING 1/2 OR LESS OF THE SKY THROUGHOUT THE APPROPRIATE PERIOD","name":"past_weather2","phenomenonTime":"2026-09-29T09:00:00Z","reportId":"0-20000-0-42492-202609290900","reportTime":"2026-09-29T09:00:00Z","units":"CODE TABLE","value":null,"wigos_station_identifier":"0-20000-0-42492","id":"0-20000-0-42492-202609290900-16"},"type":"Feature"},{"geometry":{"coordinates":[84.06667,24.05],"type":"Point"},"id":"0-20000-0-42587-202609290900-13","properties":{"description":null,"name":"height_of_base_of_cloud","phenomenonTime":"2026-09-29T09:00:00Z","reportId":"0-20000-0-42587-202609290900","reportTime":"2026-09-29T09:00:00Z","units":"m","value":600.0,"wigos_station_identifier":"0-20000-0-42587","id":"0-20000-0-42587-202609290900-13"},"type":"Feature"},{"geometry":{"coordinates":[85.1,25.6],"type":"Point"},"id":"0-20000-0-42492-202609290900-17","properties":{"description":null,"name":"wind_direction","phenomenonTime":"2026-09-29T08:50:00Z/2026-09-29T09:00:00Z","reportId":"0-20000-0-42492-202609290900","reportTime":"2026-09-29T09:00:00Z","units":"deg","value":360.0,"wigos_station_identifier":"0-20000-0-42492","id":"0-20000-0-42492-202609290900-17"},"type":"Feature"},{"geometry":{"coordinates":[84.06667,24.05],"type":"Point"},"id":"0-20000-0-42587-202609290900-14","properties":{"description":"HAZE","name":"present_weather","phenomenonTime":"2026-09-29T09:00:00Z","reportId":"0-20000-0-42587-202609290900","reportTime":"2026-09-29T09:00:00Z","units":"CODE TABLE","value":null,"wigos_station_identifier":"0-20000-0-42587","id":"0-20000-0-42587-202609290900-14"},"type":"Feature"},{"geometry":{"coordinates":[85.1,25.6],"type":"Point"},"id":"0-20000-0-42492-202609290900-18","properties":{"description":null,"name":"wind_speed","phenomenonTime":"2026-09-29T08:50:00Z/2026-09-29T09:00:00Z","reportId":"0-20000-0-42492-202609290900","reportTime":"2026-09-29T09:00:00Z","units":"m/s","value":1.0,"wigos_station_identifier":"0-20000-0-42492","id":"0-20000-0-42492-202609290900-18"},"type":"Feature"},{"geometry":{"coordinates":[84.06667,24.05],"type":"Point"},"id":"0-20000-0-42587-202609290900-15","properties":{"description":"CLOUD COVERING 1/2 OR LESS OF THE SKY THROUGHOUT THE APPROPRIATE PERIOD","name":"past_weather1","phenomenonTime":"2026-09-29T09:00:00Z","reportId":"0-20000-0-42587-202609290900","reportTime":"2026-09-29T09:00:00Z","units":"CODE TABLE","value":null,"wigos_station_identifier":"0-20000-0-42587","id":"0-20000-0-42587-202609290900-15"},"type":"Feature"},{"geometry":{"coordinates":[84.06667,24.05],"type":"Point"},"id":"0-20000-0-42587-202609290900-16","properties":{"description":"CLOUD COVERING 1/2 OR LESS OF THE SKY THROUGHOUT THE APPROPRIATE PERIOD","name":"past_weather2","phenomenonTime":"2026-09-29T09:00:00Z","reportId":"0-20000-0-42587-202609290900","reportTime":"2026-09-29T09:00:00Z","units":"CODE TABLE","value":null,"wigos_station_identifier":"0-20000-0-42587","id":"0-20000-0-42587-202609290900-16"},"type":"Feature"},{"geometry":{"coordinates":[84.06667,24.05],"type":"Point"},"id":"0-20000-0-42587-202609290900-17","properties":{"description":null,"name":"wind_direction","phenomenonTime":"2026-09-29T08:50:00Z/2026-09-29T09:00:00Z","reportId":"0-20000-0-42587-202609290900","reportTime":"2026-09-29T09:00:00Z","units":"deg","value":270.0,"wigos_station_identifier":"0-20000-0-42587","id":"0-20000-0-42587-202609290900-17"},"type":"Feature"},{"geometry":{"coordinates":[84.06667,24.05],"type":"Point"},"id":"0-20000-0-42587-202609290900-18","properties":{"description":null,"name":"wind_speed","phenomenonTime":"2026-09-29T08:50:00Z/2026-09-29T09:00:00Z","reportId":"0-20000-0-42587-202609290900","reportTime":"2026-09-29T09:00:00Z","units":"m/s","value":1.0,"wigos_station_identifier":"0-20000-0-42587","id":"0-20000-0-42587-202609290900-18"},"type":"Feature"},{"geometry":{"coordinates":[84.95,24.75],"type":"Point"},"id":"0-20000-0-42591-202609290900-0","properties":{"description":null,"name":"pressure_reduced_to_mean_sea_level","phenomenonTime":"2026-09-29T09:00:00Z","reportId":"0-20000-0-42591-202609290900","reportTime":"2026-09-29T09:00:00Z","units":"hPa","value":1009.0,"wigos_station_identifier":"0-20000-0-42591","id":"0-20000-0-42591-202609290900-0"},"type":"Feature"},{"geometry":{"coordinates":[84.95,24.75],"type":"Point"},"id":"0-20000-0-42591-202609290900-1","properties":{"description":null,"name":"24hour_pressure_change","phenomenonTime":"2026-09-29T09:00:00Z","reportId":"0-20000-0-42591-202609290900","reportTime":"2026-09-29T09:00:00Z","units":"hPa","value":1.2,"wigos_station_identifier":"0-20000-0-42591","id":"0-20000-0-42591-202609290900-1"},"type":"Feature"},{"geometry":{"coordinates":[84.95,24.75],"type":"Point"},"id":"0-20000-0-42591-202609290900-2","properties":{"description":null,"name":"air_temperature","phenomenonTime":"2026-09-29T09:00:00Z","reportId":"0-20000-0-42591-202609290900","reportTime":"2026-09-29T09:00:00Z","units":"Celsius","value":30.6,"wigos_station_identifier":"0-20000-0-42591","id":"0-20000-0-42591-202609290900-2"},"type":"Feature"},{"geometry":{"coordinates":[84.95,24.75],"type":"Point"},"id":"0-20000-0-42591-202609290900-3","properties":{"description":null,"name":"dewpoint_temperature","phenomenonTime":"2026-09-29T09:00:00Z","reportId":"0-20000-0-42591-202609290900","reportTime":"2026-09-29T09:00:00Z","units":"Celsius","value":25.5,"wigos_station_identifier":"0-20000-0-42591","id":"0-20000-0-42591-202609290900-3"},"type":"Feature"},{"geometry":{"coordinates":[84.95,24.75],"type":"Point"},"id":"0-20000-0-42591-202609290900-4","properties":{"description":null,"name":"horizontal_visibility","phenomenonTime":"2026-09-29T09:00:00Z","reportId":"0-20000-0-42591-202609290900","reportTime":"2026-09-29T09:00:00Z","units":"m","value":2000.0,"wigos_station_identifier":"0-20000-0-42591","id":"0-20000-0-42591-202609290900-4"},"type":"Feature"},{"geometry":{"coordinates":[84.95,24.75],"type":"Point"},"id":"0-20000-0-42591-202609290900-5","properties":{"description":null,"name":"cloud_cover_total","phenomenonTime":"2026-09-29T09:00:00Z","reportId":"0-20000-0-42591-202609290900","reportTime":"2026-09-29T09:00:00Z","units":"%","value":75.0,"wigos_station_identifier":"0-20000-0-42591","id":"0-20000-0-42591-202609290900-5"},"type":"Feature"},{"geometry":{"coordinates":[84.95,24.75],"type":"Point"},"id":"0-20000-0-42591-202609290900-6","properties":{"description":"4 OKTAS","name":"cloud_amount","phenomenonTime":"2026-09-29T09:00:00Z","reportId":"0-20000-0-42591-202609290900","reportTime":"2026-09-29T09:00:00Z","units":"CODE TABLE","value":null,"wigos_station_identifier":"0-20000-0-42591","id":"0-20000-0-42591-202609290900-6"},"type":"Feature"},{"geometry":{"coordinates":[84.95,24.75],"type":"Point"},"id":"0-20000-0-42591-202609290900-7","properties":{"description":null,"name":"height_of_base_of_cloud","phenomenonTime":"2026-09-29T09:00:00Z","reportId":"0-20000-0-42591-202609290900","reportTime":"2026-09-29T09:00:00Z","units":"m","value":540.0,"wigos_station_identifier":"0-20000-0-42591","id":"0-20000-0-42591-202609290900-7"},"type":"Feature"},{"geometry":{"coordinates":[84.95,24.75],"type":"Point"},"id":"0-20000-0-42591-202609290900-8","properties":{"description":"STRATOCUMULUS CUMULOGENITUS","name":"cloud_type","phenomenonTime":"2026-09-29T09:00:00Z","reportId":"0-20000-0-42591-202609290900","reportTime":"2026-09-29T09:00:00Z","units":"CODE TABLE","value":null,"wigos_station_identifier":"0-20000-0-42591","id":"0-20000-0-42591-202609290900-8"},"type":"Feature"},{"geometry":{"coordinates":[84.95,24.75],"type":"Point"},"id":"0-20000-0-42591-202609290900-9","properties":{"description":"ALTOCUMULUS TRANSLUCIDUS AT A SINGLE LEVEL","name":"cloud_type","phenomenonTime":"2026-09-29T09:00:00Z","reportId":"0-20000-0-42591-202609290900","reportTime":"2026-09-29T09:00:00Z","units":"CODE TABLE","value":null,"wigos_station_identifier":"0-20000-0-42591","id":"0-20000-0-42591-202609290900-9"},"type":"Feature"},{"geometry":{"coordinates":[84.95,24.75],"type":"Point"},"id":"0-20000-0-42591-202609290900-10","properties":{"description":"NO CH CLOUDS","name":"cloud_type","phenomenonTime":"2026-09-29T09:00:00Z","reportId":"0-20000-0-42591-202609290900","reportTime":"2026-09-29T09:00:00Z","units":"CODE TABLE","value":null,"wigos_station_identifier":"0-20000-0-42591","id":"0-20000-0-42591-202609290900-10"},"type":"Feature"},{"geometry":{"coordinates":[84.95,24.75],"type":"Point"},"id":"0-20000-0-42591-202609290900-11","properties":{"description":"3 OKTAS","name":"cloud_amount","phenomenonTime":"2026-09-29T09:00:00Z","reportId":"0-20000-0-42591-202609290900","reportTime":"2026-09-29T09:00:00Z","units":"CODE TABLE","value":null,"wigos_station_identifier":"0-20000-0-42591","id":"0-20000-0-42591-202609290900-11"},"type":"Feature"},{"geometry":{"coordinates":[84.95,24.75],"type":"Point"},"id":"0-20000-0-42591-202609290900-12","properties":{"description":"STRATOCUMULUS (SC)","name":"cloud_type","phenomenonTime":"2026-09-29T09:00:00Z","reportId":"0-20000-0-42591-202609290900","reportTime":"2026-09-29T09:00:00Z","units":"CODE TABLE","value":null,"wigos_station_identifier":"0-20000-0-42591","id":"0-20000-0-42591-202609290900-12"},"type":"Feature"},{"geometry":{"coordinates":[84.95,24.75],"type":"Point"},"id":"0-20000-0-42591-202609290900-13","properties":{"description":null,"name":"height_of_base_of_cloud","phenomenonTime":"2026-09-29T09:00:00Z","reportId":"0-20000-0-42591-202609290900","reportTime":"2026-09-29T09:00:00Z","units":"m","value":540.0,"wigos_station_identifier":"0-20000-0-42591","id":"0-20000-0-42591-202609290900-13"},"type":"Feature"},{"geometry":{"coordinates":[84.95,24.75],"type":"Point"},"id":"0-20000-0-42591-202609290900-14","properties":{"description":"HAZE","name":"present_weather","phenomenonTime":"2026-09-29T09:00:00Z","reportId":"0-20000-0-42591-202609290900","reportTime":"2026-09-29T09:00:00Z","units":"CODE TABLE","value":null,"wigos_station_identifier":"0-20000-0-42591","id":"0-20000-0-42591-202609290900-14"},"type":"Feature"},{"geometry":{"coordinates":[84.95,24.75],"type":"Point"},"id":"0-20000-0-42591-202609290900-15","properties":{"description":"CLOUD COVERING MORE THAN 1/2 OF THE SKY THROUGHOUT THE APPROPRIATE PERIOD","name":"past_weather1","phenomenonTime":"2026-09-29T09:00:00Z","reportId":"0-20000-0-42591-202609290900","reportTime":"2026-09-29T09:00:00Z","units":"CODE TABLE","value":null,"wigos_station_identifier":"0-20000-0-42591","id":"0-20000-0-42591-202609290900-15"},"type":"Feature"},{"geometry":{"coordinates":[84.95,24.75],"type":"Point"},"id":"0-20000-0-42591-202609290900-17","properties":{"description":null,"name":"wind_direction","phenomenonTime":"2026-09-29T08:50:00Z/2026-09-29T09:00:00Z","reportId":"0-20000-0-42591-202609290900","reportTime":"2026-09-29T09:00:00Z","units":"deg","value":290.0,"wigos_station_identifier":"0-20000-0-42591","id":"0-20000-0-42591-202609290900-17"},"type":"Feature"},{"geometry":{"coordinates":[84.95,24.75],"type":"Point"},"id":"0-20000-0-42591-202609290900-18","properties":{"description":null,"name":"wind_speed","phenomenonTime":"2026-09-29T08:50:00Z/2026-09-29T09:00:00Z","reportId":"0-20000-0-42591-202609290900","reportTime":"2026-09-29T09:00:00Z","units":"m/s","value":3.1,"wigos_station_identifier":"0-20000-0-42591","id":"0-20000-0-42591-202609290900-18"},"type":"Feature"},{"geometry":{"coordinates":[85.1,25.6],"type":"Point"},"id":"0-20000-0-42492-202609290600-0","properties":{"description":null,"name":"pressure_reduced_to_mean_sea_level","phenomenonTime":"2026-09-29T06:00:00Z","reportId":"0-20000-0-42492-202609290600","reportTime":"2026-09-29T06:00:00Z","units":"hPa","value":1009.9,"wigos_station_identifier":"0-20000-0-42492","id":"0-20000-0-42492-202609290600-0"},"type":"Feature"},{"geometry":{"coordinates":[85.1,25.6],"type":"Point"},"id":"0-20000-0-42492-202609290600-1","properties":{"description":null,"name":"24hour_pressure_change","phenomenonTime":"2026-09-29T06:00:00Z","reportId":"0-20000-0-42492-202609290600","reportTime":"2026-09-29T06:00:00Z","units":"hPa","value":1.4,"wigos_station_identifier":"0-20000-0-42492","id":"0-20000-0-42492-202609290600-1"},"type":"Feature"},{"geometry":{"coordinates":[85.1,25.6],"type":"Point"},"id":"0-20000-0-42492-202609290600-2","properties":{"description":null,"name":"air_temperature","phenomenonTime":"2026-09-29T06:00:00Z","reportId":"0-20000-0-42492-202609290600","reportTime":"2026-09-29T06:00:00Z","units":"Celsius","value":31.6,"wigos_station_identifier":"0-20000-0-42492","id":"0-20000-0-42492-202609290600-2"},"type":"Feature"},{"geometry":{"coordinates":[85.1,25.6],"type":"Point"},"id":"0-20000-0-42492-202609290600-3","properties":{"description":null,"name":"dewpoint_temperature","phenomenonTime":"2026-09-29T06:00:00Z","reportId":"0-20000-0-42492-202609290600","reportTime":"2026-09-29T06:00:00Z","units":"Celsius","value":24.5,"wigos_station_identifier":"0-20000-0-42492","id":"0-20000-0-42492-202609290600-3"},"type":"Feature"},{"geometry":{"coordinates":[85.1,25.6],"type":"Point"},"id":"0-20000-0-42492-202609290600-4","properties":{"description":null,"name":"horizontal_visibility","phenomenonTime":"2026-09-29T06:00:00Z","reportId":"0-20000-0-42492-202609290600","reportTime":"2026-09-29T06:00:00Z","units":"m","value":4000.0,"wigos_station_identifier":"0-20000-0-42492","id":"0-20000-0-42492-202609290600-4"},"type":"Feature"},{"geometry":{"coordinates":[85.1,25.6],"type":"Point"},"id":"0-20000-0-42492-202609290600-5","properties":{"description":null,"name":"cloud_cover_total","phenomenonTime":"2026-09-29T06:00:00Z","reportId":"0-20000-0-42492-202609290600","reportTime":"2026-09-29T06:00:00Z","units":"%","value":50.0,"wigos_station_identifier":"0-20000-0-42492","id":"0-20000-0-42492-202609290600-5"},"type":"Feature"},{"geometry":{"coordinates":[85.1,25.6],"type":"Point"},"id":"0-20000-0-42492-202609290600-7","properties":{"description":null,"name":"height_of_base_of_cloud","phenomenonTime":"2026-09-29T06:00:00Z","reportId":"0-20000-0-42492-202609290600","reportTime":"2026-09-29T06:00:00Z","units":"m","value":540.0,"wigos_station_identifier":"0-20000-0-42492","id":"0-20000-0-42492-202609290600-7"},"type":"Feature"},{"geometry":{"coordinates":[85.1,25.6],"type":"Point"},"id":"0-20000-0-42492-202609290600-8","properties":{"description":"STRATOCUMULUS CUMULOGENITUS","name":"cloud_type","phenomenonTime":"2026-09-29T06:00:00Z","reportId":"0-20000-0-42492-202609290600","reportTime":"2026-09-29T06:00:00Z","units":"CODE TABLE","value":null,"wigos_station_identifier":"0-20000-0-42492","id":"0-20000-0-42492-202609290600-8"},"type":"Feature"},{"geometry":{"coordinates":[85.1,25.6],"type":"Point"},"id":"0-20000-0-42492-202609290600-9","properties":{"description":"NO CM CLOUDS","name":"cloud_type","phenomenonTime":"2026-09-29T06:00:00Z","reportId":"0-20000-0-42492-202609290600","reportTime":"2026-09-29T06:00:00Z","units":"CODE TABLE","value":null,"wigos_station_identifier":"0-20000-0-42492","id":"0-20000-0-42492-202609290600-9"},"type":"Feature"},{"geometry":{"coordinates":[85.1,25.6],"type":"Point"},"id":"0-20000-0-42492-202609290600-10","properties":{"description":"NO CH CLOUDS","name":"cloud_type","phenomenonTime":"2026-09-29T06:00:00Z","reportId":"0-20000-0-42492-202609290600","reportTime":"2026-09-29T06:00:00Z","units":"CODE TABLE","value":null,"wigos_station_identifier":"0-20000-0-42492","id":"0-20000-0-42492-202609290600-10"},"type":"Feature"},{"geometry":{"coordinates":[85.1,25.6],"type":"Point"},"id":"0-20000-0-42492-202609290600-11","properties":{"description":"2 OKTAS","name":"cloud_amount","phenomenonTime":"2026-09-29T06:00:00Z","reportId":"0-20000-0-42492-202609290600","reportTime":"2026-09-29T06:00:00Z","units":"CODE TABLE","value":null,"wigos_station_identifier":"0-20000-0-42492","id":"0-20000-0-42492-202609290600-11"},"type":"Feature"},{"geometry":{"coordinates":[85.1,25.6],"type":"Point"},"id":"0-20000-0-42492-202609290600-12","properties":{"description":"STRATOCUMULUS (SC)","name":"cloud_type","phenomenonTime":"2026-09-29T06:00:00Z","reportId":"0-20000-0-42492-202609290600","reportTime":"2026-09-29T06:00:00Z","units":"CODE TABLE","value":null,"wigos_station_identifier":"0-20000-0-42492","id":"0-20000-0-42492-202609290600-12"},"type":"Feature"},{"geometry":{"coordinates":[85.1,25.6],"type":"Point"},"id":"0-20000-0-42492-202609290600-13","properties":{"description":null,"name":"height_of_base_of_cloud","phenomenonTime":"2026-09-29T06:00:00Z","reportId":"0-20000-0-42492-202609290600","reportTime":"2026-09-29T06:00:00Z","units":"m","value":540.0,"wigos_station_identifier":"0-20000-0-42492","id":"0-20000-0-42492-202609290600-13"},"type":"Feature"},{"geometry":{"coordinates":[85.1,25.6],"type":"Point"},"id":"0-20000-0-42492-202609290600-14","properties":{"description":"HAZE","name":"present_weather","phenomenonTime":"2026-09-29T06:00:00Z","reportId":"0-20000-0-42492-202609290600","reportTime":"2026-09-29T06:00:00Z","units":"CODE TABLE","value":null,"wigos_station_identifier":"0-20000-0-42492","id":"0-20000-0-42492-202609290600-14"},"type":"Feature"},{"geometry":{"coordinates":[85.1,25.6],"type":"Point"},"id":"0-20000-0-42492-202609290600-15","properties":{"description":"CLOUD COVERING 1/2 OR LESS OF THE SKY THROUGHOUT THE APPROPRIATE PERIOD","name":"past_weather1","phenomenonTime":"2026-09-29T06:00:00Z","reportId":"0-20000-0-42492-202609290600","reportTime":"2026-09-29T06:00:00Z","units":"CODE TABLE","value":null,"wigos_station_identifier":"0-20000-0-42492","id":"0-20000-0-42492-202609290600-15"},"type":"Feature"},{"geometry":{"coordinates":[85.1,25.6],"type":"Point"},"id":"0-20000-0-42492-202609290600-16","properties":{"description":"CLOUD COVERING 1/2 OR LESS OF THE SKY THROUGHOUT THE APPROPRIATE PERIOD","name":"past_weather2","phenomenonTime":"2026-09-29T06:00:00Z","reportId":"0-20000-0-42492-202609290600","reportTime":"2026-09-29T06:00:00Z","units":"CODE TABLE","value":null,"wigos_station_identifier":"0-20000-0-42492","id":"0-20000-0-42492-202609290600-16"},"type":"Feature"},{"geometry":{"coordinates":[85.1,25.6],"type":"Point"},"id":"0-20000-0-42492-202609290600-17","properties":{"description":null,"name":"wind_direction","phenomenonTime":"2026-09-29T05:50:00Z/2026-09-29T06:00:00Z","reportId":"0-20000-0-42492-202609290600","reportTime":"2026-09-29T06:00:00Z","units":"deg","value":290.0,"wigos_station_identifier":"0-20000-0-42492","id":"0-20000-0-42492-202609290600-17"},"type":"Feature"},{"geometry":{"coordinates":[85.1,25.6],"type":"Point"},"id":"0-20000-0-42492-202609290600-18","properties":{"description":null,"name":"wind_speed","phenomenonTime":"2026-09-29T05:50:00Z/2026-09-29T06:00:00Z","reportId":"0-20000-0-42492-202609290600","reportTime":"2026-09-29T06:00:00Z","units":"m/s","value":2.6,"wigos_station_identifier":"0-20000-0-42492","id":"0-20000-0-42492-202609290600-18"},"type":"Feature"},{"geometry":{"coordinates":[85.1,25.6],"type":"Point"},"id":"0-20000-0-42492-202609290600-6","properties":{"description":"4 OKTAS","name":"cloud_amount","phenomenonTime":"2026-09-29T06:00:00Z","reportId":"0-20000-0-42492-202609290600","reportTime":"2026-09-29T06:00:00Z","units":"CODE TABLE","value":null,"wigos_station_identifier":"0-20000-0-42492","id":"0-20000-0-42492-202609290600-6"},"type":"Feature"},{"geometry":{"coordinates":[85.1,25.6],"type":"Point"},"id":"0-20000-0-42492-202609290900-6","properties":{"description":"2 OKTAS","name":"cloud_amount","phenomenonTime":"2026-09-29T09:00:00Z","reportId":"0-20000-0-42492-202609290900","reportTime":"2026-09-29T09:00:00Z","units":"CODE TABLE","value":null,"wigos_station_identifier":"0-20000-0-42492","id":"0-20000-0-42492-202609290900-6"},"type":"Feature"},{"geometry":{"coordinates":[84.95,24.75],"type":"Point"},"id":"0-20000-0-42591-202609290900-16","properties":{"description":"CLOUD COVERING MORE THAN 1/2 OF THE SKY THROUGHOUT THE APPROPRIATE PERIOD","name":"past_weather2","phenomenonTime":"2026-09-29T09:00:00Z","reportId":"0-20000-0-42591-202609290900","reportTime":"2026-09-29T09:00:00Z","units":"CODE TABLE","value":null,"wigos_station_identifier":"0-20000-0-42591","id":"0-20000-0-42591-202609290900-16"},"type":"Feature"},{"geometry":{"coordinates":[85.1,25.6],"type":"Point"},"id":"0-20000-0-42492-202609291200-19","properties":{"description":null,"name":"maximum_temperature_at_height_and_over_period_specified","phenomenonTime":"2026-09-29T11:00:00Z/2026-09-29T12:00:00Z","reportId":"0-20000-0-42492-202609291200","reportTime":"2026-09-29T12:00:00Z","units":"Celsius","value":32.5,"wigos_station_identifier":"0-20000-0-42492","id":"0-20000-0-42492-202609291200-19"},"type":"Feature"},{"geometry":{"coordinates":[85.1,25.6],"type":"Point"},"id":"0-20000-0-42492-202609291200-20","properties":{"description":null,"name":"maximum_temperature_at_height_and_over_period_specified","phenomenonTime":"2026-09-29T00:00:00Z/2026-09-29T12:00:00Z","reportId":"0-20000-0-42492-202609291200","reportTime":"2026-09-29T12:00:00Z","units":"Celsius","value":32.5,"wigos_station_identifier":"0-20000-0-42492","id":"0-20000-0-42492-202609291200-20"},"type":"Feature"},{"geometry":{"coordinates":[84.18,24.91],"type":"Point"},"id":"0-20000-0-42588-202609291200-0","properties":{"description":null,"name":"pressure_reduced_to_mean_sea_level","phenomenonTime":"2026-09-29T12:00:00Z","reportId":"0-20000-0-42588-202609291200","reportTime":"2026-09-29T12:00:00Z","units":"hPa","value":1007.3,"wigos_station_identifier":"0-20000-0-42588","id":"0-20000-0-42588-202609291200-0"},"type":"Feature"},{"geometry":{"coordinates":[84.18,24.91],"type":"Point"},"id":"0-20000-0-42588-202609291200-1","properties":{"description":null,"name":"24hour_pressure_change","phenomenonTime":"2026-09-29T12:00:00Z","reportId":"0-20000-0-42588-202609291200","reportTime":"2026-09-29T12:00:00Z","units":"hPa","value":0.9,"wigos_station_identifier":"0-20000-0-42588","id":"0-20000-0-42588-202609291200-1"},"type":"Feature"},{"geometry":{"coordinates":[84.18,24.91],"type":"Point"},"id":"0-20000-0-42588-202609291200-2","properties":{"description":null,"name":"air_temperature","phenomenonTime":"2026-09-29T12:00:00Z","reportId":"0-20000-0-42588-202609291200","reportTime":"2026-09-29T12:00:00Z","units":"Celsius","value":29.6,"wigos_station_identifier":"0-20000-0-42588","id":"0-20000-0-42588-202609291200-2"},"type":"Feature"},{"geometry":{"coordinates":[84.18,24.91],"type":"Point"},"id":"0-20000-0-42588-202609291200-3","properties":{"description":null,"name":"dewpoint_temperature","phenomenonTime":"2026-09-29T12:00:00Z","reportId":"0-20000-0-42588-202609291200","reportTime":"2026-09-29T12:00:00Z","units":"Celsius","value":26.8,"wigos_station_identifier":"0-20000-0-42588","id":"0-20000-0-42588-202609291200-3"},"type":"Feature"},{"geometry":{"coordinates":[84.18,24.91],"type":"Point"},"id":"0-20000-0-42588-202609291200-4","properties":{"description":null,"name":"horizontal_visibility","phenomenonTime":"2026-09-29T12:00:00Z","reportId":"0-20000-0-42588-202609291200","reportTime":"2026-09-29T12:00:00Z","units":"m","value":2000.0,"wigos_station_identifier":"0-20000-0-42588","id":"0-20000-0-42588-202609291200-4"},"type":"Feature"},{"geometry":{"coordinates":[84.18,24.91],"type":"Point"},"id":"0-20000-0-42588-202609291200-5","properties":{"description":null,"name":"cloud_cover_total","phenomenonTime":"2026-09-29T12:00:00Z","reportId":"0-20000-0-42588-202609291200","reportTime":"2026-09-29T12:00:00Z","units":"%","value":75.0,"wigos_station_identifier":"0-20000-0-42588","id":"0-20000-0-42588-202609291200-5"},"type":"Feature"},{"geometry":{"coordinates":[84.18,24.91],"type":"Point"},"id":"0-20000-0-42588-202609291200-6","properties":{"description":"6 OKTAS","name":"cloud_amount","phenomenonTime":"2026-09-29T12:00:00Z","reportId":"0-20000-0-42588-202609291200","reportTime":"2026-09-29T12:00:00Z","units":"CODE TABLE","value":null,"wigos_station_identifier":"0-20000-0-42588","id":"0-20000-0-42588-202609291200-6"},"type":"Feature"},{"geometry":{"coordinates":[84.18,24.91],"type":"Point"},"id":"0-20000-0-42588-202609291200-7","properties":{"description":null,"name":"height_of_base_of_cloud","phenomenonTime":"2026-09-29T12:00:00Z","reportId":"0-20000-0-42588-202609291200","reportTime":"2026-09-29T12:00:00Z","units":"m","value":600.0,"wigos_station_identifier":"0-20000-0-42588","id":"0-20000-0-42588-202609291200-7"},"type":"Feature"},{"geometry":{"coordinates":[84.18,24.91],"type":"Point"},"id":"0-20000-0-42588-202609291200-8","properties":{"description":"STRATOCUMULUS OTHER THAN STRATOCUMULUS CUMULOGENITUS","name":"cloud_type","phenomenonTime":"2026-09-29T12:00:00Z","reportId":"0-20000-0-42588-202609291200","reportTime":"2026-09-29T12:00:00Z","units":"CODE TABLE","value":null,"wigos_station_identifier":"0-20000-0-42588","id":"0-20000-0-42588-202609291200-8"},"type":"Feature"},{"geometry":{"coordinates":[84.18,24.91],"type":"Point"},"id":"0-20000-0-42588-202609291200-9","properties":{"description":"ALTOCUMULUS TRANSLUCIDUS IN BANDS, OR ONE OR MORE LAYERS OF ALTOCUMULUS TRANSLUCIDUS OR OPACUS, PROGRESSIVELY INVADING THE SKY; THESE ALTOCUMULUS CLOUDS GENERALLY THICKEN AS A WHOLE","name":"cloud_type","phenomenonTime":"2026-09-29T12:00:00Z","reportId":"0-20000-0-42588-202609291200","reportTime":"2026-09-29T12:00:00Z","units":"CODE TABLE","value":null,"wigos_station_identifier":"0-20000-0-42588","id":"0-20000-0-42588-202609291200-9"},"type":"Feature"},{"geometry":{"coordinates":[84.18,24.91],"type":"Point"},"id":"0-20000-0-42588-202609291200-10","properties":{"description":"NO CH CLOUDS","name":"cloud_type","phenomenonTime":"2026-09-29T12:00:00Z","reportId":"0-20000-0-42588-202609291200","reportTime":"2026-09-29T12:00:00Z","units":"CODE TABLE","value":null,"wigos_station_identifier":"0-20000-0-42588","id":"0-20000-0-42588-202609291200-10"},"type":"Feature"},{"geometry":{"coordinates":[84.18,24.91],"type":"Point"},"id":"0-20000-0-42588-202609291200-11","properties":{"description":"MIST","name":"present_weather","phenomenonTime":"2026-09-29T12:00:00Z","reportId":"0-20000-0-42588-202609291200","reportTime":"2026-09-29T12:00:00Z","units":"CODE TABLE","value":null,"wigos_station_identifier":"0-20000-0-42588","id":"0-20000-0-42588-202609291200-11"},"type":"Feature"},{"geometry":{"coordinates":[84.18,24.91],"type":"Point"},"id":"0-20000-0-42588-202609291200-12","properties":{"description":"CLOUD COVERING MORE THAN 1/2 OF THE SKY THROUGHOUT THE APPROPRIATE PERIOD","name":"past_weather1","phenomenonTime":"2026-09-29T06:00:00Z/2026-09-29T12:00:00Z","reportId":"0-20000-0-42588-202609291200","reportTime":"2026-09-29T12:00:00Z","units":"CODE TABLE","value":null,"wigos_station_identifier":"0-20000-0-42588","id":"0-20000-0-42588-202609291200-12"},"type":"Feature"},{"geometry":{"coordinates":[84.18,24.91],"type":"Point"},"id":"0-20000-0-42588-202609291200-13","properties":{"description":"CLOUD COVERING MORE THAN 1/2 OF THE SKY THROUGHOUT THE APPROPRIATE PERIOD","name":"past_weather2","phenomenonTime":"2026-09-29T06:00:00Z/2026-09-29T12:00:00Z","reportId":"0-20000-0-42588-202609291200","reportTime":"2026-09-29T12:00:00Z","units":"CODE TABLE","value":null,"wigos_station_identifier":"0-20000-0-42588","id":"0-20000-0-42588-202609291200-13"},"type":"Feature"},{"geometry":{"coordinates":[84.18,24.91],"type":"Point"},"id":"0-20000-0-42588-202609291200-14","properties":{"description":null,"name":"total_precipitation_or_total_water_equivalent","phenomenonTime":"2026-09-29T11:00:00Z/2026-09-29T12:00:00Z","reportId":"0-20000-0-42588-202609291200","reportTime":"2026-09-29T12:00:00Z","units":"kg m-2","value":0.0,"wigos_station_identifier":"0-20000-0-42588","id":"0-20000-0-42588-202609291200-14"},"type":"Feature"},{"geometry":{"coordinates":[84.18,24.91],"type":"Point"},"id":"0-20000-0-42588-202609291200-15","properties":{"description":null,"name":"maximum_temperature_at_height_and_over_period_specified","phenomenonTime":"2026-09-29T00:00:00Z/2026-09-29T12:00:00Z","reportId":"0-20000-0-42588-202609291200","reportTime":"2026-09-29T12:00:00Z","units":"Celsius","value":32.4,"wigos_station_identifier":"0-20000-0-42588","id":"0-20000-0-42588-202609291200-15"},"type":"Feature"},{"geometry":{"coordinates":[84.18,24.91],"type":"Point"},"id":"0-20000-0-42588-202609291200-16","properties":{"description":null,"name":"wind_direction","phenomenonTime":"2026-09-29T11:50:00Z/2026-09-29T12:00:00Z","reportId":"0-20000-0-42588-202609291200","reportTime":"2026-09-29T12:00:00Z","units":"deg","value":0.0,"wigos_station_identifier":"0-20000-0-42588","id":"0-20000-0-42588-202609291200-16"},"type":"Feature"},{"geometry":{"coordinates":[84.18,24.91],"type":"Point"},"id":"0-20000-0-42588-202609291200-17","properties":{"description":null,"name":"wind_speed","phenomenonTime":"2026-09-29T11:50:00Z/2026-09-29T12:00:00Z","reportId":"0-20000-0-42588-202609291200","reportTime":"2026-09-29T12:00:00Z","units":"m/s","value":0.0,"wigos_station_identifier":"0-20000-0-42588","id":"0-20000-0-42588-202609291200-17"},"type":"Feature"},{"geometry":{"coordinates":[84.91,26.66],"type":"Point"},"id":"0-20000-0-42383-202609291200-12","properties":{"description":null,"name":"wind_direction","phenomenonTime":"2026-09-29T11:50:00Z/2026-09-29T12:00:00Z","reportId":"0-20000-0-42383-202609291200","reportTime":"2026-09-29T12:00:00Z","units":"deg","value":0.0,"wigos_station_identifier":"0-20000-0-42383","id":"0-20000-0-42383-202609291200-12"},"type":"Feature"},{"geometry":{"coordinates":[84.91,26.66],"type":"Point"},"id":"0-20000-0-42383-202609291200-13","properties":{"description":null,"name":"wind_speed","phenomenonTime":"2026-09-29T11:50:00Z/2026-09-29T12:00:00Z","reportId":"0-20000-0-42383-202609291200","reportTime":"2026-09-29T12:00:00Z","units":"m/s","value":0.0,"wigos_station_identifier":"0-20000-0-42383","id":"0-20000-0-42383-202609291200-13"},"type":"Feature"},{"geometry":{"coordinates":[84.91,26.66],"type":"Point"},"id":"0-20000-0-42383-202609291200-0","properties":{"description":null,"name":"pressure_reduced_to_mean_sea_level","phenomenonTime":"2026-09-29T12:00:00Z","reportId":"0-20000-0-42383-202609291200","reportTime":"2026-09-29T12:00:00Z","units":"hPa","value":1008.8,"wigos_station_identifier":"0-20000-0-42383","id":"0-20000-0-42383-202609291200-0"},"type":"Feature"},{"geometry":{"coordinates":[84.91,26.66],"type":"Point"},"id":"0-20000-0-42383-202609291200-1","properties":{"description":null,"name":"24hour_pressure_change","phenomenonTime":"2026-09-29T12:00:00Z","reportId":"0-20000-0-42383-202609291200","reportTime":"2026-09-29T12:00:00Z","units":"hPa","value":0.7,"wigos_station_identifier":"0-20000-0-42383","id":"0-20000-0-42383-202609291200-1"},"type":"Feature"},{"geometry":{"coordinates":[84.91,26.66],"type":"Point"},"id":"0-20000-0-42383-202609291200-2","properties":{"description":null,"name":"air_temperature","phenomenonTime":"2026-09-29T12:00:00Z","reportId":"0-20000-0-42383-202609291200","reportTime":"2026-09-29T12:00:00Z","units":"Celsius","value":32.2,"wigos_station_identifier":"0-20000-0-42383","id":"0-20000-0-42383-202609291200-2"},"type":"Feature"},{"geometry":{"coordinates":[84.91,26.66],"type":"Point"},"id":"0-20000-0-42383-202609291200-3","properties":{"description":null,"name":"dewpoint_temperature","phenomenonTime":"2026-09-29T12:00:00Z","reportId":"0-20000-0-42383-202609291200","reportTime":"2026-09-29T12:00:00Z","units":"Celsius","value":25.5,"wigos_station_identifier":"0-20000-0-42383","id":"0-20000-0-42383-202609291200-3"},"type":"Feature"},{"geometry":{"coordinates":[84.91,26.66],"type":"Point"},"id":"0-20000-0-42383-202609291200-4","properties":{"description":null,"name":"horizontal_visibility","phenomenonTime":"2026-09-29T12:00:00Z","reportId":"0-20000-0-42383-202609291200","reportTime":"2026-09-29T12:00:00Z","units":"m","value":4000.0,"wigos_station_identifier":"0-20000-0-42383","id":"0-20000-0-42383-202609291200-4"},"type":"Feature"},{"geometry":{"coordinates":[84.91,26.66],"type":"Point"},"id":"0-20000-0-42383-202609291200-5","properties":{"description":null,"name":"cloud_cover_total","phenomenonTime":"2026-09-29T12:00:00Z","reportId":"0-20000-0-42383-202609291200","reportTime":"2026-09-29T12:00:00Z","units":"%","value":0.0,"wigos_station_identifier":"0-20000-0-42383","id":"0-20000-0-42383-202609291200-5"},"type":"Feature"},{"geometry":{"coordinates":[84.91,26.66],"type":"Point"},"id":"0-20000-0-42383-202609291200-6","properties":{"description":null,"name":"height_of_base_of_cloud","phenomenonTime":"2026-09-29T12:00:00Z","reportId":"0-20000-0-42383-202609291200","reportTime":"2026-09-29T12:00:00Z","units":"m","value":0.0,"wigos_station_identifier":"0-20000-0-42383","id":"0-20000-0-42383-202609291200-6"},"type":"Feature"},{"geometry":{"coordinates":[84.91,26.66],"type":"Point"},"id":"0-20000-0-42383-202609291200-7","properties":{"description":"HAZE","name":"present_weather","phenomenonTime":"2026-09-29T12:00:00Z","reportId":"0-20000-0-42383-202609291200","reportTime":"2026-09-29T12:00:00Z","units":"CODE TABLE","value":null,"wigos_station_identifier":"0-20000-0-42383","id":"0-20000-0-42383-202609291200-7"},"type":"Feature"},{"geometry":{"coordinates":[84.91,26.66],"type":"Point"},"id":"0-20000-0-42383-202609291200-8","properties":{"description":"CLOUD COVERING 1/2 OR LESS OF THE SKY THROUGHOUT THE APPROPRIATE PERIOD","name":"past_weather1","phenomenonTime":"2026-09-29T06:00:00Z/2026-09-29T12:00:00Z","reportId":"0-20000-0-42383-202609291200","reportTime":"2026-09-29T12:00:00Z","units":"CODE TABLE","value":null,"wigos_station_identifier":"0-20000-0-42383","id":"0-20000-0-42383-202609291200-8"},"type":"Feature"},{"geometry":{"coordinates":[84.91,26.66],"type":"Point"},"id":"0-20000-0-42383-202609291200-9","properties":{"description":"CLOUD COVERING 1/2 OR LESS OF THE SKY THROUGHOUT THE APPROPRIATE PERIOD","name":"past_weather2","phenomenonTime":"2026-09-29T06:00:00Z/2026-09-29T12:00:00Z","reportId":"0-20000-0-42383-202609291200","reportTime":"2026-09-29T12:00:00Z","units":"CODE TABLE","value":null,"wigos_station_identifier":"0-20000-0-42383","id":"0-20000-0-42383-202609291200-9"},"type":"Feature"},{"geometry":{"coordinates":[84.91,26.66],"type":"Point"},"id":"0-20000-0-42383-202609291200-10","properties":{"description":null,"name":"total_precipitation_or_total_water_equivalent","phenomenonTime":"2026-09-29T11:00:00Z/2026-09-29T12:00:00Z","reportId":"0-20000-0-42383-202609291200","reportTime":"2026-09-29T12:00:00Z","units":"kg m-2","value":0.0,"wigos_station_identifier":"0-20000-0-42383","id":"0-20000-0-42383-202609291200-10"},"type":"Feature"},{"geometry":{"coordinates":[84.91,26.66],"type":"Point"},"id":"0-20000-0-42383-202609291200-11","properties":{"description":null,"name":"maximum_temperature_at_height_and_over_period_specified","phenomenonTime":"2026-09-29T00:00:00Z/2026-09-29T12:00:00Z","reportId":"0-20000-0-42383-202609291200","reportTime":"2026-09-29T12:00:00Z","units":"Celsius","value":33.6,"wigos_station_identifier":"0-20000-0-42383","id":"0-20000-0-42383-202609291200-11"},"type":"Feature"},{"geometry":{"coordinates":[85.1,25.6],"type":"Point"},"id":"0-20000-0-42492-202609291200-0","properties":{"description":null,"name":"pressure_reduced_to_mean_sea_level","phenomenonTime":"2026-09-29T12:00:00Z","reportId":"0-20000-0-42492-202609291200","reportTime":"2026-09-29T12:00:00Z","units":"hPa","value":1007.2,"wigos_station_identifier":"0-20000-0-42492","id":"0-20000-0-42492-202609291200-0"},"type":"Feature"},{"geometry":{"coordinates":[85.1,25.6],"type":"Point"},"id":"0-20000-0-42492-202609291200-1","properties":{"description":null,"name":"24hour_pressure_change","phenomenonTime":"2026-09-29T12:00:00Z","reportId":"0-20000-0-42492-202609291200","reportTime":"2026-09-29T12:00:00Z","units":"hPa","value":0.8,"wigos_station_identifier":"0-20000-0-42492","id":"0-20000-0-42492-202609291200-1"},"type":"Feature"},{"geometry":{"coordinates":[85.1,25.6],"type":"Point"},"id":"0-20000-0-42492-202609291200-2","properties":{"description":null,"name":"air_temperature","phenomenonTime":"2026-09-29T12:00:00Z","reportId":"0-20000-0-42492-202609291200","reportTime":"2026-09-29T12:00:00Z","units":"Celsius","value":30.4,"wigos_station_identifier":"0-20000-0-42492","id":"0-20000-0-42492-202609291200-2"},"type":"Feature"},{"geometry":{"coordinates":[85.1,25.6],"type":"Point"},"id":"0-20000-0-42492-202609291200-3","properties":{"description":null,"name":"dewpoint_temperature","phenomenonTime":"2026-09-29T12:00:00Z","reportId":"0-20000-0-42492-202609291200","reportTime":"2026-09-29T12:00:00Z","units":"Celsius","value":24.1,"wigos_station_identifier":"0-20000-0-42492","id":"0-20000-0-42492-202609291200-3"},"type":"Feature"},{"geometry":{"coordinates":[85.1,25.6],"type":"Point"},"id":"0-20000-0-42492-202609291200-4","properties":{"description":null,"name":"horizontal_visibility","phenomenonTime":"2026-09-29T12:00:00Z","reportId":"0-20000-0-42492-202609291200","reportTime":"2026-09-29T12:00:00Z","units":"m","value":4000.0,"wigos_station_identifier":"0-20000-0-42492","id":"0-20000-0-42492-202609291200-4"},"type":"Feature"},{"geometry":{"coordinates":[85.1,25.6],"type":"Point"},"id":"0-20000-0-42492-202609291200-5","properties":{"description":null,"name":"cloud_cover_total","phenomenonTime":"2026-09-29T12:00:00Z","reportId":"0-20000-0-42492-202609291200","reportTime":"2026-09-29T12:00:00Z","units":"%","value":25.0,"wigos_station_identifier":"0-20000-0-42492","id":"0-20000-0-42492-202609291200-5"},"type":"Feature"},{"geometry":{"coordinates":[85.1,25.6],"type":"Point"},"id":"0-20000-0-42492-202609291200-6","properties":{"description":"2 OKTAS","name":"cloud_amount","phenomenonTime":"2026-09-29T12:00:00Z","reportId":"0-20000-0-42492-202609291200","reportTime":"2026-09-29T12:00:00Z","units":"CODE TABLE","value":null,"wigos_station_identifier":"0-20000-0-42492","id":"0-20000-0-42492-202609291200-6"},"type":"Feature"},{"geometry":{"coordinates":[85.1,25.6],"type":"Point"},"id":"0-20000-0-42492-202609291200-7","properties":{"description":null,"name":"height_of_base_of_cloud","phenomenonTime":"2026-09-29T12:00:00Z","reportId":"0-20000-0-42492-202609291200","reportTime":"2026-09-29T12:00:00Z","units":"m","value":3000.0,"wigos_station_identifier":"0-20000-0-42492","id":"0-20000-0-42492-202609291200-7"},"type":"Feature"},{"geometry":{"coordinates":[85.1,25.6],"type":"Point"},"id":"0-20000-0-42492-202609291200-8","properties":{"description":"NO CL CLOUDS","name":"cloud_type","phenomenonTime":"2026-09-29T12:00:00Z","reportId":"0-20000-0-42492-202609291200","reportTime":"2026-09-29T12:00:00Z","units":"CODE TABLE","value":null,"wigos_station_identifier":"0-20000-0-42492","id":"0-20000-0-42492-202609291200-8"},"type":"Feature"},{"geometry":{"coordinates":[85.1,25.6],"type":"Point"},"id":"0-20000-0-42492-202609291200-10","properties":{"description":"NO CH CLOUDS","name":"cloud_type","phenomenonTime":"2026-09-29T12:00:00Z","reportId":"0-20000-0-42492-202609291200","reportTime":"2026-09-29T12:00:00Z","units":"CODE TABLE","value":null,"wigos_station_identifier":"0-20000-0-42492","id":"0-20000-0-42492-202609291200-10"},"type":"Feature"},{"geometry":{"coordinates":[85.1,25.6],"type":"Point"},"id":"0-20000-0-42492-202609291200-11","properties":{"description":"ALTOCUMULUS (AC)","name":"cloud_type","phenomenonTime":"2026-09-29T12:00:00Z","reportId":"0-20000-0-42492-202609291200","reportTime":"2026-09-29T12:00:00Z","units":"CODE TABLE","value":null,"wigos_station_identifier":"0-20000-0-42492","id":"0-20000-0-42492-202609291200-11"},"type":"Feature"},{"geometry":{"coordinates":[85.1,25.6],"type":"Point"},"id":"0-20000-0-42492-202609291200-12","properties":{"description":"HAZE","name":"present_weather","phenomenonTime":"2026-09-29T12:00:00Z","reportId":"0-20000-0-42492-202609291200","reportTime":"2026-09-29T12:00:00Z","units":"CODE TABLE","value":null,"wigos_station_identifier":"0-20000-0-42492","id":"0-20000-0-42492-202609291200-12"},"type":"Feature"},{"geometry":{"coordinates":[85.1,25.6],"type":"Point"},"id":"0-20000-0-42492-202609291200-14","properties":{"description":"CLOUD COVERING 1/2 OR LESS OF THE SKY THROUGHOUT THE APPROPRIATE PERIOD","name":"past_weather2","phenomenonTime":"2026-09-29T06:00:00Z/2026-09-29T12:00:00Z","reportId":"0-20000-0-42492-202609291200","reportTime":"2026-09-29T12:00:00Z","units":"CODE TABLE","value":null,"wigos_station_identifier":"0-20000-0-42492","id":"0-20000-0-42492-202609291200-14"},"type":"Feature"},{"geometry":{"coordinates":[85.1,25.6],"type":"Point"},"id":"0-20000-0-42492-202609291200-15","properties":{"description":null,"name":"total_precipitation_or_total_water_equivalent","phenomenonTime":"2026-09-29T11:00:00Z/2026-09-29T12:00:00Z","reportId":"0-20000-0-42492-202609291200","reportTime":"2026-09-29T12:00:00Z","units":"kg m-2","value":0.0,"wigos_station_identifier":"0-20000-0-42492","id":"0-20000-0-42492-202609291200-15"},"type":"Feature"},{"geometry":{"coordinates":[85.1,25.6],"type":"Point"},"id":"0-20000-0-42492-202609291200-16","properties":{"description":null,"name":"maximum_temperature_at_height_and_over_period_specified","phenomenonTime":"2026-09-29T00:00:00Z/2026-09-29T12:00:00Z","reportId":"0-20000-0-42492-202609291200","reportTime":"2026-09-29T12:00:00Z","units":"Celsius","value":32.5,"wigos_station_identifier":"0-20000-0-42492","id":"0-20000-0-42492-202609291200-16"},"type":"Feature"},{"geometry":{"coordinates":[85.1,25.6],"type":"Point"},"id":"0-20000-0-42492-202609291200-17","properties":{"description":null,"name":"wind_direction","phenomenonTime":"2026-09-29T11:50:00Z/2026-09-29T12:00:00Z","reportId":"0-20000-0-42492-202609291200","reportTime":"2026-09-29T12:00:00Z","units":"deg","value":90.0,"wigos_station_identifier":"0-20000-0-42492","id":"0-20000-0-42492-202609291200-17"},"type":"Feature"},{"geometry":{"coordinates":[85.1,25.6],"type":"Point"},"id":"0-20000-0-42492-202609291200-18","properties":{"description":null,"name":"wind_speed","phenomenonTime":"2026-09-29T11:50:00Z/2026-09-29T12:00:00Z","reportId":"0-20000-0-42492-202609291200","reportTime":"2026-09-29T12:00:00Z","units":"m/s","value":1.0,"wigos_station_identifier":"0-20000-0-42492","id":"0-20000-0-42492-202609291200-18"},"type":"Feature"},{"geometry":{"coordinates":[85.1,25.6],"type":"Point"},"id":"0-20000-0-42492-202609291200-9","properties":{"description":"ALTOCUMULUS TRANSLUCIDUS AT A SINGLE LEVEL","name":"cloud_type","phenomenonTime":"2026-09-29T12:00:00Z","reportId":"0-20000-0-42492-202609291200","reportTime":"2026-09-29T12:00:00Z","units":"CODE TABLE","value":null,"wigos_station_identifier":"0-20000-0-42492","id":"0-20000-0-42492-202609291200-9"},"type":"Feature"},{"geometry":{"coordinates":[85.1,25.6],"type":"Point"},"id":"0-20000-0-42492-202609291200-13","properties":{"description":"CLOUD COVERING 1/2 OR LESS OF THE SKY THROUGHOUT THE APPROPRIATE PERIOD","name":"past_weather1","phenomenonTime":"2026-09-29T06:00:00Z/2026-09-29T12:00:00Z","reportId":"0-20000-0-42492-202609291200","reportTime":"2026-09-29T12:00:00Z","units":"CODE TABLE","value":null,"wigos_station_identifier":"0-20000-0-42492","id":"0-20000-0-42492-202609291200-13"},"type":"Feature"},{"geometry":{"coordinates":[85.1,25.6],"type":"Point"},"id":"0-20000-0-42492-202609291800-19","properties":{"description":null,"name":"wind_speed","phenomenonTime":"2026-09-29T17:50:00Z/2026-09-29T18:00:00Z","reportId":"0-20000-0-42492-202609291800","reportTime":"2026-09-29T18:00:00Z","units":"m/s","value":0.0,"wigos_station_identifier":"0-20000-0-42492","id":"0-20000-0-42492-202609291800-19"},"type":"Feature"},{"geometry":{"coordinates":[84.06667,24.05],"type":"Point"},"id":"0-20000-0-42587-202609291800-0","properties":{"description":null,"name":"pressure_reduced_to_mean_sea_level","phenomenonTime":"2026-09-29T18:00:00Z","reportId":"0-20000-0-42587-202609291800","reportTime":"2026-09-29T18:00:00Z","units":"hPa","value":1010.0,"wigos_station_identifier":"0-20000-0-42587","id":"0-20000-0-42587-202609291800-0"},"type":"Feature"},{"geometry":{"coordinates":[84.06667,24.05],"type":"Point"},"id":"0-20000-0-42587-202609291800-1","properties":{"description":null,"name":"24hour_pressure_change","phenomenonTime":"2026-09-29T18:00:00Z","reportId":"0-20000-0-42587-202609291800","reportTime":"2026-09-29T18:00:00Z","units":"hPa","value":-0.2,"wigos_station_identifier":"0-20000-0-42587","id":"0-20000-0-42587-202609291800-1"},"type":"Feature"},{"geometry":{"coordinates":[85.1,25.6],"type":"Point"},"id":"0-20000-0-42492-202609291800-18","properties":{"description":null,"name":"wind_speed","phenomenonTime":"2026-09-29T17:50:00Z/2026-09-29T18:00:00Z","reportId":"0-20000-0-42492-202609291800","reportTime":"2026-09-29T18:00:00Z","units":"m/s","value":0.0,"wigos_station_identifier":"0-20000-0-42492","id":"0-20000-0-42492-202609291800-18"},"type":"Feature"},{"geometry":{"coordinates":[84.06667,24.05],"type":"Point"},"id":"0-20000-0-42587-202609291800-2","properties":{"description":null,"name":"air_temperature","phenomenonTime":"2026-09-29T18:00:00Z","reportId":"0-20000-0-42587-202609291800","reportTime":"2026-09-29T18:00:00Z","units":"Celsius","value":25.8,"wigos_station_identifier":"0-20000-0-42587","id":"0-20000-0-42587-202609291800-2"},"type":"Feature"},{"geometry":{"coordinates":[84.95,24.75],"type":"Point"},"id":"0-20000-0-42591-202609291800-0","properties":{"description":null,"name":"pressure_reduced_to_mean_sea_level","phenomenonTime":"2026-09-29T18:00:00Z","reportId":"0-20000-0-42591-202609291800","reportTime":"2026-09-29T18:00:00Z","units":"hPa","value":1010.3,"wigos_station_identifier":"0-20000-0-42591","id":"0-20000-0-42591-202609291800-0"},"type":"Feature"},{"geometry":{"coordinates":[84.95,24.75],"type":"Point"},"id":"0-20000-0-42591-202609291800-1","properties":{"description":null,"name":"24hour_pressure_change","phenomenonTime":"2026-09-29T18:00:00Z","reportId":"0-20000-0-42591-202609291800","reportTime":"2026-09-29T18:00:00Z","units":"hPa","value":-0.2,"wigos_station_identifier":"0-20000-0-42591","id":"0-20000-0-42591-202609291800-1"},"type":"Feature"},{"geometry":{"coordinates":[84.06667,24.05],"type":"Point"},"id":"0-20000-0-42587-202609291800-3","properties":{"description":null,"name":"dewpoint_temperature","phenomenonTime":"2026-09-29T18:00:00Z","reportId":"0-20000-0-42587-202609291800","reportTime":"2026-09-29T18:00:00Z","units":"Celsius","value":23.2,"wigos_station_identifier":"0-20000-0-42587","id":"0-20000-0-42587-202609291800-3"},"type":"Feature"},{"geometry":{"coordinates":[84.95,24.75],"type":"Point"},"id":"0-20000-0-42591-202609291800-2","properties":{"description":null,"name":"air_temperature","phenomenonTime":"2026-09-29T18:00:00Z","reportId":"0-20000-0-42591-202609291800","reportTime":"2026-09-29T18:00:00Z","units":"Celsius","value":26.4,"wigos_station_identifier":"0-20000-0-42591","id":"0-20000-0-42591-202609291800-2"},"type":"Feature"},{"geometry":{"coordinates":[84.06667,24.05],"type":"Point"},"id":"0-20000-0-42587-202609291800-4","properties":{"description":null,"name":"horizontal_visibility","phenomenonTime":"2026-09-29T18:00:00Z","reportId":"0-20000-0-42587-202609291800","reportTime":"2026-09-29T18:00:00Z","units":"m","value":4000.0,"wigos_station_identifier":"0-20000-0-42587","id":"0-20000-0-42587-202609291800-4"},"type":"Feature"},{"geometry":{"coordinates":[84.95,24.75],"type":"Point"},"id":"0-20000-0-42591-202609291800-3","properties":{"description":null,"name":"dewpoint_temperature","phenomenonTime":"2026-09-29T18:00:00Z","reportId":"0-20000-0-42591-202609291800","reportTime":"2026-09-29T18:00:00Z","units":"Celsius","value":25.0,"wigos_station_identifier":"0-20000-0-42591","id":"0-20000-0-42591-202609291800-3"},"type":"Feature"},{"geometry":{"coordinates":[84.06667,24.05],"type":"Point"},"id":"0-20000-0-42587-202609291800-5","properties":{"description":null,"name":"cloud_cover_total","phenomenonTime":"2026-09-29T18:00:00Z","reportId":"0-20000-0-42587-202609291800","reportTime":"2026-09-29T18:00:00Z","units":"%","value":0.0,"wigos_station_identifier":"0-20000-0-42587","id":"0-20000-0-42587-202609291800-5"},"type":"Feature"},{"geometry":{"coordinates":[84.95,24.75],"type":"Point"},"id":"0-20000-0-42591-202609291800-4","properties":{"description":null,"name":"horizontal_visibility","phenomenonTime":"2026-09-29T18:00:00Z","reportId":"0-20000-0-42591-202609291800","reportTime":"2026-09-29T18:00:00Z","units":"m","value":2000.0,"wigos_station_identifier":"0-20000-0-42591","id":"0-20000-0-42591-202609291800-4"},"type":"Feature"},{"geometry":{"coordinates":[84.06667,24.05],"type":"Point"},"id":"0-20000-0-42587-202609291800-6","properties":{"description":"0","name":"cloud_amount","phenomenonTime":"2026-09-29T18:00:00Z","reportId":"0-20000-0-42587-202609291800","reportTime":"2026-09-29T18:00:00Z","units":"CODE TABLE","value":null,"wigos_station_identifier":"0-20000-0-42587","id":"0-20000-0-42587-202609291800-6"},"type":"Feature"},{"geometry":{"coordinates":[84.95,24.75],"type":"Point"},"id":"0-20000-0-42591-202609291800-5","properties":{"description":null,"name":"cloud_cover_total","phenomenonTime":"2026-09-29T18:00:00Z","reportId":"0-20000-0-42591-202609291800","reportTime":"2026-09-29T18:00:00Z","units":"%","value":13.0,"wigos_station_identifier":"0-20000-0-42591","id":"0-20000-0-42591-202609291800-5"},"type":"Feature"},{"geometry":{"coordinates":[84.06667,24.05],"type":"Point"},"id":"0-20000-0-42587-202609291800-7","properties":{"description":"NO CL CLOUDS","name":"cloud_type","phenomenonTime":"2026-09-29T18:00:00Z","reportId":"0-20000-0-42587-202609291800","reportTime":"2026-09-29T18:00:00Z","units":"CODE TABLE","value":null,"wigos_station_identifier":"0-20000-0-42587","id":"0-20000-0-42587-202609291800-7"},"type":"Feature"},{"geometry":{"coordinates":[84.95,24.75],"type":"Point"},"id":"0-20000-0-42591-202609291800-6","properties":{"description":"1 OKTA OR LESS, BUT NOT ZERO","name":"cloud_amount","phenomenonTime":"2026-09-29T18:00:00Z","reportId":"0-20000-0-42591-202609291800","reportTime":"2026-09-29T18:00:00Z","units":"CODE TABLE","value":null,"wigos_station_identifier":"0-20000-0-42591","id":"0-20000-0-42591-202609291800-6"},"type":"Feature"},{"geometry":{"coordinates":[84.06667,24.05],"type":"Point"},"id":"0-20000-0-42587-202609291800-8","properties":{"description":"NO CM CLOUDS","name":"cloud_type","phenomenonTime":"2026-09-29T18:00:00Z","reportId":"0-20000-0-42587-202609291800","reportTime":"2026-09-29T18:00:00Z","units":"CODE TABLE","value":null,"wigos_station_identifier":"0-20000-0-42587","id":"0-20000-0-42587-202609291800-8"},"type":"Feature"},{"geometry":{"coordinates":[84.95,24.75],"type":"Point"},"id":"0-20000-0-42591-202609291800-7","properties":{"description":null,"name":"height_of_base_of_cloud","phenomenonTime":"2026-09-29T18:00:00Z","reportId":"0-20000-0-42591-202609291800","reportTime":"2026-09-29T18:00:00Z","units":"m","value":600.0,"wigos_station_identifier":"0-20000-0-42591","id":"0-20000-0-42591-202609291800-7"},"type":"Feature"},{"geometry":{"coordinates":[84.06667,24.05],"type":"Point"},"id":"0-20000-0-42587-202609291800-9","properties":{"description":"NO CH CLOUDS","name":"cloud_type","phenomenonTime":"2026-09-29T18:00:00Z","reportId":"0-20000-0-42587-202609291800","reportTime":"2026-09-29T18:00:00Z","units":"CODE TABLE","value":null,"wigos_station_identifier":"0-20000-0-42587","id":"0-20000-0-42587-202609291800-9"},"type":"Feature"},{"geometry":{"coordinates":[84.95,24.75],"type":"Point"},"id":"0-20000-0-42591-202609291800-8","properties":{"description":"STRATOCUMULUS OTHER THAN STRATOCUMULUS CUMULOGENITUS","name":"cloud_type","phenomenonTime":"2026-09-29T18:00:00Z","reportId":"0-20000-0-42591-202609291800","reportTime":"2026-09-29T18:00:00Z","units":"CODE TABLE","value":null,"wigos_station_identifier":"0-20000-0-42591","id":"0-20000-0-42591-202609291800-8"},"type":"Feature"},{"geometry":{"coordinates":[84.06667,24.05],"type":"Point"},"id":"0-20000-0-42587-202609291800-10","properties":{"description":"HAZE","name":"present_weather","phenomenonTime":"2026-09-29T18:00:00Z","reportId":"0-20000-0-42587-202609291800","reportTime":"2026-09-29T18:00:00Z","units":"CODE TABLE","value":null,"wigos_station_identifier":"0-20000-0-42587","id":"0-20000-0-42587-202609291800-10"},"type":"Feature"},{"geometry":{"coordinates":[84.95,24.75],"type":"Point"},"id":"0-20000-0-42591-202609291800-9","properties":{"description":"NO CM CLOUDS","name":"cloud_type","phenomenonTime":"2026-09-29T18:00:00Z","reportId":"0-20000-0-42591-202609291800","reportTime":"2026-09-29T18:00:00Z","units":"CODE TABLE","value":null,"wigos_station_identifier":"0-20000-0-42591","id":"0-20000-0-42591-202609291800-9"},"type":"Feature"},{"geometry":{"coordinates":[84.06667,24.05],"type":"Point"},"id":"0-20000-0-42587-202609291800-11","properties":{"description":"CLOUD COVERING 1/2 OR LESS OF THE SKY THROUGHOUT THE APPROPRIATE PERIOD","name":"past_weather1","phenomenonTime":"2026-09-29T18:00:00Z","reportId":"0-20000-0-42587-202609291800","reportTime":"2026-09-29T18:00:00Z","units":"CODE TABLE","value":null,"wigos_station_identifier":"0-20000-0-42587","id":"0-20000-0-42587-202609291800-11"},"type":"Feature"},{"geometry":{"coordinates":[84.95,24.75],"type":"Point"},"id":"0-20000-0-42591-202609291800-10","properties":{"description":"NO CH CLOUDS","name":"cloud_type","phenomenonTime":"2026-09-29T18:00:00Z","reportId":"0-20000-0-42591-202609291800","reportTime":"2026-09-29T18:00:00Z","units":"CODE TABLE","value":null,"wigos_station_identifier":"0-20000-0-42591","id":"0-20000-0-42591-202609291800-10"},"type":"Feature"},{"geometry":{"coordinates":[84.06667,24.05],"type":"Point"},"id":"0-20000-0-42587-202609291800-12","properties":{"description":"CLOUD COVERING 1/2 OR LESS OF THE SKY THROUGHOUT THE APPROPRIATE PERIOD","name":"past_weather2","phenomenonTime":"2026-09-29T18:00:00Z","reportId":"0-20000-0-42587-202609291800","reportTime":"2026-09-29T18:00:00Z","units":"CODE TABLE","value":null,"wigos_station_identifier":"0-20000-0-42587","id":"0-20000-0-42587-202609291800-12"},"type":"Feature"},{"geometry":{"coordinates":[84.95,24.75],"type":"Point"},"id":"0-20000-0-42591-202609291800-11","properties":{"description":"1 OKTA OR LESS, BUT NOT ZERO","name":"cloud_amount","phenomenonTime":"2026-09-29T18:00:00Z","reportId":"0-20000-0-42591-202609291800","reportTime":"2026-09-29T18:00:00Z","units":"CODE TABLE","value":null,"wigos_station_identifier":"0-20000-0-42591","id":"0-20000-0-42591-202609291800-11"},"type":"Feature"},{"geometry":{"coordinates":[84.06667,24.05],"type":"Point"},"id":"0-20000-0-42587-202609291800-13","properties":{"description":null,"name":"wind_direction","phenomenonTime":"2026-09-29T17:50:00Z/2026-09-29T18:00:00Z","reportId":"0-20000-0-42587-202609291800","reportTime":"2026-09-29T18:00:00Z","units":"deg","value":0.0,"wigos_station_identifier":"0-20000-0-42587","id":"0-20000-0-42587-202609291800-13"},"type":"Feature"},{"geometry":{"coordinates":[84.95,24.75],"type":"Point"},"id":"0-20000-0-42591-202609291800-12","properties":{"description":"STRATOCUMULUS (SC)","name":"cloud_type","phenomenonTime":"2026-09-29T18:00:00Z","reportId":"0-20000-0-42591-202609291800","reportTime":"2026-09-29T18:00:00Z","units":"CODE TABLE","value":null,"wigos_station_identifier":"0-20000-0-42591","id":"0-20000-0-42591-202609291800-12"},"type":"Feature"},{"geometry":{"coordinates":[84.06667,24.05],"type":"Point"},"id":"0-20000-0-42587-202609291800-14","properties":{"description":null,"name":"wind_speed","phenomenonTime":"2026-09-29T17:50:00Z/2026-09-29T18:00:00Z","reportId":"0-20000-0-42587-202609291800","reportTime":"2026-09-29T18:00:00Z","units":"m/s","value":0.0,"wigos_station_identifier":"0-20000-0-42587","id":"0-20000-0-42587-202609291800-14"},"type":"Feature"},{"geometry":{"coordinates":[84.95,24.75],"type":"Point"},"id":"0-20000-0-42591-202609291800-13","properties":{"description":null,"name":"height_of_base_of_cloud","phenomenonTime":"2026-09-29T18:00:00Z","reportId":"0-20000-0-42591-202609291800","reportTime":"2026-09-29T18:00:00Z","units":"m","value":600.0,"wigos_station_identifier":"0-20000-0-42591","id":"0-20000-0-42591-202609291800-13"},"type":"Feature"},{"geometry":{"coordinates":[84.95,24.75],"type":"Point"},"id":"0-20000-0-42591-202609291800-14","properties":{"description":"MIST","name":"present_weather","phenomenonTime":"2026-09-29T18:00:00Z","reportId":"0-20000-0-42591-202609291800","reportTime":"2026-09-29T18:00:00Z","units":"CODE TABLE","value":null,"wigos_station_identifier":"0-20000-0-42591","id":"0-20000-0-42591-202609291800-14"},"type":"Feature"},{"geometry":{"coordinates":[84.95,24.75],"type":"Point"},"id":"0-20000-0-42591-202609291800-15","properties":{"description":"CLOUD COVERING 1/2 OR LESS OF THE SKY THROUGHOUT THE APPROPRIATE PERIOD","name":"past_weather1","phenomenonTime":"2026-09-29T18:00:00Z","reportId":"0-20000-0-42591-202609291800","reportTime":"2026-09-29T18:00:00Z","units":"CODE TABLE","value":null,"wigos_station_identifier":"0-20000-0-42591","id":"0-20000-0-42591-202609291800-15"},"type":"Feature"},{"geometry":{"coordinates":[84.95,24.75],"type":"Point"},"id":"0-20000-0-42591-202609291800-16","properties":{"description":"CLOUD COVERING 1/2 OR LESS OF THE SKY THROUGHOUT THE APPROPRIATE PERIOD","name":"past_weather2","phenomenonTime":"2026-09-29T18:00:00Z","reportId":"0-20000-0-42591-202609291800","reportTime":"2026-09-29T18:00:00Z","units":"CODE TABLE","value":null,"wigos_station_identifier":"0-20000-0-42591","id":"0-20000-0-42591-202609291800-16"},"type":"Feature"},{"geometry":{"coordinates":[84.95,24.75],"type":"Point"},"id":"0-20000-0-42591-202609291800-17","properties":{"description":null,"name":"wind_direction","phenomenonTime":"2026-09-29T17:50:00Z/2026-09-29T18:00:00Z","reportId":"0-20000-0-42591-202609291800","reportTime":"2026-09-29T18:00:00Z","units":"deg","value":0.0,"wigos_station_identifier":"0-20000-0-42591","id":"0-20000-0-42591-202609291800-17"},"type":"Feature"},{"geometry":{"coordinates":[84.95,24.75],"type":"Point"},"id":"0-20000-0-42591-202609291800-18","properties":{"description":null,"name":"wind_speed","phenomenonTime":"2026-09-29T17:50:00Z/2026-09-29T18:00:00Z","reportId":"0-20000-0-42591-202609291800","reportTime":"2026-09-29T18:00:00Z","units":"m/s","value":0.0,"wigos_station_identifier":"0-20000-0-42591","id":"0-20000-0-42591-202609291800-18"},"type":"Feature"},{"geometry":{"coordinates":[84.95,24.75],"type":"Point"},"id":"0-20000-0-42591-202609291800-19","properties":{"description":null,"name":"wind_speed","phenomenonTime":"2026-09-29T17:50:00Z/2026-09-29T18:00:00Z","reportId":"0-20000-0-42591-202609291800","reportTime":"2026-09-29T18:00:00Z","units":"m/s","value":0.0,"wigos_station_identifier":"0-20000-0-42591","id":"0-20000-0-42591-202609291800-19"},"type":"Feature"},{"geometry":{"coordinates":[84.91667,26.66667],"type":"Point"},"id":"0-20000-0-42383-202609291200-14","properties":{"description":null,"name":"wind_speed","phenomenonTime":"2026-09-29T11:50:00Z/2026-09-29T12:00:00Z","reportId":"0-20000-0-42383-202609291200","reportTime":"2026-09-29T12:00:00Z","units":"m/s","value":0.0,"wigos_station_identifier":"0-20000-0-42383","id":"0-20000-0-42383-202609291200-14"},"type":"Feature"},{"geometry":{"coordinates":[84.91667,26.66667],"type":"Point"},"id":"0-20000-0-42383-202609291200-15","properties":{"description":null,"name":"maximum_temperature_at_height_and_over_period_specified","phenomenonTime":"2026-09-29T11:00:00Z/2026-09-29T12:00:00Z","reportId":"0-20000-0-42383-202609291200","reportTime":"2026-09-29T12:00:00Z","units":"Celsius","value":33.6,"wigos_station_identifier":"0-20000-0-42383","id":"0-20000-0-42383-202609291200-15"},"type":"Feature"},{"geometry":{"coordinates":[84.91667,26.66667],"type":"Point"},"id":"0-20000-0-42383-202609291200-16","properties":{"description":null,"name":"maximum_temperature_at_height_and_over_period_specified","phenomenonTime":"2026-09-29T00:00:00Z/2026-09-29T12:00:00Z","reportId":"0-20000-0-42383-202609291200","reportTime":"2026-09-29T12:00:00Z","units":"Celsius","value":33.6,"wigos_station_identifier":"0-20000-0-42383","id":"0-20000-0-42383-202609291200-16"},"type":"Feature"},{"geometry":{"coordinates":[85.4,26.11667],"type":"Point"},"id":"0-20000-0-42387-202609291200-0","properties":{"description":null,"name":"pressure_reduced_to_mean_sea_level","phenomenonTime":"2026-09-29T12:00:00Z","reportId":"0-20000-0-42387-202609291200","reportTime":"2026-09-29T12:00:00Z","units":"hPa","value":1006.7,"wigos_station_identifier":"0-20000-0-42387","id":"0-20000-0-42387-202609291200-0"},"type":"Feature"},{"geometry":{"coordinates":[85.4,26.11667],"type":"Point"},"id":"0-20000-0-42387-202609291200-1","properties":{"description":null,"name":"24hour_pressure_change","phenomenonTime":"2026-09-29T12:00:00Z","reportId":"0-20000-0-42387-202609291200","reportTime":"2026-09-29T12:00:00Z","units":"hPa","value":0.7,"wigos_station_identifier":"0-20000-0-42387","id":"0-20000-0-42387-202609291200-1"},"type":"Feature"},{"geometry":{"coordinates":[85.4,26.11667],"type":"Point"},"id":"0-20000-0-42387-202609291200-2","properties":{"description":null,"name":"air_temperature","phenomenonTime":"2026-09-29T12:00:00Z","reportId":"0-20000-0-42387-202609291200","reportTime":"2026-09-29T12:00:00Z","units":"Celsius","value":30.4,"wigos_station_identifier":"0-20000-0-42387","id":"0-20000-0-42387-202609291200-2"},"type":"Feature"},{"geometry":{"coordinates":[85.4,26.11667],"type":"Point"},"id":"0-20000-0-42387-202609291200-3","properties":{"description":null,"name":"dewpoint_temperature","phenomenonTime":"2026-09-29T12:00:00Z","reportId":"0-20000-0-42387-202609291200","reportTime":"2026-09-29T12:00:00Z","units":"Celsius","value":24.7,"wigos_station_identifier":"0-20000-0-42387","id":"0-20000-0-42387-202609291200-3"},"type":"Feature"},{"geometry":{"coordinates":[85.4,26.11667],"type":"Point"},"id":"0-20000-0-42387-202609291200-4","properties":{"description":null,"name":"horizontal_visibility","phenomenonTime":"2026-09-29T12:00:00Z","reportId":"0-20000-0-42387-202609291200","reportTime":"2026-09-29T12:00:00Z","units":"m","value":4000.0,"wigos_station_identifier":"0-20000-0-42387","id":"0-20000-0-42387-202609291200-4"},"type":"Feature"},{"geometry":{"coordinates":[85.4,26.11667],"type":"Point"},"id":"0-20000-0-42387-202609291200-5","properties":{"description":null,"name":"cloud_cover_total","phenomenonTime":"2026-09-29T12:00:00Z","reportId":"0-20000-0-42387-202609291200","reportTime":"2026-09-29T12:00:00Z","units":"%","value":0.0,"wigos_station_identifier":"0-20000-0-42387","id":"0-20000-0-42387-202609291200-5"},"type":"Feature"},{"geometry":{"coordinates":[85.4,26.11667],"type":"Point"},"id":"0-20000-0-42387-202609291200-6","properties":{"description":"0","name":"cloud_amount","phenomenonTime":"2026-09-29T12:00:00Z","reportId":"0-20000-0-42387-202609291200","reportTime":"2026-09-29T12:00:00Z","units":"CODE TABLE","value":null,"wigos_station_identifier":"0-20000-0-42387","id":"0-20000-0-42387-202609291200-6"},"type":"Feature"},{"geometry":{"coordinates":[85.4,26.11667],"type":"Point"},"id":"0-20000-0-42387-202609291200-7","properties":{"description":"NO CL CLOUDS","name":"cloud_type","phenomenonTime":"2026-09-29T12:00:00Z","reportId":"0-20000-0-42387-202609291200","reportTime":"2026-09-29T12:00:00Z","units":"CODE TABLE","value":null,"wigos_station_identifier":"0-20000-0-42387","id":"0-20000-0-42387-202609291200-7"},"type":"Feature"},{"geometry":{"coordinates":[85.4,26.11667],"type":"Point"},"id":"0-20000-0-42387-202609291200-8","properties":{"description":"NO CM CLOUDS","name":"cloud_type","phenomenonTime":"2026-09-29T12:00:00Z","reportId":"0-20000-0-42387-202609291200","reportTime":"2026-09-29T12:00:00Z","units":"CODE TABLE","value":null,"wigos_station_identifier":"0-20000-0-42387","id":"0-20000-0-42387-202609291200-8"},"type":"Feature"},{"geometry":{"coordinates":[85.4,26.11667],"type":"Point"},"id":"0-20000-0-42387-202609291200-9","properties":{"description":"NO CH CLOUDS","name":"cloud_type","phenomenonTime":"2026-09-29T12:00:00Z","reportId":"0-20000-0-42387-202609291200","reportTime":"2026-09-29T12:00:00Z","units":"CODE TABLE","value":null,"wigos_station_identifier":"0-20000-0-42387","id":"0-20000-0-42387-202609291200-9"},"type":"Feature"},{"geometry":{"coordinates":[85.4,26.11667],"type":"Point"},"id":"0-20000-0-42387-202609291200-10","properties":{"description":"HAZE","name":"present_weather","phenomenonTime":"2026-09-29T12:00:00Z","reportId":"0-20000-0-42387-202609291200","reportTime":"2026-09-29T12:00:00Z","units":"CODE TABLE","value":null,"wigos_station_identifier":"0-20000-0-42387","id":"0-20000-0-42387-202609291200-10"},"type":"Feature"},{"geometry":{"coordinates":[85.4,26.11667],"type":"Point"},"id":"0-20000-0-42387-202609291200-11","properties":{"description":"CLOUD COVERING 1/2 OR LESS OF THE SKY THROUGHOUT THE APPROPRIATE PERIOD","name":"past_weather1","phenomenonTime":"2026-09-29T12:00:00Z","reportId":"0-20000-0-42387-202609291200","reportTime":"2026-09-29T12:00:00Z","units":"CODE TABLE","value":null,"wigos_station_identifier":"0-20000-0-42387","id":"0-20000-0-42387-202609291200-11"},"type":"Feature"},{"geometry":{"coordinates":[85.4,26.11667],"type":"Point"},"id":"0-20000-0-42387-202609291200-12","properties":{"description":"CLOUD COVERING 1/2 OR LESS OF THE SKY THROUGHOUT THE APPROPRIATE PERIOD","name":"past_weather2","phenomenonTime":"2026-09-29T12:00:00Z","reportId":"0-20000-0-42387-202609291200","reportTime":"2026-09-29T12:00:00Z","units":"CODE TABLE","value":null,"wigos_station_identifier":"0-20000-0-42387","id":"0-20000-0-42387-202609291200-12"},"type":"Feature"},{"geometry":{"coordinates":[85.4,26.11667],"type":"Point"},"id":"0-20000-0-42387-202609291200-13","properties":{"description":null,"name":"wind_direction","phenomenonTime":"2026-09-29T11:50:00Z/2026-09-29T12:00:00Z","reportId":"0-20000-0-42387-202609291200","reportTime":"2026-09-29T12:00:00Z","units":"deg","value":0.0,"wigos_station_identifier":"0-20000-0-42387","id":"0-20000-0-42387-202609291200-13"},"type":"Feature"},{"geometry":{"coordinates":[85.4,26.11667],"type":"Point"},"id":"0-20000-0-42387-202609291200-14","properties":{"description":null,"name":"wind_speed","phenomenonTime":"2026-09-29T11:50:00Z/2026-09-29T12:00:00Z","reportId":"0-20000-0-42387-202609291200","reportTime":"2026-09-29T12:00:00Z","units":"m/s","value":0.0,"wigos_station_identifier":"0-20000-0-42387","id":"0-20000-0-42387-202609291200-14"},"type":"Feature"},{"geometry":{"coordinates":[85.4,26.11667],"type":"Point"},"id":"0-20000-0-42387-202609291200-15","properties":{"description":null,"name":"maximum_temperature_at_height_and_over_period_specified","phenomenonTime":"2026-09-29T11:00:00Z/2026-09-29T12:00:00Z","reportId":"0-20000-0-42387-202609291200","reportTime":"2026-09-29T12:00:00Z","units":"Celsius","value":31.4,"wigos_station_identifier":"0-20000-0-42387","id":"0-20000-0-42387-202609291200-15"},"type":"Feature"},{"geometry":{"coordinates":[85.4,26.11667],"type":"Point"},"id":"0-20000-0-42387-202609291200-16","properties":{"description":null,"name":"maximum_temperature_at_height_and_over_period_specified","phenomenonTime":"2026-09-29T00:00:00Z/2026-09-29T12:00:00Z","reportId":"0-20000-0-42387-202609291200","reportTime":"2026-09-29T12:00:00Z","units":"Celsius","value":31.4,"wigos_station_identifier":"0-20000-0-42387","id":"0-20000-0-42387-202609291200-16"},"type":"Feature"},{"geometry":{"coordinates":[84.73333,25.78333],"type":"Point"},"id":"0-20000-0-42488-202609291200-0","properties":{"description":null,"name":"pressure_reduced_to_mean_sea_level","phenomenonTime":"2026-09-29T12:00:00Z","reportId":"0-20000-0-42488-202609291200","reportTime":"2026-09-29T12:00:00Z","units":"hPa","value":1006.9,"wigos_station_identifier":"0-20000-0-42488","id":"0-20000-0-42488-202609291200-0"},"type":"Feature"},{"geometry":{"coordinates":[84.73333,25.78333],"type":"Point"},"id":"0-20000-0-42488-202609291200-1","properties":{"description":null,"name":"24hour_pressure_change","phenomenonTime":"2026-09-29T12:00:00Z","reportId":"0-20000-0-42488-202609291200","reportTime":"2026-09-29T12:00:00Z","units":"hPa","value":0.8,"wigos_station_identifier":"0-20000-0-42488","id":"0-20000-0-42488-202609291200-1"},"type":"Feature"},{"geometry":{"coordinates":[84.73333,25.78333],"type":"Point"},"id":"0-20000-0-42488-202609291200-2","properties":{"description":null,"name":"air_temperature","phenomenonTime":"2026-09-29T12:00:00Z","reportId":"0-20000-0-42488-202609291200","reportTime":"2026-09-29T12:00:00Z","units":"Celsius","value":29.8,"wigos_station_identifier":"0-20000-0-42488","id":"0-20000-0-42488-202609291200-2"},"type":"Feature"},{"geometry":{"coordinates":[84.73333,25.78333],"type":"Point"},"id":"0-20000-0-42488-202609291200-3","properties":{"description":null,"name":"dewpoint_temperature","phenomenonTime":"2026-09-29T12:00:00Z","reportId":"0-20000-0-42488-202609291200","reportTime":"2026-09-29T12:00:00Z","units":"Celsius","value":26.5,"wigos_station_identifier":"0-20000-0-42488","id":"0-20000-0-42488-202609291200-3"},"type":"Feature"},{"geometry":{"coordinates":[84.73333,25.78333],"type":"Point"},"id":"0-20000-0-42488-202609291200-4","properties":{"description":null,"name":"horizontal_visibility","phenomenonTime":"2026-09-29T12:00:00Z","reportId":"0-20000-0-42488-202609291200","reportTime":"2026-09-29T12:00:00Z","units":"m","value":4000.0,"wigos_station_identifier":"0-20000-0-42488","id":"0-20000-0-42488-202609291200-4"},"type":"Feature"},{"geometry":{"coordinates":[84.73333,25.78333],"type":"Point"},"id":"0-20000-0-42488-202609291200-5","properties":{"description":null,"name":"cloud_cover_total","phenomenonTime":"2026-09-29T12:00:00Z","reportId":"0-20000-0-42488-202609291200","reportTime":"2026-09-29T12:00:00Z","units":"%","value":0.0,"wigos_station_identifier":"0-20000-0-42488","id":"0-20000-0-42488-202609291200-5"},"type":"Feature"},{"geometry":{"coordinates":[84.73333,25.78333],"type":"Point"},"id":"0-20000-0-42488-202609291200-6","properties":{"description":"0","name":"cloud_amount","phenomenonTime":"2026-09-29T12:00:00Z","reportId":"0-20000-0-42488-202609291200","reportTime":"2026-09-29T12:00:00Z","units":"CODE TABLE","value":null,"wigos_station_identifier":"0-20000-0-42488","id":"0-20000-0-42488-202609291200-6"},"type":"Feature"},{"geometry":{"coordinates":[84.73333,25.78333],"type":"Point"},"id":"0-20000-0-42488-202609291200-7","properties":{"description":"NO CL CLOUDS","name":"cloud_type","phenomenonTime":"2026-09-29T12:00:00Z","reportId":"0-20000-0-42488-202609291200","reportTime":"2026-09-29T12:00:00Z","units":"CODE TABLE","value":null,"wigos_station_identifier":"0-20000-0-42488","id":"0-20000-0-42488-202609291200-7"},"type":"Feature"},{"geometry":{"coordinates":[84.73333,25.78333],"type":"Point"},"id":"0-20000-0-42488-202609291200-8","properties":{"description":"NO CM CLOUDS","name":"cloud_type","phenomenonTime":"2026-09-29T12:00:00Z","reportId":"0-20000-0-42488-202609291200","reportTime":"2026-09-29T12:00:00Z","units":"CODE TABLE","value":null,"wigos_station_identifier":"0-20000-0-42488","id":"0-20000-0-42488-202609291200-8"},"type":"Feature"},{"geometry":{"coordinates":[84.73333,25.78333],"type":"Point"},"id":"0-20000-0-42488-202609291200-9","properties":{"description":"NO CH CLOUDS","name":"cloud_type","phenomenonTime":"2026-09-29T12:00:00Z","reportId":"0-20000-0-42488-202609291200","reportTime":"2026-09-29T12:00:00Z","units":"CODE TABLE","value":null,"wigos_station_identifier":"0-20000-0-42488","id":"0-20000-0-42488-202609291200-9"},"type":"Feature"},{"geometry":{"coordinates":[84.73333,25.78333],"type":"Point"},"id":"0-20000-0-42488-202609291200-10","properties":{"description":"HAZE","name":"present_weather","phenomenonTime":"2026-09-29T12:00:00Z","reportId":"0-20000-0-42488-202609291200","reportTime":"2026-09-29T12:00:00Z","units":"CODE TABLE","value":null,"wigos_station_identifier":"0-20000-0-42488","id":"0-20000-0-42488-202609291200-10"},"type":"Feature"},{"geometry":{"coordinates":[84.73333,25.78333],"type":"Point"},"id":"0-20000-0-42488-202609291200-11","properties":{"description":"CLOUD COVERING MORE THAN 1/2 OF THE SKY THROUGHOUT THE APPROPRIATE PERIOD","name":"past_weather1","phenomenonTime":"2026-09-29T12:00:00Z","reportId":"0-20000-0-42488-202609291200","reportTime":"2026-09-29T12:00:00Z","units":"CODE TABLE","value":null,"wigos_station_identifier":"0-20000-0-42488","id":"0-20000-0-42488-202609291200-11"},"type":"Feature"},{"geometry":{"coordinates":[84.73333,25.78333],"type":"Point"},"id":"0-20000-0-42488-202609291200-12","properties":{"description":"CLOUD COVERING MORE THAN 1/2 OF THE SKY THROUGHOUT THE APPROPRIATE PERIOD","name":"past_weather2","phenomenonTime":"2026-09-29T12:00:00Z","reportId":"0-20000-0-42488-202609291200","reportTime":"2026-09-29T12:00:00Z","units":"CODE TABLE","value":null,"wigos_station_identifier":"0-20000-0-42488","id":"0-20000-0-42488-202609291200-12"},"type":"Feature"},{"geometry":{"coordinates":[84.73333,25.78333],"type":"Point"},"id":"0-20000-0-42488-202609291200-13","properties":{"description":null,"name":"wind_direction","phenomenonTime":"2026-09-29T11:50:00Z/2026-09-29T12:00:00Z","reportId":"0-20000-0-42488-202609291200","reportTime":"2026-09-29T12:00:00Z","units":"deg","value":270.0,"wigos_station_identifier":"0-20000-0-42488","id":"0-20000-0-42488-202609291200-13"},"type":"Feature"},{"geometry":{"coordinates":[84.73333,25.78333],"type":"Point"},"id":"0-20000-0-42488-202609291200-14","properties":{"description":null,"name":"wind_speed","phenomenonTime":"2026-09-29T11:50:00Z/2026-09-29T12:00:00Z","reportId":"0-20000-0-42488-202609291200","reportTime":"2026-09-29T12:00:00Z","units":"m/s","value":1.0,"wigos_station_identifier":"0-20000-0-42488","id":"0-20000-0-42488-202609291200-14"},"type":"Feature"},{"geometry":{"coordinates":[84.73333,25.78333],"type":"Point"},"id":"0-20000-0-42488-202609291200-15","properties":{"description":null,"name":"maximum_temperature_at_height_and_over_period_specified","phenomenonTime":"2026-09-29T11:00:00Z/2026-09-29T12:00:00Z","reportId":"0-20000-0-42488-202609291200","reportTime":"2026-09-29T12:00:00Z","units":"Celsius","value":32.4,"wigos_station_identifier":"0-20000-0-42488","id":"0-20000-0-42488-202609291200-15"},"type":"Feature"},{"geometry":{"coordinates":[84.73333,25.78333],"type":"Point"},"id":"0-20000-0-42488-202609291200-16","properties":{"description":null,"name":"maximum_temperature_at_height_and_over_period_specified","phenomenonTime":"2026-09-29T00:00:00Z/2026-09-29T12:00:00Z","reportId":"0-20000-0-42488-202609291200","reportTime":"2026-09-29T12:00:00Z","units":"Celsius","value":32.4,"wigos_station_identifier":"0-20000-0-42488","id":"0-20000-0-42488-202609291200-16"},"type":"Feature"},{"geometry":{"coordinates":[84.95,24.75],"type":"Point"},"id":"0-20000-0-42591-202609291200-0","properties":{"description":null,"name":"pressure_reduced_to_mean_sea_level","phenomenonTime":"2026-09-29T12:00:00Z","reportId":"0-20000-0-42591-202609291200","reportTime":"2026-09-29T12:00:00Z","units":"hPa","value":1008.7,"wigos_station_identifier":"0-20000-0-42591","id":"0-20000-0-42591-202609291200-0"},"type":"Feature"},{"geometry":{"coordinates":[84.95,24.75],"type":"Point"},"id":"0-20000-0-42591-202609291200-1","properties":{"description":null,"name":"24hour_pressure_change","phenomenonTime":"2026-09-29T12:00:00Z","reportId":"0-20000-0-42591-202609291200","reportTime":"2026-09-29T12:00:00Z","units":"hPa","value":0.8,"wigos_station_identifier":"0-20000-0-42591","id":"0-20000-0-42591-202609291200-1"},"type":"Feature"},{"geometry":{"coordinates":[84.95,24.75],"type":"Point"},"id":"0-20000-0-42591-202609291200-2","properties":{"description":null,"name":"air_temperature","phenomenonTime":"2026-09-29T12:00:00Z","reportId":"0-20000-0-42591-202609291200","reportTime":"2026-09-29T12:00:00Z","units":"Celsius","value":30.0,"wigos_station_identifier":"0-20000-0-42591","id":"0-20000-0-42591-202609291200-2"},"type":"Feature"},{"geometry":{"coordinates":[84.95,24.75],"type":"Point"},"id":"0-20000-0-42591-202609291200-3","properties":{"description":null,"name":"dewpoint_temperature","phenomenonTime":"2026-09-29T12:00:00Z","reportId":"0-20000-0-42591-202609291200","reportTime":"2026-09-29T12:00:00Z","units":"Celsius","value":26.1,"wigos_station_identifier":"0-20000-0-42591","id":"0-20000-0-42591-202609291200-3"},"type":"Feature"},{"geometry":{"coordinates":[84.95,24.75],"type":"Point"},"id":"0-20000-0-42591-202609291200-4","properties":{"description":null,"name":"horizontal_visibility","phenomenonTime":"2026-09-29T12:00:00Z","reportId":"0-20000-0-42591-202609291200","reportTime":"2026-09-29T12:00:00Z","units":"m","value":2000.0,"wigos_station_identifier":"0-20000-0-42591","id":"0-20000-0-42591-202609291200-4"},"type":"Feature"},{"geometry":{"coordinates":[84.95,24.75],"type":"Point"},"id":"0-20000-0-42591-202609291200-5","properties":{"description":null,"name":"cloud_cover_total","phenomenonTime":"2026-09-29T12:00:00Z","reportId":"0-20000-0-42591-202609291200","reportTime":"2026-09-29T12:00:00Z","units":"%","value":38.0,"wigos_station_identifier":"0-20000-0-42591","id":"0-20000-0-42591-202609291200-5"},"type":"Feature"},{"geometry":{"coordinates":[84.95,24.75],"type":"Point"},"id":"0-20000-0-42591-202609291200-6","properties":{"description":"3 OKTAS","name":"cloud_amount","phenomenonTime":"2026-09-29T12:00:00Z","reportId":"0-20000-0-42591-202609291200","reportTime":"2026-09-29T12:00:00Z","units":"CODE TABLE","value":null,"wigos_station_identifier":"0-20000-0-42591","id":"0-20000-0-42591-202609291200-6"},"type":"Feature"},{"geometry":{"coordinates":[84.95,24.75],"type":"Point"},"id":"0-20000-0-42591-202609291200-7","properties":{"description":null,"name":"height_of_base_of_cloud","phenomenonTime":"2026-09-29T12:00:00Z","reportId":"0-20000-0-42591-202609291200","reportTime":"2026-09-29T12:00:00Z","units":"m","value":540.0,"wigos_station_identifier":"0-20000-0-42591","id":"0-20000-0-42591-202609291200-7"},"type":"Feature"},{"geometry":{"coordinates":[84.95,24.75],"type":"Point"},"id":"0-20000-0-42591-202609291200-8","properties":{"description":"STRATOCUMULUS OTHER THAN STRATOCUMULUS CUMULOGENITUS","name":"cloud_type","phenomenonTime":"2026-09-29T12:00:00Z","reportId":"0-20000-0-42591-202609291200","reportTime":"2026-09-29T12:00:00Z","units":"CODE TABLE","value":null,"wigos_station_identifier":"0-20000-0-42591","id":"0-20000-0-42591-202609291200-8"},"type":"Feature"},{"geometry":{"coordinates":[84.95,24.75],"type":"Point"},"id":"0-20000-0-42591-202609291200-9","properties":{"description":"NO CM CLOUDS","name":"cloud_type","phenomenonTime":"2026-09-29T12:00:00Z","reportId":"0-20000-0-42591-202609291200","reportTime":"2026-09-29T12:00:00Z","units":"CODE TABLE","value":null,"wigos_station_identifier":"0-20000-0-42591","id":"0-20000-0-42591-202609291200-9"},"type":"Feature"},{"geometry":{"coordinates":[84.95,24.75],"type":"Point"},"id":"0-20000-0-42591-202609291200-10","properties":{"description":"NO CH CLOUDS","name":"cloud_type","phenomenonTime":"2026-09-29T12:00:00Z","reportId":"0-20000-0-42591-202609291200","reportTime":"2026-09-29T12:00:00Z","units":"CODE TABLE","value":null,"wigos_station_identifier":"0-20000-0-42591","id":"0-20000-0-42591-202609291200-10"},"type":"Feature"},{"geometry":{"coordinates":[84.95,24.75],"type":"Point"},"id":"0-20000-0-42591-202609291200-11","properties":{"description":"3 OKTAS","name":"cloud_amount","phenomenonTime":"2026-09-29T12:00:00Z","reportId":"0-20000-0-42591-202609291200","reportTime":"2026-09-29T12:00:00Z","units":"CODE TABLE","value":null,"wigos_station_identifier":"0-20000-0-42591","id":"0-20000-0-42591-202609291200-11"},"type":"Feature"},{"geometry":{"coordinates":[84.95,24.75],"type":"Point"},"id":"0-20000-0-42591-202609291200-12","properties":{"description":"STRATOCUMULUS (SC)","name":"cloud_type","phenomenonTime":"2026-09-29T12:00:00Z","reportId":"0-20000-0-42591-202609291200","reportTime":"2026-09-29T12:00:00Z","units":"CODE TABLE","value":null,"wigos_station_identifier":"0-20000-0-42591","id":"0-20000-0-42591-202609291200-12"},"type":"Feature"},{"geometry":{"coordinates":[84.95,24.75],"type":"Point"},"id":"0-20000-0-42591-202609291200-13","properties":{"description":null,"name":"height_of_base_of_cloud","phenomenonTime":"2026-09-29T12:00:00Z","reportId":"0-20000-0-42591-202609291200","reportTime":"2026-09-29T12:00:00Z","units":"m","value":540.0,"wigos_station_identifier":"0-20000-0-42591","id":"0-20000-0-42591-202609291200-13"},"type":"Feature"},{"geometry":{"coordinates":[84.95,24.75],"type":"Point"},"id":"0-20000-0-42591-202609291200-14","properties":{"description":"MIST","name":"present_weather","phenomenonTime":"2026-09-29T12:00:00Z","reportId":"0-20000-0-42591-202609291200","reportTime":"2026-09-29T12:00:00Z","units":"CODE TABLE","value":null,"wigos_station_identifier":"0-20000-0-42591","id":"0-20000-0-42591-202609291200-14"},"type":"Feature"},{"geometry":{"coordinates":[84.95,24.75],"type":"Point"},"id":"0-20000-0-42591-202609291200-15","properties":{"description":"CLOUD COVERING MORE THAN 1/2 OF THE SKY DURING PART OF THE APPROPRIATE PERIOD AND COVERING 1/2 OR LESS DURING PART OF THE PERIOD","name":"past_weather1","phenomenonTime":"2026-09-29T12:00:00Z","reportId":"0-20000-0-42591-202609291200","reportTime":"2026-09-29T12:00:00Z","units":"CODE TABLE","value":null,"wigos_station_identifier":"0-20000-0-42591","id":"0-20000-0-42591-202609291200-15"},"type":"Feature"},{"geometry":{"coordinates":[84.95,24.75],"type":"Point"},"id":"0-20000-0-42591-202609291200-16","properties":{"description":"CLOUD COVERING 1/2 OR LESS OF THE SKY THROUGHOUT THE APPROPRIATE PERIOD","name":"past_weather2","phenomenonTime":"2026-09-29T12:00:00Z","reportId":"0-20000-0-42591-202609291200","reportTime":"2026-09-29T12:00:00Z","units":"CODE TABLE","value":null,"wigos_station_identifier":"0-20000-0-42591","id":"0-20000-0-42591-202609291200-16"},"type":"Feature"},{"geometry":{"coordinates":[84.95,24.75],"type":"Point"},"id":"0-20000-0-42591-202609291200-17","properties":{"description":null,"name":"wind_direction","phenomenonTime":"2026-09-29T11:50:00Z/2026-09-29T12:00:00Z","reportId":"0-20000-0-42591-202609291200","reportTime":"2026-09-29T12:00:00Z","units":"deg","value":0.0,"wigos_station_identifier":"0-20000-0-42591","id":"0-20000-0-42591-202609291200-17"},"type":"Feature"},{"geometry":{"coordinates":[84.95,24.75],"type":"Point"},"id":"0-20000-0-42591-202609291200-18","properties":{"description":null,"name":"wind_speed","phenomenonTime":"2026-09-29T11:50:00Z/2026-09-29T12:00:00Z","reportId":"0-20000-0-42591-202609291200","reportTime":"2026-09-29T12:00:00Z","units":"m/s","value":0.0,"wigos_station_identifier":"0-20000-0-42591","id":"0-20000-0-42591-202609291200-18"},"type":"Feature"},{"geometry":{"coordinates":[84.95,24.75],"type":"Point"},"id":"0-20000-0-42591-202609291200-19","properties":{"description":null,"name":"maximum_temperature_at_height_and_over_period_specified","phenomenonTime":"2026-09-29T11:00:00Z/2026-09-29T12:00:00Z","reportId":"0-20000-0-42591-202609291200","reportTime":"2026-09-29T12:00:00Z","units":"Celsius","value":31.8,"wigos_station_identifier":"0-20000-0-42591","id":"0-20000-0-42591-202609291200-19"},"type":"Feature"},{"geometry":{"coordinates":[84.95,24.75],"type":"Point"},"id":"0-20000-0-42591-202609291200-20","properties":{"description":null,"name":"maximum_temperature_at_height_and_over_period_specified","phenomenonTime":"2026-09-29T00:00:00Z/2026-09-29T12:00:00Z","reportId":"0-20000-0-42591-202609291200","reportTime":"2026-09-29T12:00:00Z","units":"Celsius","value":31.8,"wigos_station_identifier":"0-20000-0-42591","id":"0-20000-0-42591-202609291200-20"},"type":"Feature"},{"geometry":{"coordinates":[84.06667,24.05],"type":"Point"},"id":"0-20000-0-42587-202609291200-0","properties":{"description":null,"name":"pressure_reduced_to_mean_sea_level","phenomenonTime":"2026-09-29T12:00:00Z","reportId":"0-20000-0-42587-202609291200","reportTime":"2026-09-29T12:00:00Z","units":"hPa","value":1007.7,"wigos_station_identifier":"0-20000-0-42587","id":"0-20000-0-42587-202609291200-0"},"type":"Feature"},{"geometry":{"coordinates":[84.06667,24.05],"type":"Point"},"id":"0-20000-0-42587-202609291200-1","properties":{"description":null,"name":"24hour_pressure_change","phenomenonTime":"2026-09-29T12:00:00Z","reportId":"0-20000-0-42587-202609291200","reportTime":"2026-09-29T12:00:00Z","units":"hPa","value":1.2,"wigos_station_identifier":"0-20000-0-42587","id":"0-20000-0-42587-202609291200-1"},"type":"Feature"},{"geometry":{"coordinates":[84.06667,24.05],"type":"Point"},"id":"0-20000-0-42587-202609291200-2","properties":{"description":null,"name":"air_temperature","phenomenonTime":"2026-09-29T12:00:00Z","reportId":"0-20000-0-42587-202609291200","reportTime":"2026-09-29T12:00:00Z","units":"Celsius","value":33.8,"wigos_station_identifier":"0-20000-0-42587","id":"0-20000-0-42587-202609291200-2"},"type":"Feature"},{"geometry":{"coordinates":[84.06667,24.05],"type":"Point"},"id":"0-20000-0-42587-202609291200-3","properties":{"description":null,"name":"dewpoint_temperature","phenomenonTime":"2026-09-29T12:00:00Z","reportId":"0-20000-0-42587-202609291200","reportTime":"2026-09-29T12:00:00Z","units":"Celsius","value":23.9,"wigos_station_identifier":"0-20000-0-42587","id":"0-20000-0-42587-202609291200-3"},"type":"Feature"},{"geometry":{"coordinates":[84.06667,24.05],"type":"Point"},"id":"0-20000-0-42587-202609291200-4","properties":{"description":null,"name":"horizontal_visibility","phenomenonTime":"2026-09-29T12:00:00Z","reportId":"0-20000-0-42587-202609291200","reportTime":"2026-09-29T12:00:00Z","units":"m","value":4000.0,"wigos_station_identifier":"0-20000-0-42587","id":"0-20000-0-42587-202609291200-4"},"type":"Feature"},{"geometry":{"coordinates":[84.06667,24.05],"type":"Point"},"id":"0-20000-0-42587-202609291200-5","properties":{"description":null,"name":"cloud_cover_total","phenomenonTime":"2026-09-29T12:00:00Z","reportId":"0-20000-0-42587-202609291200","reportTime":"2026-09-29T12:00:00Z","units":"%","value":38.0,"wigos_station_identifier":"0-20000-0-42587","id":"0-20000-0-42587-202609291200-5"},"type":"Feature"},{"geometry":{"coordinates":[84.06667,24.05],"type":"Point"},"id":"0-20000-0-42587-202609291200-6","properties":{"description":"3 OKTAS","name":"cloud_amount","phenomenonTime":"2026-09-29T12:00:00Z","reportId":"0-20000-0-42587-202609291200","reportTime":"2026-09-29T12:00:00Z","units":"CODE TABLE","value":null,"wigos_station_identifier":"0-20000-0-42587","id":"0-20000-0-42587-202609291200-6"},"type":"Feature"},{"geometry":{"coordinates":[84.06667,24.05],"type":"Point"},"id":"0-20000-0-42587-202609291200-7","properties":{"description":null,"name":"height_of_base_of_cloud","phenomenonTime":"2026-09-29T12:00:00Z","reportId":"0-20000-0-42587-202609291200","reportTime":"2026-09-29T12:00:00Z","units":"m","value":3000.0,"wigos_station_identifier":"0-20000-0-42587","id":"0-20000-0-42587-202609291200-7"},"type":"Feature"},{"geometry":{"coordinates":[84.06667,24.05],"type":"Point"},"id":"0-20000-0-42587-202609291200-8","properties":{"description":"NO CL CLOUDS","name":"cloud_type","phenomenonTime":"2026-09-29T12:00:00Z","reportId":"0-20000-0-42587-202609291200","reportTime":"2026-09-29T12:00:00Z","units":"CODE TABLE","value":null,"wigos_station_identifier":"0-20000-0-42587","id":"0-20000-0-42587-202609291200-8"},"type":"Feature"},{"geometry":{"coordinates":[84.06667,24.05],"type":"Point"},"id":"0-20000-0-42587-202609291200-9","properties":{"description":"ALTOCUMULUS TRANSLUCIDUS AT A SINGLE LEVEL","name":"cloud_type","phenomenonTime":"2026-09-29T12:00:00Z","reportId":"0-20000-0-42587-202609291200","reportTime":"2026-09-29T12:00:00Z","units":"CODE TABLE","value":null,"wigos_station_identifier":"0-20000-0-42587","id":"0-20000-0-42587-202609291200-9"},"type":"Feature"},{"geometry":{"coordinates":[84.06667,24.05],"type":"Point"},"id":"0-20000-0-42587-202609291200-10","properties":{"description":"NO CH CLOUDS","name":"cloud_type","phenomenonTime":"2026-09-29T12:00:00Z","reportId":"0-20000-0-42587-202609291200","reportTime":"2026-09-29T12:00:00Z","units":"CODE TABLE","value":null,"wigos_station_identifier":"0-20000-0-42587","id":"0-20000-0-42587-202609291200-10"},"type":"Feature"},{"geometry":{"coordinates":[84.06667,24.05],"type":"Point"},"id":"0-20000-0-42587-202609291200-11","properties":{"description":"3 OKTAS","name":"cloud_amount","phenomenonTime":"2026-09-29T12:00:00Z","reportId":"0-20000-0-42587-202609291200","reportTime":"2026-09-29T12:00:00Z","units":"CODE TABLE","value":null,"wigos_station_identifier":"0-20000-0-42587","id":"0-20000-0-42587-202609291200-11"},"type":"Feature"},{"geometry":{"coordinates":[84.06667,24.05],"type":"Point"},"id":"0-20000-0-42587-202609291200-12","properties":{"description":"ALTOCUMULUS (AC)","name":"cloud_type","phenomenonTime":"2026-09-29T12:00:00Z","reportId":"0-20000-0-42587-202609291200","reportTime":"2026-09-29T12:00:00Z","units":"CODE TABLE","value":null,"wigos_station_identifier":"0-20000-0-42587","id":"0-20000-0-42587-202609291200-12"},"type":"Feature"},{"geometry":{"coordinates":[84.06667,24.05],"type":"Point"},"id":"0-20000-0-42587-202609291200-13","properties":{"description":null,"name":"height_of_base_of_cloud","phenomenonTime":"2026-09-29T12:00:00Z","reportId":"0-20000-0-42587-202609291200","reportTime":"2026-09-29T12:00:00Z","units":"m","value":3000.0,"wigos_station_identifier":"0-20000-0-42587","id":"0-20000-0-42587-202609291200-13"},"type":"Feature"},{"geometry":{"coordinates":[84.06667,24.05],"type":"Point"},"id":"0-20000-0-42587-202609291200-14","properties":{"description":"HAZE","name":"present_weather","phenomenonTime":"2026-09-29T12:00:00Z","reportId":"0-20000-0-42587-202609291200","reportTime":"2026-09-29T12:00:00Z","units":"CODE TABLE","value":null,"wigos_station_identifier":"0-20000-0-42587","id":"0-20000-0-42587-202609291200-14"},"type":"Feature"},{"geometry":{"coordinates":[84.06667,24.05],"type":"Point"},"id":"0-20000-0-42587-202609291200-15","properties":{"description":"CLOUD COVERING 1/2 OR LESS OF THE SKY THROUGHOUT THE APPROPRIATE PERIOD","name":"past_weather1","phenomenonTime":"2026-09-29T12:00:00Z","reportId":"0-20000-0-42587-202609291200","reportTime":"2026-09-29T12:00:00Z","units":"CODE TABLE","value":null,"wigos_station_identifier":"0-20000-0-42587","id":"0-20000-0-42587-202609291200-15"},"type":"Feature"},{"geometry":{"coordinates":[84.06667,24.05],"type":"Point"},"id":"0-20000-0-42587-202609291200-16","properties":{"description":"CLOUD COVERING 1/2 OR LESS OF THE SKY THROUGHOUT THE APPROPRIATE PERIOD","name":"past_weather2","phenomenonTime":"2026-09-29T12:00:00Z","reportId":"0-20000-0-42587-202609291200","reportTime":"2026-09-29T12:00:00Z","units":"CODE TABLE","value":null,"wigos_station_identifier":"0-20000-0-42587","id":"0-20000-0-42587-202609291200-16"},"type":"Feature"},{"geometry":{"coordinates":[84.06667,24.05],"type":"Point"},"id":"0-20000-0-42587-202609291200-17","properties":{"description":null,"name":"wind_direction","phenomenonTime":"2026-09-29T11:50:00Z/2026-09-29T12:00:00Z","reportId":"0-20000-0-42587-202609291200","reportTime":"2026-09-29T12:00:00Z","units":"deg","value":0.0,"wigos_station_identifier":"0-20000-0-42587","id":"0-20000-0-42587-202609291200-17"},"type":"Feature"},{"geometry":{"coordinates":[84.06667,24.05],"type":"Point"},"id":"0-20000-0-42587-202609291200-18","properties":{"description":null,"name":"wind_speed","phenomenonTime":"2026-09-29T11:50:00Z/2026-09-29T12:00:00Z","reportId":"0-20000-0-42587-202609291200","reportTime":"2026-09-29T12:00:00Z","units":"m/s","value":0.0,"wigos_station_identifier":"0-20000-0-42587","id":"0-20000-0-42587-202609291200-18"},"type":"Feature"},{"geometry":{"coordinates":[84.06667,24.05],"type":"Point"},"id":"0-20000-0-42587-202609291200-19","properties":{"description":null,"name":"maximum_temperature_at_height_and_over_period_specified","phenomenonTime":"2026-09-29T11:00:00Z/2026-09-29T12:00:00Z","reportId":"0-20000-0-42587-202609291200","reportTime":"2026-09-29T12:00:00Z","units":"Celsius","value":33.8,"wigos_station_identifier":"0-20000-0-42587","id":"0-20000-0-42587-202609291200-19"},"type":"Feature"},{"geometry":{"coordinates":[84.06667,24.05],"type":"Point"},"id":"0-20000-0-42587-202609291200-20","properties":{"description":null,"name":"maximum_temperature_at_height_and_over_period_specified","phenomenonTime":"2026-09-29T00:00:00Z/2026-09-29T12:00:00Z","reportId":"0-20000-0-42587-202609291200","reportTime":"2026-09-29T12:00:00Z","units":"Celsius","value":33.8,"wigos_station_identifier":"0-20000-0-42587","id":"0-20000-0-42587-202609291200-20"},"type":"Feature"},{"geometry":{"coordinates":[85.1,25.6],"type":"Point"},"id":"0-20000-0-42492-202609291500-0","properties":{"description":null,"name":"pressure_reduced_to_mean_sea_level","phenomenonTime":"2026-09-29T15:00:00Z","reportId":"0-20000-0-42492-202609291500","reportTime":"2026-09-29T15:00:00Z","units":"hPa","value":1009.2,"wigos_station_identifier":"0-20000-0-42492","id":"0-20000-0-42492-202609291500-0"},"type":"Feature"},{"geometry":{"coordinates":[85.1,25.6],"type":"Point"},"id":"0-20000-0-42492-202609291500-1","properties":{"description":null,"name":"24hour_pressure_change","phenomenonTime":"2026-09-29T15:00:00Z","reportId":"0-20000-0-42492-202609291500","reportTime":"2026-09-29T15:00:00Z","units":"hPa","value":2.1,"wigos_station_identifier":"0-20000-0-42492","id":"0-20000-0-42492-202609291500-1"},"type":"Feature"},{"geometry":{"coordinates":[85.1,25.6],"type":"Point"},"id":"0-20000-0-42492-202609291500-2","properties":{"description":null,"name":"air_temperature","phenomenonTime":"2026-09-29T15:00:00Z","reportId":"0-20000-0-42492-202609291500","reportTime":"2026-09-29T15:00:00Z","units":"Celsius","value":29.2,"wigos_station_identifier":"0-20000-0-42492","id":"0-20000-0-42492-202609291500-2"},"type":"Feature"},{"geometry":{"coordinates":[85.1,25.6],"type":"Point"},"id":"0-20000-0-42492-202609291500-3","properties":{"description":null,"name":"dewpoint_temperature","phenomenonTime":"2026-09-29T15:00:00Z","reportId":"0-20000-0-42492-202609291500","reportTime":"2026-09-29T15:00:00Z","units":"Celsius","value":25.2,"wigos_station_identifier":"0-20000-0-42492","id":"0-20000-0-42492-202609291500-3"},"type":"Feature"},{"geometry":{"coordinates":[85.1,25.6],"type":"Point"},"id":"0-20000-0-42492-202609291500-4","properties":{"description":null,"name":"horizontal_visibility","phenomenonTime":"2026-09-29T15:00:00Z","reportId":"0-20000-0-42492-202609291500","reportTime":"2026-09-29T15:00:00Z","units":"m","value":2000.0,"wigos_station_identifier":"0-20000-0-42492","id":"0-20000-0-42492-202609291500-4"},"type":"Feature"},{"geometry":{"coordinates":[85.1,25.6],"type":"Point"},"id":"0-20000-0-42492-202609291500-5","properties":{"description":null,"name":"cloud_cover_total","phenomenonTime":"2026-09-29T15:00:00Z","reportId":"0-20000-0-42492-202609291500","reportTime":"2026-09-29T15:00:00Z","units":"%","value":25.0,"wigos_station_identifier":"0-20000-0-42492","id":"0-20000-0-42492-202609291500-5"},"type":"Feature"},{"geometry":{"coordinates":[85.1,25.6],"type":"Point"},"id":"0-20000-0-42492-202609291500-6","properties":{"description":"2 OKTAS","name":"cloud_amount","phenomenonTime":"2026-09-29T15:00:00Z","reportId":"0-20000-0-42492-202609291500","reportTime":"2026-09-29T15:00:00Z","units":"CODE TABLE","value":null,"wigos_station_identifier":"0-20000-0-42492","id":"0-20000-0-42492-202609291500-6"},"type":"Feature"},{"geometry":{"coordinates":[85.1,25.6],"type":"Point"},"id":"0-20000-0-42492-202609291500-7","properties":{"description":null,"name":"height_of_base_of_cloud","phenomenonTime":"2026-09-29T15:00:00Z","reportId":"0-20000-0-42492-202609291500","reportTime":"2026-09-29T15:00:00Z","units":"m","value":3000.0,"wigos_station_identifier":"0-20000-0-42492","id":"0-20000-0-42492-202609291500-7"},"type":"Feature"},{"geometry":{"coordinates":[84.06667,24.05],"type":"Point"},"id":"0-20000-0-42587-202609291500-0","properties":{"description":null,"name":"pressure_reduced_to_mean_sea_level","phenomenonTime":"2026-09-29T15:00:00Z","reportId":"0-20000-0-42587-202609291500","reportTime":"2026-09-29T15:00:00Z","units":"hPa","value":1009.5,"wigos_station_identifier":"0-20000-0-42587","id":"0-20000-0-42587-202609291500-0"},"type":"Feature"},{"geometry":{"coordinates":[85.1,25.6],"type":"Point"},"id":"0-20000-0-42492-202609291500-9","properties":{"description":"ALTOCUMULUS TRANSLUCIDUS AT A SINGLE LEVEL","name":"cloud_type","phenomenonTime":"2026-09-29T15:00:00Z","reportId":"0-20000-0-42492-202609291500","reportTime":"2026-09-29T15:00:00Z","units":"CODE TABLE","value":null,"wigos_station_identifier":"0-20000-0-42492","id":"0-20000-0-42492-202609291500-9"},"type":"Feature"},{"geometry":{"coordinates":[84.06667,24.05],"type":"Point"},"id":"0-20000-0-42587-202609291500-1","properties":{"description":null,"name":"24hour_pressure_change","phenomenonTime":"2026-09-29T15:00:00Z","reportId":"0-20000-0-42587-202609291500","reportTime":"2026-09-29T15:00:00Z","units":"hPa","value":-0.3,"wigos_station_identifier":"0-20000-0-42587","id":"0-20000-0-42587-202609291500-1"},"type":"Feature"},{"geometry":{"coordinates":[85.1,25.6],"type":"Point"},"id":"0-20000-0-42492-202609291500-10","properties":{"description":"NO CH CLOUDS","name":"cloud_type","phenomenonTime":"2026-09-29T15:00:00Z","reportId":"0-20000-0-42492-202609291500","reportTime":"2026-09-29T15:00:00Z","units":"CODE TABLE","value":null,"wigos_station_identifier":"0-20000-0-42492","id":"0-20000-0-42492-202609291500-10"},"type":"Feature"},{"geometry":{"coordinates":[84.06667,24.05],"type":"Point"},"id":"0-20000-0-42587-202609291500-2","properties":{"description":null,"name":"air_temperature","phenomenonTime":"2026-09-29T15:00:00Z","reportId":"0-20000-0-42587-202609291500","reportTime":"2026-09-29T15:00:00Z","units":"Celsius","value":26.8,"wigos_station_identifier":"0-20000-0-42587","id":"0-20000-0-42587-202609291500-2"},"type":"Feature"},{"geometry":{"coordinates":[85.1,25.6],"type":"Point"},"id":"0-20000-0-42492-202609291500-11","properties":{"description":"3 OKTAS","name":"cloud_amount","phenomenonTime":"2026-09-29T15:00:00Z","reportId":"0-20000-0-42492-202609291500","reportTime":"2026-09-29T15:00:00Z","units":"CODE TABLE","value":null,"wigos_station_identifier":"0-20000-0-42492","id":"0-20000-0-42492-202609291500-11"},"type":"Feature"},{"geometry":{"coordinates":[84.06667,24.05],"type":"Point"},"id":"0-20000-0-42587-202609291500-3","properties":{"description":null,"name":"dewpoint_temperature","phenomenonTime":"2026-09-29T15:00:00Z","reportId":"0-20000-0-42587-202609291500","reportTime":"2026-09-29T15:00:00Z","units":"Celsius","value":23.9,"wigos_station_identifier":"0-20000-0-42587","id":"0-20000-0-42587-202609291500-3"},"type":"Feature"},{"geometry":{"coordinates":[85.1,25.6],"type":"Point"},"id":"0-20000-0-42492-202609291500-12","properties":{"description":"ALTOCUMULUS (AC)","name":"cloud_type","phenomenonTime":"2026-09-29T15:00:00Z","reportId":"0-20000-0-42492-202609291500","reportTime":"2026-09-29T15:00:00Z","units":"CODE TABLE","value":null,"wigos_station_identifier":"0-20000-0-42492","id":"0-20000-0-42492-202609291500-12"},"type":"Feature"},{"geometry":{"coordinates":[85.1,25.6],"type":"Point"},"id":"0-20000-0-42492-202609291500-13","properties":{"description":null,"name":"height_of_base_of_cloud","phenomenonTime":"2026-09-29T15:00:00Z","reportId":"0-20000-0-42492-202609291500","reportTime":"2026-09-29T15:00:00Z","units":"m","value":3000.0,"wigos_station_identifier":"0-20000-0-42492","id":"0-20000-0-42492-202609291500-13"},"type":"Feature"},{"geometry":{"coordinates":[84.06667,24.05],"type":"Point"},"id":"0-20000-0-42587-202609291500-4","properties":{"description":null,"name":"horizontal_visibility","phenomenonTime":"2026-09-29T15:00:00Z","reportId":"0-20000-0-42587-202609291500","reportTime":"2026-09-29T15:00:00Z","units":"m","value":4000.0,"wigos_station_identifier":"0-20000-0-42587","id":"0-20000-0-42587-202609291500-4"},"type":"Feature"},{"geometry":{"coordinates":[85.1,25.6],"type":"Point"},"id":"0-20000-0-42492-202609291500-14","properties":{"description":"MIST","name":"present_weather","phenomenonTime":"2026-09-29T15:00:00Z","reportId":"0-20000-0-42492-202609291500","reportTime":"2026-09-29T15:00:00Z","units":"CODE TABLE","value":null,"wigos_station_identifier":"0-20000-0-42492","id":"0-20000-0-42492-202609291500-14"},"type":"Feature"},{"geometry":{"coordinates":[84.06667,24.05],"type":"Point"},"id":"0-20000-0-42587-202609291500-5","properties":{"description":null,"name":"cloud_cover_total","phenomenonTime":"2026-09-29T15:00:00Z","reportId":"0-20000-0-42587-202609291500","reportTime":"2026-09-29T15:00:00Z","units":"%","value":13.0,"wigos_station_identifier":"0-20000-0-42587","id":"0-20000-0-42587-202609291500-5"},"type":"Feature"},{"geometry":{"coordinates":[85.1,25.6],"type":"Point"},"id":"0-20000-0-42492-202609291500-15","properties":{"description":"CLOUD COVERING 1/2 OR LESS OF THE SKY THROUGHOUT THE APPROPRIATE PERIOD","name":"past_weather1","phenomenonTime":"2026-09-29T15:00:00Z","reportId":"0-20000-0-42492-202609291500","reportTime":"2026-09-29T15:00:00Z","units":"CODE TABLE","value":null,"wigos_station_identifier":"0-20000-0-42492","id":"0-20000-0-42492-202609291500-15"},"type":"Feature"},{"geometry":{"coordinates":[84.06667,24.05],"type":"Point"},"id":"0-20000-0-42587-202609291500-6","properties":{"description":"1 OKTA OR LESS, BUT NOT ZERO","name":"cloud_amount","phenomenonTime":"2026-09-29T15:00:00Z","reportId":"0-20000-0-42587-202609291500","reportTime":"2026-09-29T15:00:00Z","units":"CODE TABLE","value":null,"wigos_station_identifier":"0-20000-0-42587","id":"0-20000-0-42587-202609291500-6"},"type":"Feature"},{"geometry":{"coordinates":[85.1,25.6],"type":"Point"},"id":"0-20000-0-42492-202609291500-16","properties":{"description":"CLOUD COVERING 1/2 OR LESS OF THE SKY THROUGHOUT THE APPROPRIATE PERIOD","name":"past_weather2","phenomenonTime":"2026-09-29T15:00:00Z","reportId":"0-20000-0-42492-202609291500","reportTime":"2026-09-29T15:00:00Z","units":"CODE TABLE","value":null,"wigos_station_identifier":"0-20000-0-42492","id":"0-20000-0-42492-202609291500-16"},"type":"Feature"},{"geometry":{"coordinates":[84.06667,24.05],"type":"Point"},"id":"0-20000-0-42587-202609291500-7","properties":{"description":null,"name":"height_of_base_of_cloud","phenomenonTime":"2026-09-29T15:00:00Z","reportId":"0-20000-0-42587-202609291500","reportTime":"2026-09-29T15:00:00Z","units":"m","value":600.0,"wigos_station_identifier":"0-20000-0-42587","id":"0-20000-0-42587-202609291500-7"},"type":"Feature"},{"geometry":{"coordinates":[85.1,25.6],"type":"Point"},"id":"0-20000-0-42492-202609291500-17","properties":{"description":null,"name":"wind_direction","phenomenonTime":"2026-09-29T14:50:00Z/2026-09-29T15:00:00Z","reportId":"0-20000-0-42492-202609291500","reportTime":"2026-09-29T15:00:00Z","units":"deg","value":0.0,"wigos_station_identifier":"0-20000-0-42492","id":"0-20000-0-42492-202609291500-17"},"type":"Feature"},{"geometry":{"coordinates":[84.06667,24.05],"type":"Point"},"id":"0-20000-0-42587-202609291500-8","properties":{"description":"STRATOCUMULUS OTHER THAN STRATOCUMULUS CUMULOGENITUS","name":"cloud_type","phenomenonTime":"2026-09-29T15:00:00Z","reportId":"0-20000-0-42587-202609291500","reportTime":"2026-09-29T15:00:00Z","units":"CODE TABLE","value":null,"wigos_station_identifier":"0-20000-0-42587","id":"0-20000-0-42587-202609291500-8"},"type":"Feature"},{"geometry":{"coordinates":[85.1,25.6],"type":"Point"},"id":"0-20000-0-42492-202609291500-18","properties":{"description":null,"name":"wind_speed","phenomenonTime":"2026-09-29T14:50:00Z/2026-09-29T15:00:00Z","reportId":"0-20000-0-42492-202609291500","reportTime":"2026-09-29T15:00:00Z","units":"m/s","value":0.0,"wigos_station_identifier":"0-20000-0-42492","id":"0-20000-0-42492-202609291500-18"},"type":"Feature"},{"geometry":{"coordinates":[84.06667,24.05],"type":"Point"},"id":"0-20000-0-42587-202609291500-9","properties":{"description":"NO CM CLOUDS","name":"cloud_type","phenomenonTime":"2026-09-29T15:00:00Z","reportId":"0-20000-0-42587-202609291500","reportTime":"2026-09-29T15:00:00Z","units":"CODE TABLE","value":null,"wigos_station_identifier":"0-20000-0-42587","id":"0-20000-0-42587-202609291500-9"},"type":"Feature"},{"geometry":{"coordinates":[84.06667,24.05],"type":"Point"},"id":"0-20000-0-42587-202609291500-10","properties":{"description":"NO CH CLOUDS","name":"cloud_type","phenomenonTime":"2026-09-29T15:00:00Z","reportId":"0-20000-0-42587-202609291500","reportTime":"2026-09-29T15:00:00Z","units":"CODE TABLE","value":null,"wigos_station_identifier":"0-20000-0-42587","id":"0-20000-0-42587-202609291500-10"},"type":"Feature"},{"geometry":{"coordinates":[84.06667,24.05],"type":"Point"},"id":"0-20000-0-42587-202609291500-11","properties":{"description":"1 OKTA OR LESS, BUT NOT ZERO","name":"cloud_amount","phenomenonTime":"2026-09-29T15:00:00Z","reportId":"0-20000-0-42587-202609291500","reportTime":"2026-09-29T15:00:00Z","units":"CODE TABLE","value":null,"wigos_station_identifier":"0-20000-0-42587","id":"0-20000-0-42587-202609291500-11"},"type":"Feature"},{"geometry":{"coordinates":[84.06667,24.05],"type":"Point"},"id":"0-20000-0-42587-202609291500-12","properties":{"description":"STRATOCUMULUS (SC)","name":"cloud_type","phenomenonTime":"2026-09-29T15:00:00Z","reportId":"0-20000-0-42587-202609291500","reportTime":"2026-09-29T15:00:00Z","units":"CODE TABLE","value":null,"wigos_station_identifier":"0-20000-0-42587","id":"0-20000-0-42587-202609291500-12"},"type":"Feature"},{"geometry":{"coordinates":[84.06667,24.05],"type":"Point"},"id":"0-20000-0-42587-202609291500-13","properties":{"description":null,"name":"height_of_base_of_cloud","phenomenonTime":"2026-09-29T15:00:00Z","reportId":"0-20000-0-42587-202609291500","reportTime":"2026-09-29T15:00:00Z","units":"m","value":600.0,"wigos_station_identifier":"0-20000-0-42587","id":"0-20000-0-42587-202609291500-13"},"type":"Feature"},{"geometry":{"coordinates":[84.06667,24.05],"type":"Point"},"id":"0-20000-0-42587-202609291500-14","properties":{"description":"HAZE","name":"present_weather","phenomenonTime":"2026-09-29T15:00:00Z","reportId":"0-20000-0-42587-202609291500","reportTime":"2026-09-29T15:00:00Z","units":"CODE TABLE","value":null,"wigos_station_identifier":"0-20000-0-42587","id":"0-20000-0-42587-202609291500-14"},"type":"Feature"},{"geometry":{"coordinates":[84.06667,24.05],"type":"Point"},"id":"0-20000-0-42587-202609291500-15","properties":{"description":"CLOUD COVERING 1/2 OR LESS OF THE SKY THROUGHOUT THE APPROPRIATE PERIOD","name":"past_weather1","phenomenonTime":"2026-09-29T15:00:00Z","reportId":"0-20000-0-42587-202609291500","reportTime":"2026-09-29T15:00:00Z","units":"CODE TABLE","value":null,"wigos_station_identifier":"0-20000-0-42587","id":"0-20000-0-42587-202609291500-15"},"type":"Feature"},{"geometry":{"coordinates":[84.06667,24.05],"type":"Point"},"id":"0-20000-0-42587-202609291500-16","properties":{"description":"CLOUD COVERING 1/2 OR LESS OF THE SKY THROUGHOUT THE APPROPRIATE PERIOD","name":"past_weather2","phenomenonTime":"2026-09-29T15:00:00Z","reportId":"0-20000-0-42587-202609291500","reportTime":"2026-09-29T15:00:00Z","units":"CODE TABLE","value":null,"wigos_station_identifier":"0-20000-0-42587","id":"0-20000-0-42587-202609291500-16"},"type":"Feature"},{"geometry":{"coordinates":[84.06667,24.05],"type":"Point"},"id":"0-20000-0-42587-202609291500-17","properties":{"description":null,"name":"wind_direction","phenomenonTime":"2026-09-29T14:50:00Z/2026-09-29T15:00:00Z","reportId":"0-20000-0-42587-202609291500","reportTime":"2026-09-29T15:00:00Z","units":"deg","value":0.0,"wigos_station_identifier":"0-20000-0-42587","id":"0-20000-0-42587-202609291500-17"},"type":"Feature"},{"geometry":{"coordinates":[84.06667,24.05],"type":"Point"},"id":"0-20000-0-42587-202609291500-18","properties":{"description":null,"name":"wind_speed","phenomenonTime":"2026-09-29T14:50:00Z/2026-09-29T15:00:00Z","reportId":"0-20000-0-42587-202609291500","reportTime":"2026-09-29T15:00:00Z","units":"m/s","value":0.0,"wigos_station_identifier":"0-20000-0-42587","id":"0-20000-0-42587-202609291500-18"},"type":"Feature"},{"geometry":{"coordinates":[84.95,24.75],"type":"Point"},"id":"0-20000-0-42591-202609291500-0","properties":{"description":null,"name":"pressure_reduced_to_mean_sea_level","phenomenonTime":"2026-09-29T15:00:00Z","reportId":"0-20000-0-42591-202609291500","reportTime":"2026-09-29T15:00:00Z","units":"hPa","value":1010.9,"wigos_station_identifier":"0-20000-0-42591","id":"0-20000-0-42591-202609291500-0"},"type":"Feature"},{"geometry":{"coordinates":[84.95,24.75],"type":"Point"},"id":"0-20000-0-42591-202609291500-1","properties":{"description":null,"name":"24hour_pressure_change","phenomenonTime":"2026-09-29T15:00:00Z","reportId":"0-20000-0-42591-202609291500","reportTime":"2026-09-29T15:00:00Z","units":"hPa","value":0.8,"wigos_station_identifier":"0-20000-0-42591","id":"0-20000-0-42591-202609291500-1"},"type":"Feature"},{"geometry":{"coordinates":[84.95,24.75],"type":"Point"},"id":"0-20000-0-42591-202609291500-2","properties":{"description":null,"name":"air_temperature","phenomenonTime":"2026-09-29T15:00:00Z","reportId":"0-20000-0-42591-202609291500","reportTime":"2026-09-29T15:00:00Z","units":"Celsius","value":28.0,"wigos_station_identifier":"0-20000-0-42591","id":"0-20000-0-42591-202609291500-2"},"type":"Feature"},{"geometry":{"coordinates":[84.95,24.75],"type":"Point"},"id":"0-20000-0-42591-202609291500-3","properties":{"description":null,"name":"dewpoint_temperature","phenomenonTime":"2026-09-29T15:00:00Z","reportId":"0-20000-0-42591-202609291500","reportTime":"2026-09-29T15:00:00Z","units":"Celsius","value":25.4,"wigos_station_identifier":"0-20000-0-42591","id":"0-20000-0-42591-202609291500-3"},"type":"Feature"},{"geometry":{"coordinates":[84.95,24.75],"type":"Point"},"id":"0-20000-0-42591-202609291500-4","properties":{"description":null,"name":"horizontal_visibility","phenomenonTime":"2026-09-29T15:00:00Z","reportId":"0-20000-0-42591-202609291500","reportTime":"2026-09-29T15:00:00Z","units":"m","value":2000.0,"wigos_station_identifier":"0-20000-0-42591","id":"0-20000-0-42591-202609291500-4"},"type":"Feature"},{"geometry":{"coordinates":[84.95,24.75],"type":"Point"},"id":"0-20000-0-42591-202609291500-5","properties":{"description":null,"name":"cloud_cover_total","phenomenonTime":"2026-09-29T15:00:00Z","reportId":"0-20000-0-42591-202609291500","reportTime":"2026-09-29T15:00:00Z","units":"%","value":38.0,"wigos_station_identifier":"0-20000-0-42591","id":"0-20000-0-42591-202609291500-5"},"type":"Feature"},{"geometry":{"coordinates":[84.95,24.75],"type":"Point"},"id":"0-20000-0-42591-202609291500-6","properties":{"description":"3 OKTAS","name":"cloud_amount","phenomenonTime":"2026-09-29T15:00:00Z","reportId":"0-20000-0-42591-202609291500","reportTime":"2026-09-29T15:00:00Z","units":"CODE TABLE","value":null,"wigos_station_identifier":"0-20000-0-42591","id":"0-20000-0-42591-202609291500-6"},"type":"Feature"},{"geometry":{"coordinates":[84.95,24.75],"type":"Point"},"id":"0-20000-0-42591-202609291500-7","properties":{"description":null,"name":"height_of_base_of_cloud","phenomenonTime":"2026-09-29T15:00:00Z","reportId":"0-20000-0-42591-202609291500","reportTime":"2026-09-29T15:00:00Z","units":"m","value":540.0,"wigos_station_identifier":"0-20000-0-42591","id":"0-20000-0-42591-202609291500-7"},"type":"Feature"},{"geometry":{"coordinates":[84.95,24.75],"type":"Point"},"id":"0-20000-0-42591-202609291500-8","properties":{"description":"STRATOCUMULUS OTHER THAN STRATOCUMULUS CUMULOGENITUS","name":"cloud_type","phenomenonTime":"2026-09-29T15:00:00Z","reportId":"0-20000-0-42591-202609291500","reportTime":"2026-09-29T15:00:00Z","units":"CODE TABLE","value":null,"wigos_station_identifier":"0-20000-0-42591","id":"0-20000-0-42591-202609291500-8"},"type":"Feature"},{"geometry":{"coordinates":[84.95,24.75],"type":"Point"},"id":"0-20000-0-42591-202609291500-9","properties":{"description":"NO CM CLOUDS","name":"cloud_type","phenomenonTime":"2026-09-29T15:00:00Z","reportId":"0-20000-0-42591-202609291500","reportTime":"2026-09-29T15:00:00Z","units":"CODE TABLE","value":null,"wigos_station_identifier":"0-20000-0-42591","id":"0-20000-0-42591-202609291500-9"},"type":"Feature"},{"geometry":{"coordinates":[84.95,24.75],"type":"Point"},"id":"0-20000-0-42591-202609291500-10","properties":{"description":"NO CH CLOUDS","name":"cloud_type","phenomenonTime":"2026-09-29T15:00:00Z","reportId":"0-20000-0-42591-202609291500","reportTime":"2026-09-29T15:00:00Z","units":"CODE TABLE","value":null,"wigos_station_identifier":"0-20000-0-42591","id":"0-20000-0-42591-202609291500-10"},"type":"Feature"},{"geometry":{"coordinates":[84.95,24.75],"type":"Point"},"id":"0-20000-0-42591-202609291500-11","properties":{"description":"3 OKTAS","name":"cloud_amount","phenomenonTime":"2026-09-29T15:00:00Z","reportId":"0-20000-0-42591-202609291500","reportTime":"2026-09-29T15:00:00Z","units":"CODE TABLE","value":null,"wigos_station_identifier":"0-20000-0-42591","id":"0-20000-0-42591-202609291500-11"},"type":"Feature"},{"geometry":{"coordinates":[84.95,24.75],"type":"Point"},"id":"0-20000-0-42591-202609291500-12","properties":{"description":"STRATOCUMULUS (SC)","name":"cloud_type","phenomenonTime":"2026-09-29T15:00:00Z","reportId":"0-20000-0-42591-202609291500","reportTime":"2026-09-29T15:00:00Z","units":"CODE TABLE","value":null,"wigos_station_identifier":"0-20000-0-42591","id":"0-20000-0-42591-202609291500-12"},"type":"Feature"},{"geometry":{"coordinates":[84.95,24.75],"type":"Point"},"id":"0-20000-0-42591-202609291500-13","properties":{"description":null,"name":"height_of_base_of_cloud","phenomenonTime":"2026-09-29T15:00:00Z","reportId":"0-20000-0-42591-202609291500","reportTime":"2026-09-29T15:00:00Z","units":"m","value":540.0,"wigos_station_identifier":"0-20000-0-42591","id":"0-20000-0-42591-202609291500-13"},"type":"Feature"},{"geometry":{"coordinates":[84.95,24.75],"type":"Point"},"id":"0-20000-0-42591-202609291500-14","properties":{"description":"MIST","name":"present_weather","phenomenonTime":"2026-09-29T15:00:00Z","reportId":"0-20000-0-42591-202609291500","reportTime":"2026-09-29T15:00:00Z","units":"CODE TABLE","value":null,"wigos_station_identifier":"0-20000-0-42591","id":"0-20000-0-42591-202609291500-14"},"type":"Feature"},{"geometry":{"coordinates":[84.95,24.75],"type":"Point"},"id":"0-20000-0-42591-202609291500-15","properties":{"description":"CLOUD COVERING 1/2 OR LESS OF THE SKY THROUGHOUT THE APPROPRIATE PERIOD","name":"past_weather1","phenomenonTime":"2026-09-29T15:00:00Z","reportId":"0-20000-0-42591-202609291500","reportTime":"2026-09-29T15:00:00Z","units":"CODE TABLE","value":null,"wigos_station_identifier":"0-20000-0-42591","id":"0-20000-0-42591-202609291500-15"},"type":"Feature"},{"geometry":{"coordinates":[84.95,24.75],"type":"Point"},"id":"0-20000-0-42591-202609291500-16","properties":{"description":"CLOUD COVERING 1/2 OR LESS OF THE SKY THROUGHOUT THE APPROPRIATE PERIOD","name":"past_weather2","phenomenonTime":"2026-09-29T15:00:00Z","reportId":"0-20000-0-42591-202609291500","reportTime":"2026-09-29T15:00:00Z","units":"CODE TABLE","value":null,"wigos_station_identifier":"0-20000-0-42591","id":"0-20000-0-42591-202609291500-16"},"type":"Feature"},{"geometry":{"coordinates":[84.95,24.75],"type":"Point"},"id":"0-20000-0-42591-202609291500-17","properties":{"description":null,"name":"wind_direction","phenomenonTime":"2026-09-29T14:50:00Z/2026-09-29T15:00:00Z","reportId":"0-20000-0-42591-202609291500","reportTime":"2026-09-29T15:00:00Z","units":"deg","value":0.0,"wigos_station_identifier":"0-20000-0-42591","id":"0-20000-0-42591-202609291500-17"},"type":"Feature"},{"geometry":{"coordinates":[84.95,24.75],"type":"Point"},"id":"0-20000-0-42591-202609291500-18","properties":{"description":null,"name":"wind_speed","phenomenonTime":"2026-09-29T14:50:00Z/2026-09-29T15:00:00Z","reportId":"0-20000-0-42591-202609291500","reportTime":"2026-09-29T15:00:00Z","units":"m/s","value":0.0,"wigos_station_identifier":"0-20000-0-42591","id":"0-20000-0-42591-202609291500-18"},"type":"Feature"},{"geometry":{"coordinates":[85.1,25.6],"type":"Point"},"id":"0-20000-0-42492-202609291500-8","properties":{"description":"NO CL CLOUDS","name":"cloud_type","phenomenonTime":"2026-09-29T15:00:00Z","reportId":"0-20000-0-42492-202609291500","reportTime":"2026-09-29T15:00:00Z","units":"CODE TABLE","value":null,"wigos_station_identifier":"0-20000-0-42492","id":"0-20000-0-42492-202609291500-8"},"type":"Feature"},{"geometry":{"coordinates":[84.95,24.75],"type":"Point"},"id":"0-20000-0-42591-202609292100-0","properties":{"description":null,"name":"pressure_reduced_to_mean_sea_level","phenomenonTime":"2026-09-29T21:00:00Z","reportId":"0-20000-0-42591-202609292100","reportTime":"2026-09-29T21:00:00Z","units":"hPa","value":1009.9,"wigos_station_identifier":"0-20000-0-42591","id":"0-20000-0-42591-202609292100-0"},"type":"Feature"},{"geometry":{"coordinates":[84.95,24.75],"type":"Point"},"id":"0-20000-0-42591-202609292100-1","properties":{"description":null,"name":"24hour_pressure_change","phenomenonTime":"2026-09-29T21:00:00Z","reportId":"0-20000-0-42591-202609292100","reportTime":"2026-09-29T21:00:00Z","units":"hPa","value":0.5,"wigos_station_identifier":"0-20000-0-42591","id":"0-20000-0-42591-202609292100-1"},"type":"Feature"},{"geometry":{"coordinates":[84.95,24.75],"type":"Point"},"id":"0-20000-0-42591-202609292100-2","properties":{"description":null,"name":"air_temperature","phenomenonTime":"2026-09-29T21:00:00Z","reportId":"0-20000-0-42591-202609292100","reportTime":"2026-09-29T21:00:00Z","units":"Celsius","value":25.6,"wigos_station_identifier":"0-20000-0-42591","id":"0-20000-0-42591-202609292100-2"},"type":"Feature"},{"geometry":{"coordinates":[84.95,24.75],"type":"Point"},"id":"0-20000-0-42591-202609292100-3","properties":{"description":null,"name":"dewpoint_temperature","phenomenonTime":"2026-09-29T21:00:00Z","reportId":"0-20000-0-42591-202609292100","reportTime":"2026-09-29T21:00:00Z","units":"Celsius","value":24.4,"wigos_station_identifier":"0-20000-0-42591","id":"0-20000-0-42591-202609292100-3"},"type":"Feature"},{"geometry":{"coordinates":[84.95,24.75],"type":"Point"},"id":"0-20000-0-42591-202609292100-4","properties":{"description":null,"name":"horizontal_visibility","phenomenonTime":"2026-09-29T21:00:00Z","reportId":"0-20000-0-42591-202609292100","reportTime":"2026-09-29T21:00:00Z","units":"m","value":1000.0,"wigos_station_identifier":"0-20000-0-42591","id":"0-20000-0-42591-202609292100-4"},"type":"Feature"},{"geometry":{"coordinates":[84.06667,24.05],"type":"Point"},"id":"0-20000-0-42587-202609292100-0","properties":{"description":null,"name":"pressure_reduced_to_mean_sea_level","phenomenonTime":"2026-09-29T21:00:00Z","reportId":"0-20000-0-42587-202609292100","reportTime":"2026-09-29T21:00:00Z","units":"hPa","value":1008.8,"wigos_station_identifier":"0-20000-0-42587","id":"0-20000-0-42587-202609292100-0"},"type":"Feature"},{"geometry":{"coordinates":[84.95,24.75],"type":"Point"},"id":"0-20000-0-42591-202609292100-5","properties":{"description":null,"name":"cloud_cover_total","phenomenonTime":"2026-09-29T21:00:00Z","reportId":"0-20000-0-42591-202609292100","reportTime":"2026-09-29T21:00:00Z","units":"%","value":13.0,"wigos_station_identifier":"0-20000-0-42591","id":"0-20000-0-42591-202609292100-5"},"type":"Feature"},{"geometry":{"coordinates":[84.06667,24.05],"type":"Point"},"id":"0-20000-0-42587-202609292100-1","properties":{"description":null,"name":"24hour_pressure_change","phenomenonTime":"2026-09-29T21:00:00Z","reportId":"0-20000-0-42587-202609292100","reportTime":"2026-09-29T21:00:00Z","units":"hPa","value":0.0,"wigos_station_identifier":"0-20000-0-42587","id":"0-20000-0-42587-202609292100-1"},"type":"Feature"},{"geometry":{"coordinates":[84.95,24.75],"type":"Point"},"id":"0-20000-0-42591-202609292100-6","properties":{"description":"1 OKTA OR LESS, BUT NOT ZERO","name":"cloud_amount","phenomenonTime":"2026-09-29T21:00:00Z","reportId":"0-20000-0-42591-202609292100","reportTime":"2026-09-29T21:00:00Z","units":"CODE TABLE","value":null,"wigos_station_identifier":"0-20000-0-42591","id":"0-20000-0-42591-202609292100-6"},"type":"Feature"},{"geometry":{"coordinates":[84.06667,24.05],"type":"Point"},"id":"0-20000-0-42587-202609292100-2","properties":{"description":null,"name":"air_temperature","phenomenonTime":"2026-09-29T21:00:00Z","reportId":"0-20000-0-42587-202609292100","reportTime":"2026-09-29T21:00:00Z","units":"Celsius","value":25.0,"wigos_station_identifier":"0-20000-0-42587","id":"0-20000-0-42587-202609292100-2"},"type":"Feature"},{"geometry":{"coordinates":[84.95,24.75],"type":"Point"},"id":"0-20000-0-42591-202609292100-7","properties":{"description":null,"name":"height_of_base_of_cloud","phenomenonTime":"2026-09-29T21:00:00Z","reportId":"0-20000-0-42591-202609292100","reportTime":"2026-09-29T21:00:00Z","units":"m","value":600.0,"wigos_station_identifier":"0-20000-0-42591","id":"0-20000-0-42591-202609292100-7"},"type":"Feature"},{"geometry":{"coordinates":[84.06667,24.05],"type":"Point"},"id":"0-20000-0-42587-202609292100-3","properties":{"description":null,"name":"dewpoint_temperature","phenomenonTime":"2026-09-29T21:00:00Z","reportId":"0-20000-0-42587-202609292100","reportTime":"2026-09-29T21:00:00Z","units":"Celsius","value":22.6,"wigos_station_identifier":"0-20000-0-42587","id":"0-20000-0-42587-202609292100-3"},"type":"Feature"},{"geometry":{"coordinates":[84.95,24.75],"type":"Point"},"id":"0-20000-0-42591-202609292100-8","properties":{"description":"STRATOCUMULUS OTHER THAN STRATOCUMULUS CUMULOGENITUS","name":"cloud_type","phenomenonTime":"2026-09-29T21:00:00Z","reportId":"0-20000-0-42591-202609292100","reportTime":"2026-09-29T21:00:00Z","units":"CODE TABLE","value":null,"wigos_station_identifier":"0-20000-0-42591","id":"0-20000-0-42591-202609292100-8"},"type":"Feature"},{"geometry":{"coordinates":[84.06667,24.05],"type":"Point"},"id":"0-20000-0-42587-202609292100-4","properties":{"description":null,"name":"horizontal_visibility","phenomenonTime":"2026-09-29T21:00:00Z","reportId":"0-20000-0-42587-202609292100","reportTime":"2026-09-29T21:00:00Z","units":"m","value":2000.0,"wigos_station_identifier":"0-20000-0-42587","id":"0-20000-0-42587-202609292100-4"},"type":"Feature"},{"geometry":{"coordinates":[84.95,24.75],"type":"Point"},"id":"0-20000-0-42591-202609292100-9","properties":{"description":"NO CM CLOUDS","name":"cloud_type","phenomenonTime":"2026-09-29T21:00:00Z","reportId":"0-20000-0-42591-202609292100","reportTime":"2026-09-29T21:00:00Z","units":"CODE TABLE","value":null,"wigos_station_identifier":"0-20000-0-42591","id":"0-20000-0-42591-202609292100-9"},"type":"Feature"},{"geometry":{"coordinates":[84.06667,24.05],"type":"Point"},"id":"0-20000-0-42587-202609292100-5","properties":{"description":null,"name":"cloud_cover_total","phenomenonTime":"2026-09-29T21:00:00Z","reportId":"0-20000-0-42587-202609292100","reportTime":"2026-09-29T21:00:00Z","units":"%","value":0.0,"wigos_station_identifier":"0-20000-0-42587","id":"0-20000-0-42587-202609292100-5"},"type":"Feature"},{"geometry":{"coordinates":[84.95,24.75],"type":"Point"},"id":"0-20000-0-42591-202609292100-10","properties":{"description":"NO CH CLOUDS","name":"cloud_type","phenomenonTime":"2026-09-29T21:00:00Z","reportId":"0-20000-0-42591-202609292100","reportTime":"2026-09-29T21:00:00Z","units":"CODE TABLE","value":null,"wigos_station_identifier":"0-20000-0-42591","id":"0-20000-0-42591-202609292100-10"},"type":"Feature"},{"geometry":{"coordinates":[84.06667,24.05],"type":"Point"},"id":"0-20000-0-42587-202609292100-6","properties":{"description":"0","name":"cloud_amount","phenomenonTime":"2026-09-29T21:00:00Z","reportId":"0-20000-0-42587-202609292100","reportTime":"2026-09-29T21:00:00Z","units":"CODE TABLE","value":null,"wigos_station_identifier":"0-20000-0-42587","id":"0-20000-0-42587-202609292100-6"},"type":"Feature"},{"geometry":{"coordinates":[84.06667,24.05],"type":"Point"},"id":"0-20000-0-42587-202609292100-7","properties":{"description":"NO CL CLOUDS","name":"cloud_type","phenomenonTime":"2026-09-29T21:00:00Z","reportId":"0-20000-0-42587-202609292100","reportTime":"2026-09-29T21:00:00Z","units":"CODE TABLE","value":null,"wigos_station_identifier":"0-20000-0-42587","id":"0-20000-0-42587-202609292100-7"},"type":"Feature"},{"geometry":{"coordinates":[84.95,24.75],"type":"Point"},"id":"0-20000-0-42591-202609292100-11","properties":{"description":"MIST","name":"present_weather","phenomenonTime":"2026-09-29T21:00:00Z","reportId":"0-20000-0-42591-202609292100","reportTime":"2026-09-29T21:00:00Z","units":"CODE TABLE","value":null,"wigos_station_identifier":"0-20000-0-42591","id":"0-20000-0-42591-202609292100-11"},"type":"Feature"},{"geometry":{"coordinates":[84.06667,24.05],"type":"Point"},"id":"0-20000-0-42587-202609292100-8","properties":{"description":"NO CM CLOUDS","name":"cloud_type","phenomenonTime":"2026-09-29T21:00:00Z","reportId":"0-20000-0-42587-202609292100","reportTime":"2026-09-29T21:00:00Z","units":"CODE TABLE","value":null,"wigos_station_identifier":"0-20000-0-42587","id":"0-20000-0-42587-202609292100-8"},"type":"Feature"},{"geometry":{"coordinates":[84.95,24.75],"type":"Point"},"id":"0-20000-0-42591-202609292100-12","properties":{"description":"CLOUD COVERING 1/2 OR LESS OF THE SKY THROUGHOUT THE APPROPRIATE PERIOD","name":"past_weather1","phenomenonTime":"2026-09-29T21:00:00Z","reportId":"0-20000-0-42591-202609292100","reportTime":"2026-09-29T21:00:00Z","units":"CODE TABLE","value":null,"wigos_station_identifier":"0-20000-0-42591","id":"0-20000-0-42591-202609292100-12"},"type":"Feature"},{"geometry":{"coordinates":[84.06667,24.05],"type":"Point"},"id":"0-20000-0-42587-202609292100-9","properties":{"description":"NO CH CLOUDS","name":"cloud_type","phenomenonTime":"2026-09-29T21:00:00Z","reportId":"0-20000-0-42587-202609292100","reportTime":"2026-09-29T21:00:00Z","units":"CODE TABLE","value":null,"wigos_station_identifier":"0-20000-0-42587","id":"0-20000-0-42587-202609292100-9"},"type":"Feature"},{"geometry":{"coordinates":[84.95,24.75],"type":"Point"},"id":"0-20000-0-42591-202609292100-13","properties":{"description":"CLOUD COVERING 1/2 OR LESS OF THE SKY THROUGHOUT THE APPROPRIATE PERIOD","name":"past_weather2","phenomenonTime":"2026-09-29T21:00:00Z","reportId":"0-20000-0-42591-202609292100","reportTime":"2026-09-29T21:00:00Z","units":"CODE TABLE","value":null,"wigos_station_identifier":"0-20000-0-42591","id":"0-20000-0-42591-202609292100-13"},"type":"Feature"},{"geometry":{"coordinates":[84.06667,24.05],"type":"Point"},"id":"0-20000-0-42587-202609292100-10","properties":{"description":"HAZE","name":"present_weather","phenomenonTime":"2026-09-29T21:00:00Z","reportId":"0-20000-0-42587-202609292100","reportTime":"2026-09-29T21:00:00Z","units":"CODE TABLE","value":null,"wigos_station_identifier":"0-20000-0-42587","id":"0-20000-0-42587-202609292100-10"},"type":"Feature"},{"geometry":{"coordinates":[84.95,24.75],"type":"Point"},"id":"0-20000-0-42591-202609292100-14","properties":{"description":null,"name":"wind_direction","phenomenonTime":"2026-09-29T20:50:00Z/2026-09-29T21:00:00Z","reportId":"0-20000-0-42591-202609292100","reportTime":"2026-09-29T21:00:00Z","units":"deg","value":0.0,"wigos_station_identifier":"0-20000-0-42591","id":"0-20000-0-42591-202609292100-14"},"type":"Feature"},{"geometry":{"coordinates":[84.06667,24.05],"type":"Point"},"id":"0-20000-0-42587-202609292100-11","properties":{"description":"CLOUD COVERING 1/2 OR LESS OF THE SKY THROUGHOUT THE APPROPRIATE PERIOD","name":"past_weather1","phenomenonTime":"2026-09-29T21:00:00Z","reportId":"0-20000-0-42587-202609292100","reportTime":"2026-09-29T21:00:00Z","units":"CODE TABLE","value":null,"wigos_station_identifier":"0-20000-0-42587","id":"0-20000-0-42587-202609292100-11"},"type":"Feature"},{"geometry":{"coordinates":[84.95,24.75],"type":"Point"},"id":"0-20000-0-42591-202609292100-15","properties":{"description":null,"name":"wind_speed","phenomenonTime":"2026-09-29T20:50:00Z/2026-09-29T21:00:00Z","reportId":"0-20000-0-42591-202609292100","reportTime":"2026-09-29T21:00:00Z","units":"m/s","value":0.0,"wigos_station_identifier":"0-20000-0-42591","id":"0-20000-0-42591-202609292100-15"},"type":"Feature"},{"geometry":{"coordinates":[84.06667,24.05],"type":"Point"},"id":"0-20000-0-42587-202609292100-12","properties":{"description":"CLOUD COVERING 1/2 OR LESS OF THE SKY THROUGHOUT THE APPROPRIATE PERIOD","name":"past_weather2","phenomenonTime":"2026-09-29T21:00:00Z","reportId":"0-20000-0-42587-202609292100","reportTime":"2026-09-29T21:00:00Z","units":"CODE TABLE","value":null,"wigos_station_identifier":"0-20000-0-42587","id":"0-20000-0-42587-202609292100-12"},"type":"Feature"},{"geometry":{"coordinates":[84.06667,24.05],"type":"Point"},"id":"0-20000-0-42587-202609292100-13","properties":{"description":null,"name":"wind_direction","phenomenonTime":"2026-09-29T20:50:00Z/2026-09-29T21:00:00Z","reportId":"0-20000-0-42587-202609292100","reportTime":"2026-09-29T21:00:00Z","units":"deg","value":0.0,"wigos_station_identifier":"0-20000-0-42587","id":"0-20000-0-42587-202609292100-13"},"type":"Feature"},{"geometry":{"coordinates":[84.06667,24.05],"type":"Point"},"id":"0-20000-0-42587-202609292100-14","properties":{"description":null,"name":"wind_speed","phenomenonTime":"2026-09-29T20:50:00Z/2026-09-29T21:00:00Z","reportId":"0-20000-0-42587-202609292100","reportTime":"2026-09-29T21:00:00Z","units":"m/s","value":0.0,"wigos_station_identifier":"0-20000-0-42587","id":"0-20000-0-42587-202609292100-14"},"type":"Feature"},{"geometry":{"coordinates":[85.1,25.6],"type":"Point"},"id":"0-20000-0-42492-202609292100-17","properties":{"description":null,"name":"wind_direction","phenomenonTime":"2026-09-29T20:50:00Z/2026-09-29T21:00:00Z","reportId":"0-20000-0-42492-202609292100","reportTime":"2026-09-29T21:00:00Z","units":"deg","value":0.0,"wigos_station_identifier":"0-20000-0-42492","id":"0-20000-0-42492-202609292100-17"},"type":"Feature"},{"geometry":{"coordinates":[85.1,25.6],"type":"Point"},"id":"0-20000-0-42492-202609292100-18","properties":{"description":null,"name":"wind_speed","phenomenonTime":"2026-09-29T20:50:00Z/2026-09-29T21:00:00Z","reportId":"0-20000-0-42492-202609292100","reportTime":"2026-09-29T21:00:00Z","units":"m/s","value":0.0,"wigos_station_identifier":"0-20000-0-42492","id":"0-20000-0-42492-202609292100-18"},"type":"Feature"},{"geometry":{"coordinates":[85.1,25.6],"type":"Point"},"id":"0-20000-0-42492-202609292100-0","properties":{"description":null,"name":"pressure_reduced_to_mean_sea_level","phenomenonTime":"2026-09-29T21:00:00Z","reportId":"0-20000-0-42492-202609292100","reportTime":"2026-09-29T21:00:00Z","units":"hPa","value":1007.7,"wigos_station_identifier":"0-20000-0-42492","id":"0-20000-0-42492-202609292100-0"},"type":"Feature"},{"geometry":{"coordinates":[85.1,25.6],"type":"Point"},"id":"0-20000-0-42492-202609292100-1","properties":{"description":null,"name":"24hour_pressure_change","phenomenonTime":"2026-09-29T21:00:00Z","reportId":"0-20000-0-42492-202609292100","reportTime":"2026-09-29T21:00:00Z","units":"hPa","value":-0.3,"wigos_station_identifier":"0-20000-0-42492","id":"0-20000-0-42492-202609292100-1"},"type":"Feature"},{"geometry":{"coordinates":[85.1,25.6],"type":"Point"},"id":"0-20000-0-42492-202609292100-2","properties":{"description":null,"name":"air_temperature","phenomenonTime":"2026-09-29T21:00:00Z","reportId":"0-20000-0-42492-202609292100","reportTime":"2026-09-29T21:00:00Z","units":"Celsius","value":26.6,"wigos_station_identifier":"0-20000-0-42492","id":"0-20000-0-42492-202609292100-2"},"type":"Feature"},{"geometry":{"coordinates":[85.1,25.6],"type":"Point"},"id":"0-20000-0-42492-202609292100-3","properties":{"description":null,"name":"dewpoint_temperature","phenomenonTime":"2026-09-29T21:00:00Z","reportId":"0-20000-0-42492-202609292100","reportTime":"2026-09-29T21:00:00Z","units":"Celsius","value":24.9,"wigos_station_identifier":"0-20000-0-42492","id":"0-20000-0-42492-202609292100-3"},"type":"Feature"},{"geometry":{"coordinates":[85.1,25.6],"type":"Point"},"id":"0-20000-0-42492-202609292100-4","properties":{"description":null,"name":"horizontal_visibility","phenomenonTime":"2026-09-29T21:00:00Z","reportId":"0-20000-0-42492-202609292100","reportTime":"2026-09-29T21:00:00Z","units":"m","value":2000.0,"wigos_station_identifier":"0-20000-0-42492","id":"0-20000-0-42492-202609292100-4"},"type":"Feature"},{"geometry":{"coordinates":[85.1,25.6],"type":"Point"},"id":"0-20000-0-42492-202609292100-5","properties":{"description":null,"name":"cloud_cover_total","phenomenonTime":"2026-09-29T21:00:00Z","reportId":"0-20000-0-42492-202609292100","reportTime":"2026-09-29T21:00:00Z","units":"%","value":25.0,"wigos_station_identifier":"0-20000-0-42492","id":"0-20000-0-42492-202609292100-5"},"type":"Feature"},{"geometry":{"coordinates":[85.1,25.6],"type":"Point"},"id":"0-20000-0-42492-202609292100-6","properties":{"description":"2 OKTAS","name":"cloud_amount","phenomenonTime":"2026-09-29T21:00:00Z","reportId":"0-20000-0-42492-202609292100","reportTime":"2026-09-29T21:00:00Z","units":"CODE TABLE","value":null,"wigos_station_identifier":"0-20000-0-42492","id":"0-20000-0-42492-202609292100-6"},"type":"Feature"},{"geometry":{"coordinates":[85.1,25.6],"type":"Point"},"id":"0-20000-0-42492-202609292100-7","properties":{"description":null,"name":"height_of_base_of_cloud","phenomenonTime":"2026-09-29T21:00:00Z","reportId":"0-20000-0-42492-202609292100","reportTime":"2026-09-29T21:00:00Z","units":"m","value":3000.0,"wigos_station_identifier":"0-20000-0-42492","id":"0-20000-0-42492-202609292100-7"},"type":"Feature"},{"geometry":{"coordinates":[85.1,25.6],"type":"Point"},"id":"0-20000-0-42492-202609292100-8","properties":{"description":"NO CL CLOUDS","name":"cloud_type","phenomenonTime":"2026-09-29T21:00:00Z","reportId":"0-20000-0-42492-202609292100","reportTime":"2026-09-29T21:00:00Z","units":"CODE TABLE","value":null,"wigos_station_identifier":"0-20000-0-42492","id":"0-20000-0-42492-202609292100-8"},"type":"Feature"},{"geometry":{"coordinates":[85.1,25.6],"type":"Point"},"id":"0-20000-0-42492-202609292100-9","properties":{"description":"ALTOCUMULUS TRANSLUCIDUS AT A SINGLE LEVEL","name":"cloud_type","phenomenonTime":"2026-09-29T21:00:00Z","reportId":"0-20000-0-42492-202609292100","reportTime":"2026-09-29T21:00:00Z","units":"CODE TABLE","value":null,"wigos_station_identifier":"0-20000-0-42492","id":"0-20000-0-42492-202609292100-9"},"type":"Feature"},{"geometry":{"coordinates":[85.1,25.6],"type":"Point"},"id":"0-20000-0-42492-202609292100-10","properties":{"description":"NO CH CLOUDS","name":"cloud_type","phenomenonTime":"2026-09-29T21:00:00Z","reportId":"0-20000-0-42492-202609292100","reportTime":"2026-09-29T21:00:00Z","units":"CODE TABLE","value":null,"wigos_station_identifier":"0-20000-0-42492","id":"0-20000-0-42492-202609292100-10"},"type":"Feature"},{"geometry":{"coordinates":[85.1,25.6],"type":"Point"},"id":"0-20000-0-42492-202609292100-11","properties":{"description":"2 OKTAS","name":"cloud_amount","phenomenonTime":"2026-09-29T21:00:00Z","reportId":"0-20000-0-42492-202609292100","reportTime":"2026-09-29T21:00:00Z","units":"CODE TABLE","value":null,"wigos_station_identifier":"0-20000-0-42492","id":"0-20000-0-42492-202609292100-11"},"type":"Feature"},{"geometry":{"coordinates":[85.1,25.6],"type":"Point"},"id":"0-20000-0-42492-202609292100-12","properties":{"description":"ALTOCUMULUS (AC)","name":"cloud_type","phenomenonTime":"2026-09-29T21:00:00Z","reportId":"0-20000-0-42492-202609292100","reportTime":"2026-09-29T21:00:00Z","units":"CODE TABLE","value":null,"wigos_station_identifier":"0-20000-0-42492","id":"0-20000-0-42492-202609292100-12"},"type":"Feature"},{"geometry":{"coordinates":[85.1,25.6],"type":"Point"},"id":"0-20000-0-42492-202609292100-13","properties":{"description":null,"name":"height_of_base_of_cloud","phenomenonTime":"2026-09-29T21:00:00Z","reportId":"0-20000-0-42492-202609292100","reportTime":"2026-09-29T21:00:00Z","units":"m","value":3000.0,"wigos_station_identifier":"0-20000-0-42492","id":"0-20000-0-42492-202609292100-13"},"type":"Feature"},{"geometry":{"coordinates":[85.1,25.6],"type":"Point"},"id":"0-20000-0-42492-202609292100-14","properties":{"description":"MIST","name":"present_weather","phenomenonTime":"2026-09-29T21:00:00Z","reportId":"0-20000-0-42492-202609292100","reportTime":"2026-09-29T21:00:00Z","units":"CODE TABLE","value":null,"wigos_station_identifier":"0-20000-0-42492","id":"0-20000-0-42492-202609292100-14"},"type":"Feature"},{"geometry":{"coordinates":[85.1,25.6],"type":"Point"},"id":"0-20000-0-42492-202609292100-15","properties":{"description":"CLOUD COVERING 1/2 OR LESS OF THE SKY THROUGHOUT THE APPROPRIATE PERIOD","name":"past_weather1","phenomenonTime":"2026-09-29T21:00:00Z","reportId":"0-20000-0-42492-202609292100","reportTime":"2026-09-29T21:00:00Z","units":"CODE TABLE","value":null,"wigos_station_identifier":"0-20000-0-42492","id":"0-20000-0-42492-202609292100-15"},"type":"Feature"},{"geometry":{"coordinates":[85.1,25.6],"type":"Point"},"id":"0-20000-0-42492-202609292100-16","properties":{"description":"CLOUD COVERING 1/2 OR LESS OF THE SKY THROUGHOUT THE APPROPRIATE PERIOD","name":"past_weather2","phenomenonTime":"2026-09-29T21:00:00Z","reportId":"0-20000-0-42492-202609292100","reportTime":"2026-09-29T21:00:00Z","units":"CODE TABLE","value":null,"wigos_station_identifier":"0-20000-0-42492","id":"0-20000-0-42492-202609292100-16"},"type":"Feature"},{"geometry":{"coordinates":[85.1,25.6],"type":"Point"},"id":"0-20000-0-42492-202609292100-19","properties":{"description":null,"name":"wind_speed","phenomenonTime":"2026-09-29T20:50:00Z/2026-09-29T21:00:00Z","reportId":"0-20000-0-42492-202609292100","reportTime":"2026-09-29T21:00:00Z","units":"m/s","value":0.0,"wigos_station_identifier":"0-20000-0-42492","id":"0-20000-0-42492-202609292100-19"},"type":"Feature"},{"geometry":{"coordinates":[84.95,24.75],"type":"Point"},"id":"0-20000-0-42591-202609292100-16","properties":{"description":null,"name":"wind_direction","phenomenonTime":"2026-09-29T20:50:00Z/2026-09-29T21:00:00Z","reportId":"0-20000-0-42591-202609292100","reportTime":"2026-09-29T21:00:00Z","units":"deg","value":0.0,"wigos_station_identifier":"0-20000-0-42591","id":"0-20000-0-42591-202609292100-16"},"type":"Feature"},{"geometry":{"coordinates":[84.95,24.75],"type":"Point"},"id":"0-20000-0-42591-202609292100-17","properties":{"description":null,"name":"wind_speed","phenomenonTime":"2026-09-29T20:50:00Z/2026-09-29T21:00:00Z","reportId":"0-20000-0-42591-202609292100","reportTime":"2026-09-29T21:00:00Z","units":"m/s","value":0.0,"wigos_station_identifier":"0-20000-0-42591","id":"0-20000-0-42591-202609292100-17"},"type":"Feature"},{"geometry":{"coordinates":[85.1,25.6],"type":"Point"},"id":"0-20000-0-42492-202609291800-16","properties":{"description":null,"name":"wind_direction","phenomenonTime":"2026-09-29T17:50:00Z/2026-09-29T18:00:00Z","reportId":"0-20000-0-42492-202609291800","reportTime":"2026-09-29T18:00:00Z","units":"deg","value":0.0,"wigos_station_identifier":"0-20000-0-42492","id":"0-20000-0-42492-202609291800-16"},"type":"Feature"},{"geometry":{"coordinates":[85.1,25.6],"type":"Point"},"id":"0-20000-0-42492-202609291800-17","properties":{"description":null,"name":"wind_speed","phenomenonTime":"2026-09-29T17:50:00Z/2026-09-29T18:00:00Z","reportId":"0-20000-0-42492-202609291800","reportTime":"2026-09-29T18:00:00Z","units":"m/s","value":0.0,"wigos_station_identifier":"0-20000-0-42492","id":"0-20000-0-42492-202609291800-17"},"type":"Feature"},{"geometry":{"coordinates":[85.1,25.6],"type":"Point"},"id":"0-20000-0-42492-202609291800-0","properties":{"description":null,"name":"pressure_reduced_to_mean_sea_level","phenomenonTime":"2026-09-29T18:00:00Z","reportId":"0-20000-0-42492-202609291800","reportTime":"2026-09-29T18:00:00Z","units":"hPa","value":1009.5,"wigos_station_identifier":"0-20000-0-42492","id":"0-20000-0-42492-202609291800-0"},"type":"Feature"},{"geometry":{"coordinates":[85.1,25.6],"type":"Point"},"id":"0-20000-0-42492-202609291800-1","properties":{"description":null,"name":"24hour_pressure_change","phenomenonTime":"2026-09-29T18:00:00Z","reportId":"0-20000-0-42492-202609291800","reportTime":"2026-09-29T18:00:00Z","units":"hPa","value":-0.4,"wigos_station_identifier":"0-20000-0-42492","id":"0-20000-0-42492-202609291800-1"},"type":"Feature"},{"geometry":{"coordinates":[85.1,25.6],"type":"Point"},"id":"0-20000-0-42492-202609291800-2","properties":{"description":null,"name":"air_temperature","phenomenonTime":"2026-09-29T18:00:00Z","reportId":"0-20000-0-42492-202609291800","reportTime":"2026-09-29T18:00:00Z","units":"Celsius","value":27.8,"wigos_station_identifier":"0-20000-0-42492","id":"0-20000-0-42492-202609291800-2"},"type":"Feature"},{"geometry":{"coordinates":[85.1,25.6],"type":"Point"},"id":"0-20000-0-42492-202609291800-3","properties":{"description":null,"name":"dewpoint_temperature","phenomenonTime":"2026-09-29T18:00:00Z","reportId":"0-20000-0-42492-202609291800","reportTime":"2026-09-29T18:00:00Z","units":"Celsius","value":25.2,"wigos_station_identifier":"0-20000-0-42492","id":"0-20000-0-42492-202609291800-3"},"type":"Feature"},{"geometry":{"coordinates":[85.1,25.6],"type":"Point"},"id":"0-20000-0-42492-202609291800-4","properties":{"description":null,"name":"horizontal_visibility","phenomenonTime":"2026-09-29T18:00:00Z","reportId":"0-20000-0-42492-202609291800","reportTime":"2026-09-29T18:00:00Z","units":"m","value":2000.0,"wigos_station_identifier":"0-20000-0-42492","id":"0-20000-0-42492-202609291800-4"},"type":"Feature"},{"geometry":{"coordinates":[85.1,25.6],"type":"Point"},"id":"0-20000-0-42492-202609291800-5","properties":{"description":null,"name":"cloud_cover_total","phenomenonTime":"2026-09-29T18:00:00Z","reportId":"0-20000-0-42492-202609291800","reportTime":"2026-09-29T18:00:00Z","units":"%","value":25.0,"wigos_station_identifier":"0-20000-0-42492","id":"0-20000-0-42492-202609291800-5"},"type":"Feature"},{"geometry":{"coordinates":[85.1,25.6],"type":"Point"},"id":"0-20000-0-42492-202609291800-7","properties":{"description":null,"name":"height_of_base_of_cloud","phenomenonTime":"2026-09-29T18:00:00Z","reportId":"0-20000-0-42492-202609291800","reportTime":"2026-09-29T18:00:00Z","units":"m","value":3000.0,"wigos_station_identifier":"0-20000-0-42492","id":"0-20000-0-42492-202609291800-7"},"type":"Feature"},{"geometry":{"coordinates":[85.1,25.6],"type":"Point"},"id":"0-20000-0-42492-202609291800-9","properties":{"description":"ALTOCUMULUS TRANSLUCIDUS AT A SINGLE LEVEL","name":"cloud_type","phenomenonTime":"2026-09-29T18:00:00Z","reportId":"0-20000-0-42492-202609291800","reportTime":"2026-09-29T18:00:00Z","units":"CODE TABLE","value":null,"wigos_station_identifier":"0-20000-0-42492","id":"0-20000-0-42492-202609291800-9"},"type":"Feature"},{"geometry":{"coordinates":[85.1,25.6],"type":"Point"},"id":"0-20000-0-42492-202609291800-10","properties":{"description":"NO CH CLOUDS","name":"cloud_type","phenomenonTime":"2026-09-29T18:00:00Z","reportId":"0-20000-0-42492-202609291800","reportTime":"2026-09-29T18:00:00Z","units":"CODE TABLE","value":null,"wigos_station_identifier":"0-20000-0-42492","id":"0-20000-0-42492-202609291800-10"},"type":"Feature"},{"geometry":{"coordinates":[85.1,25.6],"type":"Point"},"id":"0-20000-0-42492-202609291800-11","properties":{"description":"MIST","name":"present_weather","phenomenonTime":"2026-09-29T18:00:00Z","reportId":"0-20000-0-42492-202609291800","reportTime":"2026-09-29T18:00:00Z","units":"CODE TABLE","value":null,"wigos_station_identifier":"0-20000-0-42492","id":"0-20000-0-42492-202609291800-11"},"type":"Feature"},{"geometry":{"coordinates":[85.1,25.6],"type":"Point"},"id":"0-20000-0-42492-202609291800-12","properties":{"description":"CLOUD COVERING 1/2 OR LESS OF THE SKY THROUGHOUT THE APPROPRIATE PERIOD","name":"past_weather1","phenomenonTime":"2026-09-29T18:00:00Z","reportId":"0-20000-0-42492-202609291800","reportTime":"2026-09-29T18:00:00Z","units":"CODE TABLE","value":null,"wigos_station_identifier":"0-20000-0-42492","id":"0-20000-0-42492-202609291800-12"},"type":"Feature"},{"geometry":{"coordinates":[85.1,25.6],"type":"Point"},"id":"0-20000-0-42492-202609291800-13","properties":{"description":"CLOUD COVERING 1/2 OR LESS OF THE SKY THROUGHOUT THE APPROPRIATE PERIOD","name":"past_weather2","phenomenonTime":"2026-09-29T18:00:00Z","reportId":"0-20000-0-42492-202609291800","reportTime":"2026-09-29T18:00:00Z","units":"CODE TABLE","value":null,"wigos_station_identifier":"0-20000-0-42492","id":"0-20000-0-42492-202609291800-13"},"type":"Feature"},{"geometry":{"coordinates":[85.1,25.6],"type":"Point"},"id":"0-20000-0-42492-202609291800-14","properties":{"description":null,"name":"wind_direction","phenomenonTime":"2026-09-29T17:50:00Z/2026-09-29T18:00:00Z","reportId":"0-20000-0-42492-202609291800","reportTime":"2026-09-29T18:00:00Z","units":"deg","value":0.0,"wigos_station_identifier":"0-20000-0-42492","id":"0-20000-0-42492-202609291800-14"},"type":"Feature"},{"geometry":{"coordinates":[85.1,25.6],"type":"Point"},"id":"0-20000-0-42492-202609291800-15","properties":{"description":null,"name":"wind_speed","phenomenonTime":"2026-09-29T17:50:00Z/2026-09-29T18:00:00Z","reportId":"0-20000-0-42492-202609291800","reportTime":"2026-09-29T18:00:00Z","units":"m/s","value":0.0,"wigos_station_identifier":"0-20000-0-42492","id":"0-20000-0-42492-202609291800-15"},"type":"Feature"},{"geometry":{"coordinates":[85.1,25.6],"type":"Point"},"id":"0-20000-0-42492-202609291800-6","properties":{"description":"2 OKTAS","name":"cloud_amount","phenomenonTime":"2026-09-29T18:00:00Z","reportId":"0-20000-0-42492-202609291800","reportTime":"2026-09-29T18:00:00Z","units":"CODE TABLE","value":null,"wigos_station_identifier":"0-20000-0-42492","id":"0-20000-0-42492-202609291800-6"},"type":"Feature"},{"geometry":{"coordinates":[85.1,25.6],"type":"Point"},"id":"0-20000-0-42492-202609291800-8","properties":{"description":"NO CL CLOUDS","name":"cloud_type","phenomenonTime":"2026-09-29T18:00:00Z","reportId":"0-20000-0-42492-202609291800","reportTime":"2026-09-29T18:00:00Z","units":"CODE TABLE","value":null,"wigos_station_identifier":"0-20000-0-42492","id":"0-20000-0-42492-202609291800-8"},"type":"Feature"}],"numberMatched":607,"numberReturned":607,"links":[{"type":"application/geo+json","rel":"self","title":"This document as GeoJSON","href":"https://wis2box.imd.gov.in/oapi/collections/urn:wmo:md:in-imd:surface-based-observations.synop/items?f=json&limit=1000&bbox=84,24,86,27&datetime=2026-09-29T00%3A00%3A00Z%2F2026-09-29T23%3A59%3A59Z"},{"rel":"alternate","type":"application/ld+json","title":"This document as RDF (JSON-LD)","href":"https://wis2box.imd.gov.in/oapi/collections/urn:wmo:md:in-imd:surface-based-observations.synop/items?f=jsonld&limit=1000&bbox=84,24,86,27&datetime=2026-09-29T00%3A00%3A00Z%2F2026-09-29T23%3A59%3A59Z"},{"type":"text/html","rel":"alternate","title":"This document as HTML","href":"https://wis2box.imd.gov.in/oapi/collections/urn:wmo:md:in-imd:surface-based-observations.synop/items?f=html&limit=1000&bbox=84,24,86,27&datetime=2026-09-29T00%3A00%3A00Z%2F2026-09-29T23%3A59%3A59Z"},{"type":"application/json","title":"Observations in json format for urn:wmo:md:in-imd:surface-based-observations.synop","rel":"collection","href":"https://wis2box.imd.gov.in/oapi/collections/urn:wmo:md:in-imd:surface-based-observations.synop"}],"timeStamp":"2026-09-30T02:38:47.022823Z"}