"2025-05-12 06:00:00","2025-05-12 09:00:00","TMP","2 m above ground",82,23,310.957
"2025-05-12 06:00:00","2025-05-12 09:00:00","TMP","2 m above ground",82.25,23,311.257
"2025-05-12 06:00:00","2025-05-12 09:00:00","TMP","2 m above ground",82.5,23,313.157
"2025-05-12 06:00:00","2025-05-12 09:00:00","TMP","2 m above ground",82.75,23,312.657
"2025-05-12 06:00:00","2025-05-12 09:00:00","TMP","2 m above ground",83,23,311.957
"2025-05-12 06:00:00","2025-05-12 09:00:00","TMP","2 m above ground",83.25,23,310.157
"2025-05-12 06:00:00","2025-05-12 09:00:00","TMP","2 m above ground",83.5,23,308.557
"2025-05-12 06:00:00","2025-05-12 09:00:00","TMP","2 m above ground",83.75,23,307.757
"2025-05-12 06:00:00","2025-05-12 09:00:00","TMP","2 m above ground",84,23,308.057
"2025-05-12 06:00:00","2025-05-12 09:00:00","TMP","2 m above ground",84.25,23,309.057
"2025-05-12 06:00:00","2025-05-12 09:00:00","TMP","2 m above ground",84.5,23,309.857
"2025-05-12 06:00:00","2025-05-12 09:00:00","TMP","2 m above ground",84.75,23,307.257
"2025-05-12 06:00:00","2025-05-12 09:00:00","TMP","2 m above ground",85,23,307.857
"2025-05-12 06:00:00","2025-05-12 09:00:00","TMP","2 m above ground",85.25,23,310.357
"2025-05-12 06:00:00","2025-05-12 09:00:00","TMP","2 m above ground",85.5,23,313.257
"2025-05-12 06:00:00","2025-05-12 09:00:00","TMP","2 m above ground",85.75,23,312.957
"2025-05-12 06:00:00","2025-05-12 09:00:00","TMP","2 m above ground",86,23,311.857
"2025-05-12 06:00:00","2025-05-12 09:00:00","TMP","2 m above ground",86.25,23,312.757
"2025-05-12 06:00:00","2025-05-12 09:00:00","TMP","2 m above ground",86.5,23,314.757
"2025-05-12 06:00:00","2025-05-12 09:00:00","TMP","2 m above ground",86.75,23,314.957
"2025-05-12 06:00:00","2025-05-12 09:00:00","TMP","2 m above ground",87,23,315.057
"2025-05-12 06:00:00","2025-05-12 09:00:00","TMP","2 m above ground",87.25,23,315.457
"2025-05-12 06:00:00","2025-05-12 09:00:00","TMP","2 m above ground",87.5,23,315.257
"2025-05-12 06:00:00","2025-05-12 09:00:00","TMP","2 m above ground",87.75,23,315.357
"2025-05-12 06:00:00","2025-05-12 09:00:00","TMP","2 m above ground",88,23,315.157
"2025-05-12 06:00:00","2025-05-12 09:00:00","TMP","2 m above ground",88.25,23,315.257
"2025-05-12 06:00:00","2025-05-12 09:00:00","TMP","2 m above ground",88.5,23,313.657
"2025-05-12 06:00:00","2025-05-12 09:00:00","TMP","2 m above ground",88.75,23,312.557
"2025-05-12 06:00:00","2025-05-12 09:00:00","TMP","2 m above ground",89,23,312.657
"2025-05-12 06:00:00","2025-05-12 09:00:00","TMP","2 m above ground",82,23.25,311.857
"2025-05-12 06:00:00","2025-05-12 09:00:00","TMP","2 m above ground",82.25,23.25,311.957
"2025-05-12 06:00:00","2025-05-12 09:00:00","TMP","2 m above ground",82.5,23.25,311.857
"2025-05-12 06:00:00","2025-05-12 09:00:00","TMP","2 m above ground",82.75,23.25,311.357
"2025-05-12 06:00:00","2025-05-12 09:00:00","TMP","2 m above ground",83,23.25,311.857
"2025-05-12 06:00:00","2025-05-12 09:00:00","TMP","2 m above ground",83.25,23.25,311.257
"2025-05-12 06:00:00","2025-05-12 09:00:00","TMP","2 m above ground",83.5,23.25,308.757
"2025-05-12 06:00:00","2025-05-12 09:00:00","TMP","2 m above ground",83.75,23.25,306.757
"2025-05-12 06:00:00","2025-05-12 09:00:00","TMP","2 m above ground",84,23.25,308.157
"2025-05-12 06:00:00","2025-05-12 09:00:00","TMP","2 m above ground",84.25,23.25,306.757
"2025-05-12 06:00:00","2025-05-12 09:00:00","TMP","2 m above ground",84.5,23.25,307.657
"2025-05-12 06:00:00","2025-05-12 09:00:00","TMP","2 m above ground",84.75,23.25,310.157
"2025-05-12 06:00:00","2025-05-12 09:00:00","TMP","2 m above ground",85,23.25,309.057
"2025-05-12 06:00:00","2025-05-12 09:00:00","TMP","2 m above ground",85.25,23.25,310.057
"2025-05-12 06:00:00","2025-05-12 09:00:00","TMP","2 m above ground",85.5,23.25,310.857
"2025-05-12 06:00:00","2025-05-12 09:00:00","TMP","2 m above ground",85.75,23.25,313.657
"2025-05-12 06:00:00","2025-05-12 09:00:00","TMP","2 m above ground",86,23.25,312.557
"2025-05-12 06:00:00","2025-05-12 09:00:00","TMP","2 m above ground",86.25,23.25,311.957
"2025-05-12 06:00:00","2025-05-12 09:00:00","TMP","2 m above ground",86.5,23.25,313.457
"2025-05-12 06:00:00","2025-05-12 09:00:00","TMP","2 m above ground",86.75,23.25,314.557
"2025-05-12 06:00:00","2025-05-12 09:00:00","TMP","2 m above ground",87,23.25,314.857
"2025-05-12 06:00:00","2025-05-12 09:00:00","TMP","2 m above ground",87.25,23.25,315.057
"2025-05-12 06:00:00","2025-05-12 09:00:00","TMP","2 m above ground",87.5,23.25,315.157
"2025-05-12 06:00:00","2025-05-12 09:00:00","TMP","2 m above ground",87.75,23.25,313.957
"2025-05-12 06:00:00","2025-05-12 09:00:00","TMP","2 m above ground",88,23.25,314.457
"2025-05-12 06:00:00","2025-05-12 09:00:00","TMP","2 m above ground",88.25,23.25,314.357
"2025-05-12 06:00:00","2025-05-12 09:00:00","TMP","2 m above ground",88.5,23.25,313.057
"2025-05-12 06:00:00","2025-05-12 09:00:00","TMP","2 m above ground",88.75,23.25,312.557
"2025-05-12 06:00:00","2025-05-12 09:00:00","TMP","2 m above ground",89,23.25,312.457
"2025-05-12 06:00:00","2025-05-12 09:00:00","TMP","2 m above ground",82,23.5,310.857
"2025-05-12 06:00:00","2025-05-12 09:00:00","TMP","2 m above ground",82.25,23.5,309.657
"2025-05-12 06:00:00","2025-05-12 09:00:00","TMP","2 m above ground",82.5,23.5,310.057
"2025-05-12 06:00:00","2025-05-12 09:00:00","TMP","2 m above ground",82.75,23.5,309.557
"2025-05-12 06:00:00","2025-05-12 09:00:00","TMP","2 m above ground",83,23.5,310.657
"2025-05-12 06:00:00","2025-05-12 09:00:00","TMP","2 m above ground",83.25,23.5,311.357
"2025-05-12 06:00:00","2025-05-12 09:00:00","TMP","2 m above ground",83.5,23.5,309.857
"2025-05-12 06:00:00","2025-05-12 09:00:00","TMP","2 m above ground",83.75,23.5,308.457
"2025-05-12 06:00:00","2025-05-12 09:00:00","TMP","2 m above ground",84,23.5,308.857
"2025-05-12 06:00:00","2025-05-12 09:00:00","TMP","2 m above ground",84.25,23.5,309.657
"2025-05-12 06:00:00","2025-05-12 09:00:00","TMP","2 m above ground",84.5,23.5,307.457
"2025-05-12 06:00:00","2025-05-12 09:00:00","TMP","2 m above ground",84.75,23.5,308.057
"2025-05-12 06:00:00","2025-05-12 09:00:00","TMP","2 m above ground",85,23.5,308.757
"2025-05-12 06:00:00","2025-05-12 09:00:00","TMP","2 m above ground",85.25,23.5,309.957
"2025-05-12 06:00:00","2025-05-12 09:00:00","TMP","2 m above ground",85.5,23.5,310.557
"2025-05-12 06:00:00","2025-05-12 09:00:00","TMP","2 m above ground",85.75,23.5,312.757
"2025-05-12 06:00:00","2025-05-12 09:00:00","TMP","2 m above ground",86,23.5,311.857
"2025-05-12 06:00:00","2025-05-12 09:00:00","TMP","2 m above ground",86.25,23.5,312.157
"2025-05-12 06:00:00","2025-05-12 09:00:00","TMP","2 m above ground",86.5,23.5,312.957
"2025-05-12 06:00:00","2025-05-12 09:00:00","TMP","2 m above ground",86.75,23.5,313.757
"2025-05-12 06:00:00","2025-05-12 09:00:00","TMP","2 m above ground",87,23.5,313.857
"2025-05-12 06:00:00","2025-05-12 09:00:00","TMP","2 m above ground",87.25,23.5,314.657
"2025-05-12 06:00:00","2025-05-12 09:00:00","TMP","2 m above ground",87.5,23.5,314.557
"2025-05-12 06:00:00","2025-05-12 09:00:00","TMP","2 m above ground",87.75,23.5,313.057
"2025-05-12 06:00:00","2025-05-12 09:00:00","TMP","2 m above ground",88,23.5,314.457
"2025-05-12 06:00:00","2025-05-12 09:00:00","TMP","2 m above ground",88.25,23.5,313.957
"2025-05-12 06:00:00","2025-05-12 09:00:00","TMP","2 m above ground",88.5,23.5,312.857
"2025-05-12 06:00:00","2025-05-12 09:00:00","TMP","2 m above ground",88.75,23.5,312.957
"2025-05-12 06:00:00","2025-05-12 09:00:00","TMP","2 m above ground",89,23.5,312.857
"2025-05-12 06:00:00","2025-05-12 09:00:00","TMP","2 m above ground",82,23.75,312.057
"2025-05-12 06:00:00","2025-05-12 09:00:00","TMP","2 m above ground",82.25,23.75,311.957
"2025-05-12 06:00:00","2025-05-12 09:00:00","TMP","2 m above ground",82.5,23.75,311.057
"2025-05-12 06:00:00","2025-05-12 09:00:00","TMP","2 m above ground",82.75,23.75,311.757
"2025-05-12 06:00:00","2025-05-12 09:00:00","TMP","2 m above ground",83,23.75,312.557
"2025-05-12 06:00:00","2025-05-12 09:00:00","TMP","2 m above ground",83.25,23.75,312.357
"2025-05-12 06:00:00","2025-05-12 09:00:00","TMP","2 m above ground",83.5,23.75,312.057
"2025-05-12 06:00:00","2025-05-12 09:00:00","TMP","2 m above ground",83.75,23.75,312.157
"2025-05-12 06:00:00","2025-05-12 09:00:00","TMP","2 m above ground",84,23.75,311.557
"2025-05-12 06:00:00","2025-05-12 09:00:00","TMP","2 m above ground",84.25,23.75,311.857
"2025-05-12 06:00:00","2025-05-12 09:00:00","TMP","2 m above ground",84.5,23.75,311.757
"2025-05-12 06:00:00","2025-05-12 09:00:00","TMP","2 m above ground",84.75,23.75,310.857
"2025-05-12 06:00:00","2025-05-12 09:00:00","TMP","2 m above ground",85,23.75,311.557
"2025-05-12 06:00:00","2025-05-12 09:00:00","TMP","2 m above ground",85.25,23.75,311.957
"2025-05-12 06:00:00","2025-05-12 09:00:00","TMP","2 m above ground",85.5,23.75,311.357
"2025-05-12 06:00:00","2025-05-12 09:00:00","TMP","2 m above ground",85.75,23.75,310.957
"2025-05-12 06:00:00","2025-05-12 09:00:00","TMP","2 m above ground",86,23.75,311.857
"2025-05-12 06:00:00","2025-05-12 09:00:00","TMP","2 m above ground",86.25,23.75,312.157
"2025-05-12 06:00:00","2025-05-12 09:00:00","TMP","2 m above ground",86.5,23.75,313.557
"2025-05-12 06:00:00","2025-05-12 09:00:00","TMP","2 m above ground",86.75,23.75,314.157
"2025-05-12 06:00:00","2025-05-12 09:00:00","TMP","2 m above ground",87,23.75,313.957
"2025-05-12 06:00:00","2025-05-12 09:00:00","TMP","2 m above ground",87.25,23.75,313.857
"2025-05-12 06:00:00","2025-05-12 09:00:00","TMP","2 m above ground",87.5,23.75,314.657
"2025-05-12 06:00:00","2025-05-12 09:00:00","TMP","2 m above ground",87.75,23.75,314.257
"2025-05-12 06:00:00","2025-05-12 09:00:00","TMP","2 m above ground",88,23.75,313.857
"2025-05-12 06:00:00","2025-05-12 09:00:00","TMP","2 m above ground",88.25,23.75,313.557
"2025-05-12 06:00:00","2025-05-12 09:00:00","TMP","2 m above ground",88.5,23.75,313.457
"2025-05-12 06:00:00","2025-05-12 09:00:00","TMP","2 m above ground",88.75,23.75,313.257
"2025-05-12 06:00:00","2025-05-12 09:00:00","TMP","2 m above ground",89,23.75,313.357
"2025-05-12 06:00:00","2025-05-12 09:00:00","TMP","2 m above ground",82,24,313.157
"2025-05-12 06:00:00","2025-05-12 09:00:00","TMP","2 m above ground",82.25,24,313.357
"2025-05-12 06:00:00","2025-05-12 09:00:00","TMP","2 m above ground",82.5,24,312.557
"2025-05-12 06:00:00","2025-05-12 09:00:00","TMP","2 m above ground",82.75,24,311.257
"2025-05-12 06:00:00","2025-05-12 09:00:00","TMP","2 m above ground",83,24,311.057
"2025-05-12 06:00:00","2025-05-12 09:00:00","TMP","2 m above ground",83.25,24,313.357
"2025-05-12 06:00:00","2025-05-12 09:00:00","TMP","2 m above ground",83.5,24,313.157
"2025-05-12 06:00:00","2025-05-12 09:00:00","TMP","2 m above ground",83.75,24,313.357
"2025-05-12 06:00:00","2025-05-12 09:00:00","TMP","2 m above ground",84,24,313.857
"2025-05-12 06:00:00","2025-05-12 09:00:00","TMP","2 m above ground",84.25,24,313.857
"2025-05-12 06:00:00","2025-05-12 09:00:00","TMP","2 m above ground",84.5,24,313.257
"2025-05-12 06:00:00","2025-05-12 09:00:00","TMP","2 m above ground",84.75,24,312.457
"2025-05-12 06:00:00","2025-05-12 09:00:00","TMP","2 m above ground",85,24,311.057
"2025-05-12 06:00:00","2025-05-12 09:00:00","TMP","2 m above ground",85.25,24,309.957
"2025-05-12 06:00:00","2025-05-12 09:00:00","TMP","2 m above ground",85.5,24,310.357
"2025-05-12 06:00:00","2025-05-12 09:00:00","TMP","2 m above ground",85.75,24,310.857
"2025-05-12 06:00:00","2025-05-12 09:00:00","TMP","2 m above ground",86,24,311.857
"2025-05-12 06:00:00","2025-05-12 09:00:00","TMP","2 m above ground",86.25,24,312.257
"2025-05-12 06:00:00","2025-05-12 09:00:00","TMP","2 m above ground",86.5,24,313.557
"2025-05-12 06:00:00","2025-05-12 09:00:00","TMP","2 m above ground",86.75,24,313.457
"2025-05-12 06:00:00","2025-05-12 09:00:00","TMP","2 m above ground",87,24,313.757
"2025-05-12 06:00:00","2025-05-12 09:00:00","TMP","2 m above ground",87.25,24,313.857
"2025-05-12 06:00:00","2025-05-12 09:00:00","TMP","2 m above ground",87.5,24,312.457
"2025-05-12 06:00:00","2025-05-12 09:00:00","TMP","2 m above ground",87.75,24,312.457
"2025-05-12 06:00:00","2025-05-12 09:00:00","TMP","2 m above ground",88,24,312.557
"2025-05-12 06:00:00","2025-05-12 09:00:00","TMP","2 m above ground",88.25,24,312.157
"2025-05-12 06:00:00","2025-05-12 09:00:00","TMP","2 m above ground",88.5,24,313.157
"2025-05-12 06:00:00","2025-05-12 09:00:00","TMP","2 m above ground",88.75,24,313.257
"2025-05-12 06:00:00","2025-05-12 09:00:00","TMP","2 m above ground",89,24,312.657
"2025-05-12 06:00:00","2025-05-12 09:00:00","TMP","2 m above ground",82,24.25,314.057
"2025-05-12 06:00:00","2025-05-12 09:00:00","TMP","2 m above ground",82.25,24.25,313.957
"2025-05-12 06:00:00","2025-05-12 09:00:00","TMP","2 m above ground",82.5,24.25,313.457
"2025-05-12 06:00:00","2025-05-12 09:00:00","TMP","2 m above ground",82.75,24.25,312.057
"2025-05-12 06:00:00","2025-05-12 09:00:00","TMP","2 m above ground",83,24.25,312.757
"2025-05-12 06:00:00","2025-05-12 09:00:00","TMP","2 m above ground",83.25,24.25,314.457
"2025-05-12 06:00:00","2025-05-12 09:00:00","TMP","2 m above ground",83.5,24.25,314.057
"2025-05-12 06:00:00","2025-05-12 09:00:00","TMP","2 m above ground",83.75,24.25,314.157
"2025-05-12 06:00:00","2025-05-12 09:00:00","TMP","2 m above ground",84,24.25,314.357
"2025-05-12 06:00:00","2025-05-12 09:00:00","TMP","2 m above ground",84.25,24.25,313.257
"2025-05-12 06:00:00","2025-05-12 09:00:00","TMP","2 m above ground",84.5,24.25,313.357
"2025-05-12 06:00:00","2025-05-12 09:00:00","TMP","2 m above ground",84.75,24.25,313.357
"2025-05-12 06:00:00","2025-05-12 09:00:00","TMP","2 m above ground",85,24.25,312.257
"2025-05-12 06:00:00","2025-05-12 09:00:00","TMP","2 m above ground",85.25,24.25,312.157
"2025-05-12 06:00:00","2025-05-12 09:00:00","TMP","2 m above ground",85.5,24.25,311.557
"2025-05-12 06:00:00","2025-05-12 09:00:00","TMP","2 m above ground",85.75,24.25,311.857
"2025-05-12 06:00:00","2025-05-12 09:00:00","TMP","2 m above ground",86,24.25,312.157
"2025-05-12 06:00:00","2025-05-12 09:00:00","TMP","2 m above ground",86.25,24.25,312.557
"2025-05-12 06:00:00","2025-05-12 09:00:00","TMP","2 m above ground",86.5,24.25,312.757
"2025-05-12 06:00:00","2025-05-12 09:00:00","TMP","2 m above ground",86.75,24.25,312.357
"2025-05-12 06:00:00","2025-05-12 09:00:00","TMP","2 m above ground",87,24.25,312.757
"2025-05-12 06:00:00","2025-05-12 09:00:00","TMP","2 m above ground",87.25,24.25,313.557
"2025-05-12 06:00:00","2025-05-12 09:00:00","TMP","2 m above ground",87.5,24.25,313.257
"2025-05-12 06:00:00","2025-05-12 09:00:00","TMP","2 m above ground",87.75,24.25,313.857
"2025-05-12 06:00:00","2025-05-12 09:00:00","TMP","2 m above ground",88,24.25,313.457
"2025-05-12 06:00:00","2025-05-12 09:00:00","TMP","2 m above ground",88.25,24.25,313.057
"2025-05-12 06:00:00","2025-05-12 09:00:00","TMP","2 m above ground",88.5,24.25,313.357
"2025-05-12 06:00:00","2025-05-12 09:00:00","TMP","2 m above ground",88.75,24.25,313.057
"2025-05-12 06:00:00","2025-05-12 09:00:00","TMP","2 m above ground",89,24.25,312.457
"2025-05-12 06:00:00","2025-05-12 09:00:00","TMP","2 m above ground",82,24.5,313.857
"2025-05-12 06:00:00","2025-05-12 09:00:00","TMP","2 m above ground",82.25,24.5,314.157
"2025-05-12 06:00:00","2025-05-12 09:00:00","TMP","2 m above ground",82.5,24.5,313.657
"2025-05-12 06:00:00","2025-05-12 09:00:00","TMP","2 m above ground",82.75,24.5,313.957
"2025-05-12 06:00:00","2025-05-12 09:00:00","TMP","2 m above ground",83,24.5,314.257
"2025-05-12 06:00:00","2025-05-12 09:00:00","TMP","2 m above ground",83.25,24.5,314.057
"2025-05-12 06:00:00","2025-05-12 09:00:00","TMP","2 m above ground",83.5,24.5,313.957
"2025-05-12 06:00:00","2025-05-12 09:00:00","TMP","2 m above ground",83.75,24.5,314.257
"2025-05-12 06:00:00","2025-05-12 09:00:00","TMP","2 m above ground",84,24.5,314.257
"2025-05-12 06:00:00","2025-05-12 09:00:00","TMP","2 m above ground",84.25,24.5,312.757
"2025-05-12 06:00:00","2025-05-12 09:00:00","TMP","2 m above ground",84.5,24.5,312.257
"2025-05-12 06:00:00","2025-05-12 09:00:00","TMP","2 m above ground",84.75,24.5,313.957
"2025-05-12 06:00:00","2025-05-12 09:00:00","TMP","2 m above ground",85,24.5,314.257
"2025-05-12 06:00:00","2025-05-12 09:00:00","TMP","2 m above ground",85.25,24.5,313.457
"2025-05-12 06:00:00","2025-05-12 09:00:00","TMP","2 m above ground",85.5,24.5,312.457
"2025-05-12 06:00:00","2025-05-12 09:00:00","TMP","2 m above ground",85.75,24.5,312.257
"2025-05-12 06:00:00","2025-05-12 09:00:00","TMP","2 m above ground",86,24.5,311.657
"2025-05-12 06:00:00","2025-05-12 09:00:00","TMP","2 m above ground",86.25,24.5,310.857
"2025-05-12 06:00:00","2025-05-12 09:00:00","TMP","2 m above ground",86.5,24.5,310.857
"2025-05-12 06:00:00","2025-05-12 09:00:00","TMP","2 m above ground",86.75,24.5,311.257
"2025-05-12 06:00:00","2025-05-12 09:00:00","TMP","2 m above ground",87,24.5,312.857
"2025-05-12 06:00:00","2025-05-12 09:00:00","TMP","2 m above ground",87.25,24.5,312.657
"2025-05-12 06:00:00","2025-05-12 09:00:00","TMP","2 m above ground",87.5,24.5,312.857
"2025-05-12 06:00:00","2025-05-12 09:00:00","TMP","2 m above ground",87.75,24.5,313.757
"2025-05-12 06:00:00","2025-05-12 09:00:00","TMP","2 m above ground",88,24.5,313.957
"2025-05-12 06:00:00","2025-05-12 09:00:00","TMP","2 m above ground",88.25,24.5,313.757
"2025-05-12 06:00:00","2025-05-12 09:00:00","TMP","2 m above ground",88.5,24.5,313.057
"2025-05-12 06:00:00","2025-05-12 09:00:00","TMP","2 m above ground",88.75,24.5,312.857
"2025-05-12 06:00:00","2025-05-12 09:00:00","TMP","2 m above ground",89,24.5,312.757
"2025-05-12 06:00:00","2025-05-12 09:00:00","TMP","2 m above ground",82,24.75,313.557
"2025-05-12 06:00:00","2025-05-12 09:00:00","TMP","2 m above ground",82.25,24.75,313.857
"2025-05-12 06:00:00","2025-05-12 09:00:00","TMP","2 m above ground",82.5,24.75,313.957
"2025-05-12 06:00:00","2025-05-12 09:00:00","TMP","2 m above ground",82.75,24.75,313.757
"2025-05-12 06:00:00","2025-05-12 09:00:00","TMP","2 m above ground",83,24.75,313.757
"2025-05-12 06:00:00","2025-05-12 09:00:00","TMP","2 m above ground",83.25,24.75,313.557
"2025-05-12 06:00:00","2025-05-12 09:00:00","TMP","2 m above ground",83.5,24.75,313.157
"2025-05-12 06:00:00","2025-05-12 09:00:00","TMP","2 m above ground",83.75,24.75,313.357
"2025-05-12 06:00:00","2025-05-12 09:00:00","TMP","2 m above ground",84,24.75,314.357
"2025-05-12 06:00:00","2025-05-12 09:00:00","TMP","2 m above ground",84.25,24.75,314.257
"2025-05-12 06:00:00","2025-05-12 09:00:00","TMP","2 m above ground",84.5,24.75,313.757
"2025-05-12 06:00:00","2025-05-12 09:00:00","TMP","2 m above ground",84.75,24.75,314.257
"2025-05-12 06:00:00","2025-05-12 09:00:00","TMP","2 m above ground",85,24.75,314.357
"2025-05-12 06:00:00","2025-05-12 09:00:00","TMP","2 m above ground",85.25,24.75,314.457
"2025-05-12 06:00:00","2025-05-12 09:00:00","TMP","2 m above ground",85.5,24.75,314.257
"2025-05-12 06:00:00","2025-05-12 09:00:00","TMP","2 m above ground",85.75,24.75,312.957
"2025-05-12 06:00:00","2025-05-12 09:00:00","TMP","2 m above ground",86,24.75,310.057
"2025-05-12 06:00:00","2025-05-12 09:00:00","TMP","2 m above ground",86.25,24.75,310.157
"2025-05-12 06:00:00","2025-05-12 09:00:00","TMP","2 m above ground",86.5,24.75,311.257
"2025-05-12 06:00:00","2025-05-12 09:00:00","TMP","2 m above ground",86.75,24.75,312.557
"2025-05-12 06:00:00","2025-05-12 09:00:00","TMP","2 m above ground",87,24.75,313.657
"2025-05-12 06:00:00","2025-05-12 09:00:00","TMP","2 m above ground",87.25,24.75,313.357
"2025-05-12 06:00:00","2025-05-12 09:00:00","TMP","2 m above ground",87.5,24.75,312.957
"2025-05-12 06:00:00","2025-05-12 09:00:00","TMP","2 m above ground",87.75,24.75,313.857
"2025-05-12 06:00:00","2025-05-12 09:00:00","TMP","2 m above ground",88,24.75,313.657
"2025-05-12 06:00:00","2025-05-12 09:00:00","TMP","2 m above ground",88.25,24.75,312.757
"2025-05-12 06:00:00","2025-05-12 09:00:00","TMP","2 m above ground",88.5,24.75,312.857
"2025-05-12 06:00:00","2025-05-12 09:00:00","TMP","2 m above ground",88.75,24.75,312.257
"2025-05-12 06:00:00","2025-05-12 09:00:00","TMP","2 m above ground",89,24.75,312.157
"2025-05-12 06:00:00","2025-05-12 09:00:00","TMP","2 m above ground",82,25,315.257
"2025-05-12 06:00:00","2025-05-12 09:00:00","TMP","2 m above ground",82.25,25,315.157
"2025-05-12 06:00:00","2025-05-12 09:00:00","TMP","2 m above ground",82.5,25,314.857
"2025-05-12 06:00:00","2025-05-12 09:00:00","TMP","2 m above ground",82.75,25,314.457
"2025-05-12 06:00:00","2025-05-12 09:00:00","TMP","2 m above ground",83,25,314.657
"2025-05-12 06:00:00","2025-05-12 09:00:00","TMP","2 m above ground",83.25,25,314.757
"2025-05-12 06:00:00","2025-05-12 09:00:00","TMP","2 m above ground",83.5,25,314.857
"2025-05-12 06:00:00","2025-05-12 09:00:00","TMP","2 m above ground",83.75,25,315.157
"2025-05-12 06:00:00","2025-05-12 09:00:00","TMP","2 m above ground",84,25,314.957
"2025-05-12 06:00:00","2025-05-12 09:00:00","TMP","2 m above ground",84.25,25,314.957
"2025-05-12 06:00:00","2025-05-12 09:00:00","TMP","2 m above ground",84.5,25,314.857
"2025-05-12 06:00:00","2025-05-12 09:00:00","TMP","2 m above ground",84.75,25,314.957
"2025-05-12 06:00:00","2025-05-12 09:00:00","TMP","2 m above ground",85,25,314.757
"2025-05-12 06:00:00","2025-05-12 09:00:00","TMP","2 m above ground",85.25,25,314.557
"2025-05-12 06:00:00","2025-05-12 09:00:00","TMP","2 m above ground",85.5,25,313.957
"2025-05-12 06:00:00","2025-05-12 09:00:00","TMP","2 m above ground",85.75,25,312.557
"2025-05-12 06:00:00","2025-05-12 09:00:00","TMP","2 m above ground",86,25,312.057
"2025-05-12 06:00:00","2025-05-12 09:00:00","TMP","2 m above ground",86.25,25,312.057
"2025-05-12 06:00:00","2025-05-12 09:00:00","TMP","2 m above ground",86.5,25,312.957
"2025-05-12 06:00:00","2025-05-12 09:00:00","TMP","2 m above ground",86.75,25,313.557
"2025-05-12 06:00:00","2025-05-12 09:00:00","TMP","2 m above ground",87,25,313.157
"2025-05-12 06:00:00","2025-05-12 09:00:00","TMP","2 m above ground",87.25,25,312.957
"2025-05-12 06:00:00","2025-05-12 09:00:00","TMP","2 m above ground",87.5,25,312.557
"2025-05-12 06:00:00","2025-05-12 09:00:00","TMP","2 m above ground",87.75,25,312.957
"2025-05-12 06:00:00","2025-05-12 09:00:00","TMP","2 m above ground",88,25,312.357
"2025-05-12 06:00:00","2025-05-12 09:00:00","TMP","2 m above ground",88.25,25,312.557
"2025-05-12 06:00:00","2025-05-12 09:00:00","TMP","2 m above ground",88.5,25,311.557
"2025-05-12 06:00:00","2025-05-12 09:00:00","TMP","2 m above ground",88.75,25,311.657
"2025-05-12 06:00:00","2025-05-12 09:00:00","TMP","2 m above ground",89,25,311.257
"2025-05-12 06:00:00","2025-05-12 09:00:00","TMP","2 m above ground",82,25.25,315.357
"2025-05-12 06:00:00","2025-05-12 09:00:00","TMP","2 m above ground",82.25,25.25,315.357
"2025-05-12 06:00:00","2025-05-12 09:00:00","TMP","2 m above ground",82.5,25.25,315.157
"2025-05-12 06:00:00","2025-05-12 09:00:00","TMP","2 m above ground",82.75,25.25,315.057
"2025-05-12 06:00:00","2025-05-12 09:00:00","TMP","2 m above ground",83,25.25,315.157
"2025-05-12 06:00:00","2025-05-12 09:00:00","TMP","2 m above ground",83.25,25.25,315.057
"2025-05-12 06:00:00","2025-05-12 09:00:00","TMP","2 m above ground",83.5,25.25,314.857
"2025-05-12 06:00:00","2025-05-12 09:00:00","TMP","2 m above ground",83.75,25.25,314.857
"2025-05-12 06:00:00","2025-05-12 09:00:00","TMP","2 m above ground",84,25.25,314.857
"2025-05-12 06:00:00","2025-05-12 09:00:00","TMP","2 m above ground",84.25,25.25,315.057
"2025-05-12 06:00:00","2025-05-12 09:00:00","TMP","2 m above ground",84.5,25.25,314.757
"2025-05-12 06:00:00","2025-05-12 09:00:00","TMP","2 m above ground",84.75,25.25,314.057
"2025-05-12 06:00:00","2025-05-12 09:00:00","TMP","2 m above ground",85,25.25,313.157
"2025-05-12 06:00:00","2025-05-12 09:00:00","TMP","2 m above ground",85.25,25.25,312.257
"2025-05-12 06:00:00","2025-05-12 09:00:00","TMP","2 m above ground",85.5,25.25,312.357
"2025-05-12 06:00:00","2025-05-12 09:00:00","TMP","2 m above ground",85.75,25.25,312.057
"2025-05-12 06:00:00","2025-05-12 09:00:00","TMP","2 m above ground",86,25.25,312.857
"2025-05-12 06:00:00","2025-05-12 09:00:00","TMP","2 m above ground",86.25,25.25,313.057
"2025-05-12 06:00:00","2025-05-12 09:00:00","TMP","2 m above ground",86.5,25.25,313.257
"2025-05-12 06:00:00","2025-05-12 09:00:00","TMP","2 m above ground",86.75,25.25,313.457
"2025-05-12 06:00:00","2025-05-12 09:00:00","TMP","2 m above ground",87,25.25,313.157
"2025-05-12 06:00:00","2025-05-12 09:00:00","TMP","2 m above ground",87.25,25.25,312.957
"2025-05-12 06:00:00","2025-05-12 09:00:00","TMP","2 m above ground",87.5,25.25,312.557
"2025-05-12 06:00:00","2025-05-12 09:00:00","TMP","2 m above ground",87.75,25.25,312.757
"2025-05-12 06:00:00","2025-05-12 09:00:00","TMP","2 m above ground",88,25.25,312.557
"2025-05-12 06:00:00","2025-05-12 09:00:00","TMP","2 m above ground",88.25,25.25,311.557
"2025-05-12 06:00:00","2025-05-12 09:00:00","TMP","2 m above ground",88.5,25.25,311.857
"2025-05-12 06:00:00","2025-05-12 09:00:00","TMP","2 m above ground",88.75,25.25,312.157
"2025-05-12 06:00:00","2025-05-12 09:00:00","TMP","2 m above ground",89,25.25,312.057
"2025-05-12 06:00:00","2025-05-12 09:00:00","TMP","2 m above ground",82,25.5,315.357
"2025-05-12 06:00:00","2025-05-12 09:00:00","TMP","2 m above ground",82.25,25.5,315.157
"2025-05-12 06:00:00","2025-05-12 09:00:00","TMP","2 m above ground",82.5,25.5,314.957
"2025-05-12 06:00:00","2025-05-12 09:00:00","TMP","2 m above ground",82.75,25.5,314.957
"2025-05-12 06:00:00","2025-05-12 09:00:00","TMP","2 m above ground",83,25.5,314.857
"2025-05-12 06:00:00","2025-05-12 09:00:00","TMP","2 m above ground",83.25,25.5,314.857
"2025-05-12 06:00:00","2025-05-12 09:00:00","TMP","2 m above ground",83.5,25.5,314.657
"2025-05-12 06:00:00","2025-05-12 09:00:00","TMP","2 m above ground",83.75,25.5,314.557
"2025-05-12 06:00:00","2025-05-12 09:00:00","TMP","2 m above ground",84,25.5,314.857
"2025-05-12 06:00:00","2025-05-12 09:00:00","TMP","2 m above ground",84.25,25.5,314.957
"2025-05-12 06:00:00","2025-05-12 09:00:00","TMP","2 m above ground",84.5,25.5,315.057
"2025-05-12 06:00:00","2025-05-12 09:00:00","TMP","2 m above ground",84.75,25.5,313.957
"2025-05-12 06:00:00","2025-05-12 09:00:00","TMP","2 m above ground",85,25.5,314.057
"2025-05-12 06:00:00","2025-05-12 09:00:00","TMP","2 m above ground",85.25,25.5,313.657
"2025-05-12 06:00:00","2025-05-12 09:00:00","TMP","2 m above ground",85.5,25.5,313.257
"2025-05-12 06:00:00","2025-05-12 09:00:00","TMP","2 m above ground",85.75,25.5,313.857
"2025-05-12 06:00:00","2025-05-12 09:00:00","TMP","2 m above ground",86,25.5,313.057
"2025-05-12 06:00:00","2025-05-12 09:00:00","TMP","2 m above ground",86.25,25.5,312.957
"2025-05-12 06:00:00","2025-05-12 09:00:00","TMP","2 m above ground",86.5,25.5,313.257
"2025-05-12 06:00:00","2025-05-12 09:00:00","TMP","2 m above ground",86.75,25.5,313.057
"2025-05-12 06:00:00","2025-05-12 09:00:00","TMP","2 m above ground",87,25.5,313.357
"2025-05-12 06:00:00","2025-05-12 09:00:00","TMP","2 m above ground",87.25,25.5,313.357
"2025-05-12 06:00:00","2025-05-12 09:00:00","TMP","2 m above ground",87.5,25.5,313.257
"2025-05-12 06:00:00","2025-05-12 09:00:00","TMP","2 m above ground",87.75,25.5,313.157
"2025-05-12 06:00:00","2025-05-12 09:00:00","TMP","2 m above ground",88,25.5,312.157
"2025-05-12 06:00:00","2025-05-12 09:00:00","TMP","2 m above ground",88.25,25.5,310.757
"2025-05-12 06:00:00","2025-05-12 09:00:00","TMP","2 m above ground",88.5,25.5,311.257
"2025-05-12 06:00:00","2025-05-12 09:00:00","TMP","2 m above ground",88.75,25.5,311.157
"2025-05-12 06:00:00","2025-05-12 09:00:00","TMP","2 m above ground",89,25.5,310.757
"2025-05-12 06:00:00","2025-05-12 09:00:00","TMP","2 m above ground",82,25.75,315.157
"2025-05-12 06:00:00","2025-05-12 09:00:00","TMP","2 m above ground",82.25,25.75,314.757
"2025-05-12 06:00:00","2025-05-12 09:00:00","TMP","2 m above ground",82.5,25.75,314.657
"2025-05-12 06:00:00","2025-05-12 09:00:00","TMP","2 m above ground",82.75,25.75,314.557
"2025-05-12 06:00:00","2025-05-12 09:00:00","TMP","2 m above ground",83,25.75,314.557
"2025-05-12 06:00:00","2025-05-12 09:00:00","TMP","2 m above ground",83.25,25.75,314.857
"2025-05-12 06:00:00","2025-05-12 09:00:00","TMP","2 m above ground",83.5,25.75,314.757
"2025-05-12 06:00:00","2025-05-12 09:00:00","TMP","2 m above ground",83.75,25.75,314.657
"2025-05-12 06:00:00","2025-05-12 09:00:00","TMP","2 m above ground",84,25.75,314.657
"2025-05-12 06:00:00","2025-05-12 09:00:00","TMP","2 m above ground",84.25,25.75,314.757
"2025-05-12 06:00:00","2025-05-12 09:00:00","TMP","2 m above ground",84.5,25.75,314.857
"2025-05-12 06:00:00","2025-05-12 09:00:00","TMP","2 m above ground",84.75,25.75,314.057
"2025-05-12 06:00:00","2025-05-12 09:00:00","TMP","2 m above ground",85,25.75,313.357
"2025-05-12 06:00:00","2025-05-12 09:00:00","TMP","2 m above ground",85.25,25.75,313.357
"2025-05-12 06:00:00","2025-05-12 09:00:00","TMP","2 m above ground",85.5,25.75,313.457
"2025-05-12 06:00:00","2025-05-12 09:00:00","TMP","2 m above ground",85.75,25.75,313.757
"2025-05-12 06:00:00","2025-05-12 09:00:00","TMP","2 m above ground",86,25.75,313.357
"2025-05-12 06:00:00","2025-05-12 09:00:00","TMP","2 m above ground",86.25,25.75,313.457
"2025-05-12 06:00:00","2025-05-12 09:00:00","TMP","2 m above ground",86.5,25.75,312.457
"2025-05-12 06:00:00","2025-05-12 09:00:00","TMP","2 m above ground",86.75,25.75,311.957
"2025-05-12 06:00:00","2025-05-12 09:00:00","TMP","2 m above ground",87,25.75,311.857
"2025-05-12 06:00:00","2025-05-12 09:00:00","TMP","2 m above ground",87.25,25.75,311.757
"2025-05-12 06:00:00","2025-05-12 09:00:00","TMP","2 m above ground",87.5,25.75,311.957
"2025-05-12 06:00:00","2025-05-12 09:00:00","TMP","2 m above ground",87.75,25.75,311.357
"2025-05-12 06:00:00","2025-05-12 09:00:00","TMP","2 m above ground",88,25.75,310.657
"2025-05-12 06:00:00","2025-05-12 09:00:00","TMP","2 m above ground",88.25,25.75,310.257
"2025-05-12 06:00:00","2025-05-12 09:00:00","TMP","2 m above ground",88.5,25.75,309.857
"2025-05-12 06:00:00","2025-05-12 09:00:00","TMP","2 m above ground",88.75,25.75,309.457
"2025-05-12 06:00:00","2025-05-12 09:00:00","TMP","2 m above ground",89,25.75,309.257
"2025-05-12 06:00:00","2025-05-12 09:00:00","TMP","2 m above ground",82,26,315.057
"2025-05-12 06:00:00","2025-05-12 09:00:00","TMP","2 m above ground",82.25,26,314.857
"2025-05-12 06:00:00","2025-05-12 09:00:00","TMP","2 m above ground",82.5,26,314.457
"2025-05-12 06:00:00","2025-05-12 09:00:00","TMP","2 m above ground",82.75,26,314.257
"2025-05-12 06:00:00","2025-05-12 09:00:00","TMP","2 m above ground",83,26,314.157
"2025-05-12 06:00:00","2025-05-12 09:00:00","TMP","2 m above ground",83.25,26,314.357
"2025-05-12 06:00:00","2025-05-12 09:00:00","TMP","2 m above ground",83.5,26,314.357
"2025-05-12 06:00:00","2025-05-12 09:00:00","TMP","2 m above ground",83.75,26,314.357
"2025-05-12 06:00:00","2025-05-12 09:00:00","TMP","2 m above ground",84,26,314.457
"2025-05-12 06:00:00","2025-05-12 09:00:00","TMP","2 m above ground",84.25,26,314.357
"2025-05-12 06:00:00","2025-05-12 09:00:00","TMP","2 m above ground",84.5,26,314.257
"2025-05-12 06:00:00","2025-05-12 09:00:00","TMP","2 m above ground",84.75,26,313.557
"2025-05-12 06:00:00","2025-05-12 09:00:00","TMP","2 m above ground",85,26,313.257
"2025-05-12 06:00:00","2025-05-12 09:00:00","TMP","2 m above ground",85.25,26,313.157
"2025-05-12 06:00:00","2025-05-12 09:00:00","TMP","2 m above ground",85.5,26,313.357
"2025-05-12 06:00:00","2025-05-12 09:00:00","TMP","2 m above ground",85.75,26,313.457
"2025-05-12 06:00:00","2025-05-12 09:00:00","TMP","2 m above ground",86,26,312.357
"2025-05-12 06:00:00","2025-05-12 09:00:00","TMP","2 m above ground",86.25,26,312.757
"2025-05-12 06:00:00","2025-05-12 09:00:00","TMP","2 m above ground",86.5,26,312.757
"2025-05-12 06:00:00","2025-05-12 09:00:00","TMP","2 m above ground",86.75,26,311.757
"2025-05-12 06:00:00","2025-05-12 09:00:00","TMP","2 m above ground",87,26,310.957
"2025-05-12 06:00:00","2025-05-12 09:00:00","TMP","2 m above ground",87.25,26,310.557
"2025-05-12 06:00:00","2025-05-12 09:00:00","TMP","2 m above ground",87.5,26,310.257
"2025-05-12 06:00:00","2025-05-12 09:00:00","TMP","2 m above ground",87.75,26,310.357
"2025-05-12 06:00:00","2025-05-12 09:00:00","TMP","2 m above ground",88,26,309.957
"2025-05-12 06:00:00","2025-05-12 09:00:00","TMP","2 m above ground",88.25,26,309.457
"2025-05-12 06:00:00","2025-05-12 09:00:00","TMP","2 m above ground",88.5,26,308.757
"2025-05-12 06:00:00","2025-05-12 09:00:00","TMP","2 m above ground",88.75,26,307.457
"2025-05-12 06:00:00","2025-05-12 09:00:00","TMP","2 m above ground",89,26,307.557
"2025-05-12 06:00:00","2025-05-12 09:00:00","TMP","2 m above ground",82,26.25,314.757
"2025-05-12 06:00:00","2025-05-12 09:00:00","TMP","2 m above ground",82.25,26.25,314.357
"2025-05-12 06:00:00","2025-05-12 09:00:00","TMP","2 m above ground",82.5,26.25,313.957
"2025-05-12 06:00:00","2025-05-12 09:00:00","TMP","2 m above ground",82.75,26.25,313.657
"2025-05-12 06:00:00","2025-05-12 09:00:00","TMP","2 m above ground",83,26.25,313.457
"2025-05-12 06:00:00","2025-05-12 09:00:00","TMP","2 m above ground",83.25,26.25,313.457
"2025-05-12 06:00:00","2025-05-12 09:00:00","TMP","2 m above ground",83.5,26.25,313.657
"2025-05-12 06:00:00","2025-05-12 09:00:00","TMP","2 m above ground",83.75,26.25,313.857
"2025-05-12 06:00:00","2025-05-12 09:00:00","TMP","2 m above ground",84,26.25,313.857
"2025-05-12 06:00:00","2025-05-12 09:00:00","TMP","2 m above ground",84.25,26.25,313.657
"2025-05-12 06:00:00","2025-05-12 09:00:00","TMP","2 m above ground",84.5,26.25,313.557
"2025-05-12 06:00:00","2025-05-12 09:00:00","TMP","2 m above ground",84.75,26.25,313.057
"2025-05-12 06:00:00","2025-05-12 09:00:00","TMP","2 m above ground",85,26.25,313.157
"2025-05-12 06:00:00","2025-05-12 09:00:00","TMP","2 m above ground",85.25,26.25,313.357
"2025-05-12 06:00:00","2025-05-12 09:00:00","TMP","2 m above ground",85.5,26.25,313.457
"2025-05-12 06:00:00","2025-05-12 09:00:00","TMP","2 m above ground",85.75,26.25,312.457
"2025-05-12 06:00:00","2025-05-12 09:00:00","TMP","2 m above ground",86,26.25,311.657
"2025-05-12 06:00:00","2025-05-12 09:00:00","TMP","2 m above ground",86.25,26.25,312.257
"2025-05-12 06:00:00","2025-05-12 09:00:00","TMP","2 m above ground",86.5,26.25,312.057
"2025-05-12 06:00:00","2025-05-12 09:00:00","TMP","2 m above ground",86.75,26.25,311.357
"2025-05-12 06:00:00","2025-05-12 09:00:00","TMP","2 m above ground",87,26.25,310.557
"2025-05-12 06:00:00","2025-05-12 09:00:00","TMP","2 m above ground",87.25,26.25,309.957
"2025-05-12 06:00:00","2025-05-12 09:00:00","TMP","2 m above ground",87.5,26.25,309.457
"2025-05-12 06:00:00","2025-05-12 09:00:00","TMP","2 m above ground",87.75,26.25,308.457
"2025-05-12 06:00:00","2025-05-12 09:00:00","TMP","2 m above ground",88,26.25,307.457
"2025-05-12 06:00:00","2025-05-12 09:00:00","TMP","2 m above ground",88.25,26.25,307.357
"2025-05-12 06:00:00","2025-05-12 09:00:00","TMP","2 m above ground",88.5,26.25,306.657
"2025-05-12 06:00:00","2025-05-12 09:00:00","TMP","2 m above ground",88.75,26.25,306.357
"2025-05-12 06:00:00","2025-05-12 09:00:00","TMP","2 m above ground",89,26.25,305.757
"2025-05-12 06:00:00","2025-05-12 09:00:00","TMP","2 m above ground",82,26.5,314.457
"2025-05-12 06:00:00","2025-05-12 09:00:00","TMP","2 m above ground",82.25,26.5,313.957
"2025-05-12 06:00:00","2025-05-12 09:00:00","TMP","2 m above ground",82.5,26.5,313.457
"2025-05-12 06:00:00","2025-05-12 09:00:00","TMP","2 m above ground",82.75,26.5,313.057
"2025-05-12 06:00:00","2025-05-12 09:00:00","TMP","2 m above ground",83,26.5,312.757
"2025-05-12 06:00:00","2025-05-12 09:00:00","TMP","2 m above ground",83.25,26.5,312.757
"2025-05-12 06:00:00","2025-05-12 09:00:00","TMP","2 m above ground",83.5,26.5,313.057
"2025-05-12 06:00:00","2025-05-12 09:00:00","TMP","2 m above ground",83.75,26.5,313.157
"2025-05-12 06:00:00","2025-05-12 09:00:00","TMP","2 m above ground",84,26.5,312.957
"2025-05-12 06:00:00","2025-05-12 09:00:00","TMP","2 m above ground",84.25,26.5,312.557
"2025-05-12 06:00:00","2025-05-12 09:00:00","TMP","2 m above ground",84.5,26.5,312.257
"2025-05-12 06:00:00","2025-05-12 09:00:00","TMP","2 m above ground",84.75,26.5,312.557
"2025-05-12 06:00:00","2025-05-12 09:00:00","TMP","2 m above ground",85,26.5,312.757
"2025-05-12 06:00:00","2025-05-12 09:00:00","TMP","2 m above ground",85.25,26.5,313.157
"2025-05-12 06:00:00","2025-05-12 09:00:00","TMP","2 m above ground",85.5,26.5,312.657
"2025-05-12 06:00:00","2025-05-12 09:00:00","TMP","2 m above ground",85.75,26.5,311.957
"2025-05-12 06:00:00","2025-05-12 09:00:00","TMP","2 m above ground",86,26.5,311.757
"2025-05-12 06:00:00","2025-05-12 09:00:00","TMP","2 m above ground",86.25,26.5,311.557
"2025-05-12 06:00:00","2025-05-12 09:00:00","TMP","2 m above ground",86.5,26.5,310.557
"2025-05-12 06:00:00","2025-05-12 09:00:00","TMP","2 m above ground",86.75,26.5,309.457
"2025-05-12 06:00:00","2025-05-12 09:00:00","TMP","2 m above ground",87,26.5,308.857
"2025-05-12 06:00:00","2025-05-12 09:00:00","TMP","2 m above ground",87.25,26.5,308.657
"2025-05-12 06:00:00","2025-05-12 09:00:00","TMP","2 m above ground",87.5,26.5,307.757
"2025-05-12 06:00:00","2025-05-12 09:00:00","TMP","2 m above ground",87.75,26.5,306.757
"2025-05-12 06:00:00","2025-05-12 09:00:00","TMP","2 m above ground",88,26.5,306.557
"2025-05-12 06:00:00","2025-05-12 09:00:00","TMP","2 m above ground",88.25,26.5,306.357
"2025-05-12 06:00:00","2025-05-12 09:00:00","TMP","2 m above ground",88.5,26.5,306.057
"2025-05-12 06:00:00","2025-05-12 09:00:00","TMP","2 m above ground",88.75,26.5,305.857
"2025-05-12 06:00:00","2025-05-12 09:00:00","TMP","2 m above ground",89,26.5,305.857
"2025-05-12 06:00:00","2025-05-12 09:00:00","TMP","2 m above ground",82,26.75,314.057
"2025-05-12 06:00:00","2025-05-12 09:00:00","TMP","2 m above ground",82.25,26.75,313.657
"2025-05-12 06:00:00","2025-05-12 09:00:00","TMP","2 m above ground",82.5,26.75,313.257
"2025-05-12 06:00:00","2025-05-12 09:00:00","TMP","2 m above ground",82.75,26.75,313.157
"2025-05-12 06:00:00","2025-05-12 09:00:00","TMP","2 m above ground",83,26.75,312.857
"2025-05-12 06:00:00","2025-05-12 09:00:00","TMP","2 m above ground",83.25,26.75,313.057
"2025-05-12 06:00:00","2025-05-12 09:00:00","TMP","2 m above ground",83.5,26.75,313.457
"2025-05-12 06:00:00","2025-05-12 09:00:00","TMP","2 m above ground",83.75,26.75,313.457
"2025-05-12 06:00:00","2025-05-12 09:00:00","TMP","2 m above ground",84,26.75,312.757
"2025-05-12 06:00:00","2025-05-12 09:00:00","TMP","2 m above ground",84.25,26.75,312.157
"2025-05-12 06:00:00","2025-05-12 09:00:00","TMP","2 m above ground",84.5,26.75,312.057
"2025-05-12 06:00:00","2025-05-12 09:00:00","TMP","2 m above ground",84.75,26.75,312.257
"2025-05-12 06:00:00","2025-05-12 09:00:00","TMP","2 m above ground",85,26.75,312.757
"2025-05-12 06:00:00","2025-05-12 09:00:00","TMP","2 m above ground",85.25,26.75,312.857
"2025-05-12 06:00:00","2025-05-12 09:00:00","TMP","2 m above ground",85.5,26.75,312.557
"2025-05-12 06:00:00","2025-05-12 09:00:00","TMP","2 m above ground",85.75,26.75,311.957
"2025-05-12 06:00:00","2025-05-12 09:00:00","TMP","2 m above ground",86,26.75,311.357
"2025-05-12 06:00:00","2025-05-12 09:00:00","TMP","2 m above ground",86.25,26.75,310.357
"2025-05-12 06:00:00","2025-05-12 09:00:00","TMP","2 m above ground",86.5,26.75,309.257
"2025-05-12 06:00:00","2025-05-12 09:00:00","TMP","2 m above ground",86.75,26.75,307.557
"2025-05-12 06:00:00","2025-05-12 09:00:00","TMP","2 m above ground",87,26.75,307.657
"2025-05-12 06:00:00","2025-05-12 09:00:00","TMP","2 m above ground",87.25,26.75,307.157
"2025-05-12 06:00:00","2025-05-12 09:00:00","TMP","2 m above ground",87.5,26.75,303.457
"2025-05-12 06:00:00","2025-05-12 09:00:00","TMP","2 m above ground",87.75,26.75,302.957
"2025-05-12 06:00:00","2025-05-12 09:00:00","TMP","2 m above ground",88,26.75,302.857
"2025-05-12 06:00:00","2025-05-12 09:00:00","TMP","2 m above ground",88.25,26.75,303.057
"2025-05-12 06:00:00","2025-05-12 09:00:00","TMP","2 m above ground",88.5,26.75,305.257
"2025-05-12 06:00:00","2025-05-12 09:00:00","TMP","2 m above ground",88.75,26.75,307.057
"2025-05-12 06:00:00","2025-05-12 09:00:00","TMP","2 m above ground",89,26.75,307.257
"2025-05-12 06:00:00","2025-05-12 09:00:00","TMP","2 m above ground",82,27,314.057
"2025-05-12 06:00:00","2025-05-12 09:00:00","TMP","2 m above ground",82.25,27,313.857
"2025-05-12 06:00:00","2025-05-12 09:00:00","TMP","2 m above ground",82.5,27,313.257
"2025-05-12 06:00:00","2025-05-12 09:00:00","TMP","2 m above ground",82.75,27,313.157
"2025-05-12 06:00:00","2025-05-12 09:00:00","TMP","2 m above ground",83,27,312.857
"2025-05-12 06:00:00","2025-05-12 09:00:00","TMP","2 m above ground",83.25,27,313.257
"2025-05-12 06:00:00","2025-05-12 09:00:00","TMP","2 m above ground",83.5,27,313.757
"2025-05-12 06:00:00","2025-05-12 09:00:00","TMP","2 m above ground",83.75,27,313.757
"2025-05-12 06:00:00","2025-05-12 09:00:00","TMP","2 m above ground",84,27,312.657
"2025-05-12 06:00:00","2025-05-12 09:00:00","TMP","2 m above ground",84.25,27,311.457
"2025-05-12 06:00:00","2025-05-12 09:00:00","TMP","2 m above ground",84.5,27,311.257
"2025-05-12 06:00:00","2025-05-12 09:00:00","TMP","2 m above ground",84.75,27,311.657
"2025-05-12 06:00:00","2025-05-12 09:00:00","TMP","2 m above ground",85,27,311.857
"2025-05-12 06:00:00","2025-05-12 09:00:00","TMP","2 m above ground",85.25,27,312.357
"2025-05-12 06:00:00","2025-05-12 09:00:00","TMP","2 m above ground",85.5,27,311.957
"2025-05-12 06:00:00","2025-05-12 09:00:00","TMP","2 m above ground",85.75,27,311.457
"2025-05-12 06:00:00","2025-05-12 09:00:00","TMP","2 m above ground",86,27,309.357
"2025-05-12 06:00:00","2025-05-12 09:00:00","TMP","2 m above ground",86.25,27,306.757
"2025-05-12 06:00:00","2025-05-12 09:00:00","TMP","2 m above ground",86.5,27,303.357
"2025-05-12 06:00:00","2025-05-12 09:00:00","TMP","2 m above ground",86.75,27,300.957
"2025-05-12 06:00:00","2025-05-12 09:00:00","TMP","2 m above ground",87,27,299.257
"2025-05-12 06:00:00","2025-05-12 09:00:00","TMP","2 m above ground",87.25,27,300.357
"2025-05-12 06:00:00","2025-05-12 09:00:00","TMP","2 m above ground",87.5,27,297.157
"2025-05-12 06:00:00","2025-05-12 09:00:00","TMP","2 m above ground",87.75,27,294.257
"2025-05-12 06:00:00","2025-05-12 09:00:00","TMP","2 m above ground",88,27,290.957
"2025-05-12 06:00:00","2025-05-12 09:00:00","TMP","2 m above ground",88.25,27,293.957
"2025-05-12 06:00:00","2025-05-12 09:00:00","TMP","2 m above ground",88.5,27,297.857
"2025-05-12 06:00:00","2025-05-12 09:00:00","TMP","2 m above ground",88.75,27,298.957
"2025-05-12 06:00:00","2025-05-12 09:00:00","TMP","2 m above ground",89,27,297.457
"2025-05-12 06:00:00","2025-05-12 09:00:00","TMP","2 m above ground",82,27.25,314.257
"2025-05-12 06:00:00","2025-05-12 09:00:00","TMP","2 m above ground",82.25,27.25,313.357
"2025-05-12 06:00:00","2025-05-12 09:00:00","TMP","2 m above ground",82.5,27.25,312.957
"2025-05-12 06:00:00","2025-05-12 09:00:00","TMP","2 m above ground",82.75,27.25,313.057
"2025-05-12 06:00:00","2025-05-12 09:00:00","TMP","2 m above ground",83,27.25,312.857
"2025-05-12 06:00:00","2025-05-12 09:00:00","TMP","2 m above ground",83.25,27.25,312.857
"2025-05-12 06:00:00","2025-05-12 09:00:00","TMP","2 m above ground",83.5,27.25,312.757
"2025-05-12 06:00:00","2025-05-12 09:00:00","TMP","2 m above ground",83.75,27.25,312.657
"2025-05-12 06:00:00","2025-05-12 09:00:00","TMP","2 m above ground",84,27.25,312.357
"2025-05-12 06:00:00","2025-05-12 09:00:00","TMP","2 m above ground",84.25,27.25,311.457
"2025-05-12 06:00:00","2025-05-12 09:00:00","TMP","2 m above ground",84.5,27.25,310.657
"2025-05-12 06:00:00","2025-05-12 09:00:00","TMP","2 m above ground",84.75,27.25,310.557
"2025-05-12 06:00:00","2025-05-12 09:00:00","TMP","2 m above ground",85,27.25,310.257
"2025-05-12 06:00:00","2025-05-12 09:00:00","TMP","2 m above ground",85.25,27.25,310.357
"2025-05-12 06:00:00","2025-05-12 09:00:00","TMP","2 m above ground",85.5,27.25,309.157
"2025-05-12 06:00:00","2025-05-12 09:00:00","TMP","2 m above ground",85.75,27.25,306.457
"2025-05-12 06:00:00","2025-05-12 09:00:00","TMP","2 m above ground",86,27.25,302.957
"2025-05-12 06:00:00","2025-05-12 09:00:00","TMP","2 m above ground",86.25,27.25,299.257
"2025-05-12 06:00:00","2025-05-12 09:00:00","TMP","2 m above ground",86.5,27.25,296.657
"2025-05-12 06:00:00","2025-05-12 09:00:00","TMP","2 m above ground",86.75,27.25,294.857
"2025-05-12 06:00:00","2025-05-12 09:00:00","TMP","2 m above ground",87,27.25,291.257
"2025-05-12 06:00:00","2025-05-12 09:00:00","TMP","2 m above ground",87.25,27.25,300.357
"2025-05-12 06:00:00","2025-05-12 09:00:00","TMP","2 m above ground",87.5,27.25,294.157
"2025-05-12 06:00:00","2025-05-12 09:00:00","TMP","2 m above ground",87.75,27.25,295.657
"2025-05-12 06:00:00","2025-05-12 09:00:00","TMP","2 m above ground",88,27.25,289.557
"2025-05-12 06:00:00","2025-05-12 09:00:00","TMP","2 m above ground",88.25,27.25,292.657
"2025-05-12 06:00:00","2025-05-12 09:00:00","TMP","2 m above ground",88.5,27.25,295.957
"2025-05-12 06:00:00","2025-05-12 09:00:00","TMP","2 m above ground",88.75,27.25,289.057
"2025-05-12 06:00:00","2025-05-12 09:00:00","TMP","2 m above ground",89,27.25,284.657
"2025-05-12 06:00:00","2025-05-12 09:00:00","TMP","2 m above ground",82,27.5,314.257
"2025-05-12 06:00:00","2025-05-12 09:00:00","TMP","2 m above ground",82.25,27.5,313.757
"2025-05-12 06:00:00","2025-05-12 09:00:00","TMP","2 m above ground",82.5,27.5,313.757
"2025-05-12 06:00:00","2025-05-12 09:00:00","TMP","2 m above ground",82.75,27.5,313.457
"2025-05-12 06:00:00","2025-05-12 09:00:00","TMP","2 m above ground",83,27.5,312.757
"2025-05-12 06:00:00","2025-05-12 09:00:00","TMP","2 m above ground",83.25,27.5,312.357
"2025-05-12 06:00:00","2025-05-12 09:00:00","TMP","2 m above ground",83.5,27.5,311.857
"2025-05-12 06:00:00","2025-05-12 09:00:00","TMP","2 m above ground",83.75,27.5,311.157
"2025-05-12 06:00:00","2025-05-12 09:00:00","TMP","2 m above ground",84,27.5,310.857
"2025-05-12 06:00:00","2025-05-12 09:00:00","TMP","2 m above ground",84.25,27.5,310.557
"2025-05-12 06:00:00","2025-05-12 09:00:00","TMP","2 m above ground",84.5,27.5,309.457
"2025-05-12 06:00:00","2025-05-12 09:00:00","TMP","2 m above ground",84.75,27.5,308.257
"2025-05-12 06:00:00","2025-05-12 09:00:00","TMP","2 m above ground",85,27.5,303.457
"2025-05-12 06:00:00","2025-05-12 09:00:00","TMP","2 m above ground",85.25,27.5,298.357
"2025-05-12 06:00:00","2025-05-12 09:00:00","TMP","2 m above ground",85.5,27.5,294.657
"2025-05-12 06:00:00","2025-05-12 09:00:00","TMP","2 m above ground",85.75,27.5,296.557
"2025-05-12 06:00:00","2025-05-12 09:00:00","TMP","2 m above ground",86,27.5,299.557
"2025-05-12 06:00:00","2025-05-12 09:00:00","TMP","2 m above ground",86.25,27.5,293.357
"2025-05-12 06:00:00","2025-05-12 09:00:00","TMP","2 m above ground",86.5,27.5,290.357
"2025-05-12 06:00:00","2025-05-12 09:00:00","TMP","2 m above ground",86.75,27.5,290.157
"2025-05-12 06:00:00","2025-05-12 09:00:00","TMP","2 m above ground",87,27.5,289.457
"2025-05-12 06:00:00","2025-05-12 09:00:00","TMP","2 m above ground",87.25,27.5,294.757
"2025-05-12 06:00:00","2025-05-12 09:00:00","TMP","2 m above ground",87.5,27.5,287.357
"2025-05-12 06:00:00","2025-05-12 09:00:00","TMP","2 m above ground",87.75,27.5,288.257
"2025-05-12 06:00:00","2025-05-12 09:00:00","TMP","2 m above ground",88,27.5,280.057
"2025-05-12 06:00:00","2025-05-12 09:00:00","TMP","2 m above ground",88.25,27.5,280.057
"2025-05-12 06:00:00","2025-05-12 09:00:00","TMP","2 m above ground",88.5,27.5,289.457
"2025-05-12 06:00:00","2025-05-12 09:00:00","TMP","2 m above ground",88.75,27.5,281.957
"2025-05-12 06:00:00","2025-05-12 09:00:00","TMP","2 m above ground",89,27.5,278.157
"2025-05-12 06:00:00","2025-05-12 09:00:00","TMP","2 m above ground",82,27.75,314.157
"2025-05-12 06:00:00","2025-05-12 09:00:00","TMP","2 m above ground",82.25,27.75,313.457
"2025-05-12 06:00:00","2025-05-12 09:00:00","TMP","2 m above ground",82.5,27.75,312.557
"2025-05-12 06:00:00","2025-05-12 09:00:00","TMP","2 m above ground",82.75,27.75,312.057
"2025-05-12 06:00:00","2025-05-12 09:00:00","TMP","2 m above ground",83,27.75,310.557
"2025-05-12 06:00:00","2025-05-12 09:00:00","TMP","2 m above ground",83.25,27.75,308.457
"2025-05-12 06:00:00","2025-05-12 09:00:00","TMP","2 m above ground",83.5,27.75,307.057
"2025-05-12 06:00:00","2025-05-12 09:00:00","TMP","2 m above ground",83.75,27.75,306.557
"2025-05-12 06:00:00","2025-05-12 09:00:00","TMP","2 m above ground",84,27.75,308.157
"2025-05-12 06:00:00","2025-05-12 09:00:00","TMP","2 m above ground",84.25,27.75,308.857
"2025-05-12 06:00:00","2025-05-12 09:00:00","TMP","2 m above ground",84.5,27.75,308.957
"2025-05-12 06:00:00","2025-05-12 09:00:00","TMP","2 m above ground",84.75,27.75,306.357
"2025-05-12 06:00:00","2025-05-12 09:00:00","TMP","2 m above ground",85,27.75,299.557
"2025-05-12 06:00:00","2025-05-12 09:00:00","TMP","2 m above ground",85.25,27.75,297.357
"2025-05-12 06:00:00","2025-05-12 09:00:00","TMP","2 m above ground",85.5,27.75,298.957
"2025-05-12 06:00:00","2025-05-12 09:00:00","TMP","2 m above ground",85.75,27.75,299.257
"2025-05-12 06:00:00","2025-05-12 09:00:00","TMP","2 m above ground",86,27.75,292.757
"2025-05-12 06:00:00","2025-05-12 09:00:00","TMP","2 m above ground",86.25,27.75,290.057
"2025-05-12 06:00:00","2025-05-12 09:00:00","TMP","2 m above ground",86.5,27.75,279.957
"2025-05-12 06:00:00","2025-05-12 09:00:00","TMP","2 m above ground",86.75,27.75,276.557
"2025-05-12 06:00:00","2025-05-12 09:00:00","TMP","2 m above ground",87,27.75,273.857
"2025-05-12 06:00:00","2025-05-12 09:00:00","TMP","2 m above ground",87.25,27.75,281.857
"2025-05-12 06:00:00","2025-05-12 09:00:00","TMP","2 m above ground",87.5,27.75,281.057
"2025-05-12 06:00:00","2025-05-12 09:00:00","TMP","2 m above ground",87.75,27.75,275.457
"2025-05-12 06:00:00","2025-05-12 09:00:00","TMP","2 m above ground",88,27.75,271.457
"2025-05-12 06:00:00","2025-05-12 09:00:00","TMP","2 m above ground",88.25,27.75,272.857
"2025-05-12 06:00:00","2025-05-12 09:00:00","TMP","2 m above ground",88.5,27.75,278.357
"2025-05-12 06:00:00","2025-05-12 09:00:00","TMP","2 m above ground",88.75,27.75,278.257
"2025-05-12 06:00:00","2025-05-12 09:00:00","TMP","2 m above ground",89,27.75,277.857
"2025-05-12 06:00:00","2025-05-12 09:00:00","TMP","2 m above ground",82,28,312.657
"2025-05-12 06:00:00","2025-05-12 09:00:00","TMP","2 m above ground",82.25,28,308.357
"2025-05-12 06:00:00","2025-05-12 09:00:00","TMP","2 m above ground",82.5,28,305.157
"2025-05-12 06:00:00","2025-05-12 09:00:00","TMP","2 m above ground",82.75,28,305.757
"2025-05-12 06:00:00","2025-05-12 09:00:00","TMP","2 m above ground",83,28,301.657
"2025-05-12 06:00:00","2025-05-12 09:00:00","TMP","2 m above ground",83.25,28,299.657
"2025-05-12 06:00:00","2025-05-12 09:00:00","TMP","2 m above ground",83.5,28,298.657
"2025-05-12 06:00:00","2025-05-12 09:00:00","TMP","2 m above ground",83.75,28,301.257
"2025-05-12 06:00:00","2025-05-12 09:00:00","TMP","2 m above ground",84,28,306.057
"2025-05-12 06:00:00","2025-05-12 09:00:00","TMP","2 m above ground",84.25,28,308.557
"2025-05-12 06:00:00","2025-05-12 09:00:00","TMP","2 m above ground",84.5,28,308.157
"2025-05-12 06:00:00","2025-05-12 09:00:00","TMP","2 m above ground",84.75,28,306.357
"2025-05-12 06:00:00","2025-05-12 09:00:00","TMP","2 m above ground",85,28,303.157
"2025-05-12 06:00:00","2025-05-12 09:00:00","TMP","2 m above ground",85.25,28,298.757
"2025-05-12 06:00:00","2025-05-12 09:00:00","TMP","2 m above ground",85.5,28,289.557
"2025-05-12 06:00:00","2025-05-12 09:00:00","TMP","2 m above ground",85.75,28,284.457
"2025-05-12 06:00:00","2025-05-12 09:00:00","TMP","2 m above ground",86,28,280.557
"2025-05-12 06:00:00","2025-05-12 09:00:00","TMP","2 m above ground",86.25,28,278.957
"2025-05-12 06:00:00","2025-05-12 09:00:00","TMP","2 m above ground",86.5,28,272.957
"2025-05-12 06:00:00","2025-05-12 09:00:00","TMP","2 m above ground",86.75,28,270.657
"2025-05-12 06:00:00","2025-05-12 09:00:00","TMP","2 m above ground",87,28,268.457
"2025-05-12 06:00:00","2025-05-12 09:00:00","TMP","2 m above ground",87.25,28,276.057
"2025-05-12 06:00:00","2025-05-12 09:00:00","TMP","2 m above ground",87.5,28,278.357
"2025-05-12 06:00:00","2025-05-12 09:00:00","TMP","2 m above ground",87.75,28,273.957
"2025-05-12 06:00:00","2025-05-12 09:00:00","TMP","2 m above ground",88,28,272.257
"2025-05-12 06:00:00","2025-05-12 09:00:00","TMP","2 m above ground",88.25,28,276.357
"2025-05-12 06:00:00","2025-05-12 09:00:00","TMP","2 m above ground",88.5,28,276.257
"2025-05-12 06:00:00","2025-05-12 09:00:00","TMP","2 m above ground",88.75,28,272.957
"2025-05-12 06:00:00","2025-05-12 09:00:00","TMP","2 m above ground",89,28,277.157
"2025-05-12 06:00:00","2025-05-12 09:00:00","RH","2 m above ground",82,23,20.9
"2025-05-12 06:00:00","2025-05-12 09:00:00","RH","2 m above ground",82.25,23,20.6
"2025-05-12 06:00:00","2025-05-12 09:00:00","RH","2 m above ground",82.5,23,18.1
"2025-05-12 06:00:00","2025-05-12 09:00:00","RH","2 m above ground",82.75,23,19
"2025-05-12 06:00:00","2025-05-12 09:00:00","RH","2 m above ground",83,23,19
"2025-05-12 06:00:00","2025-05-12 09:00:00","RH","2 m above ground",83.25,23,20.6
"2025-05-12 06:00:00","2025-05-12 09:00:00","RH","2 m above ground",83.5,23,23.3
"2025-05-12 06:00:00","2025-05-12 09:00:00","RH","2 m above ground",83.75,23,24.3
"2025-05-12 06:00:00","2025-05-12 09:00:00","RH","2 m above ground",84,23,23.6
"2025-05-12 06:00:00","2025-05-12 09:00:00","RH","2 m above ground",84.25,23,22.2
"2025-05-12 06:00:00","2025-05-12 09:00:00","RH","2 m above ground",84.5,23,21.8
"2025-05-12 06:00:00","2025-05-12 09:00:00","RH","2 m above ground",84.75,23,28.2
"2025-05-12 06:00:00","2025-05-12 09:00:00","RH","2 m above ground",85,23,27.6
"2025-05-12 06:00:00","2025-05-12 09:00:00","RH","2 m above ground",85.25,23,22.9
"2025-05-12 06:00:00","2025-05-12 09:00:00","RH","2 m above ground",85.5,23,19.3
"2025-05-12 06:00:00","2025-05-12 09:00:00","RH","2 m above ground",85.75,23,21
"2025-05-12 06:00:00","2025-05-12 09:00:00","RH","2 m above ground",86,23,23
"2025-05-12 06:00:00","2025-05-12 09:00:00","RH","2 m above ground",86.25,23,21.3
"2025-05-12 06:00:00","2025-05-12 09:00:00","RH","2 m above ground",86.5,23,18.5
"2025-05-12 06:00:00","2025-05-12 09:00:00","RH","2 m above ground",86.75,23,18.6
"2025-05-12 06:00:00","2025-05-12 09:00:00","RH","2 m above ground",87,23,18.6
"2025-05-12 06:00:00","2025-05-12 09:00:00","RH","2 m above ground",87.25,23,18.3
"2025-05-12 06:00:00","2025-05-12 09:00:00","RH","2 m above ground",87.5,23,19.1
"2025-05-12 06:00:00","2025-05-12 09:00:00","RH","2 m above ground",87.75,23,19.1
"2025-05-12 06:00:00","2025-05-12 09:00:00","RH","2 m above ground",88,23,19.3
"2025-05-12 06:00:00","2025-05-12 09:00:00","RH","2 m above ground",88.25,23,19.6
"2025-05-12 06:00:00","2025-05-12 09:00:00","RH","2 m above ground",88.5,23,22.4
"2025-05-12 06:00:00","2025-05-12 09:00:00","RH","2 m above ground",88.75,23,24.9
"2025-05-12 06:00:00","2025-05-12 09:00:00","RH","2 m above ground",89,23,25.3
"2025-05-12 06:00:00","2025-05-12 09:00:00","RH","2 m above ground",82,23.25,19
"2025-05-12 06:00:00","2025-05-12 09:00:00","RH","2 m above ground",82.25,23.25,18.9
"2025-05-12 06:00:00","2025-05-12 09:00:00","RH","2 m above ground",82.5,23.25,19
"2025-05-12 06:00:00","2025-05-12 09:00:00","RH","2 m above ground",82.75,23.25,20.3
"2025-05-12 06:00:00","2025-05-12 09:00:00","RH","2 m above ground",83,23.25,19.7
"2025-05-12 06:00:00","2025-05-12 09:00:00","RH","2 m above ground",83.25,23.25,19.7
"2025-05-12 06:00:00","2025-05-12 09:00:00","RH","2 m above ground",83.5,23.25,23.8
"2025-05-12 06:00:00","2025-05-12 09:00:00","RH","2 m above ground",83.75,23.25,26.3
"2025-05-12 06:00:00","2025-05-12 09:00:00","RH","2 m above ground",84,23.25,23.5
"2025-05-12 06:00:00","2025-05-12 09:00:00","RH","2 m above ground",84.25,23.25,25.4
"2025-05-12 06:00:00","2025-05-12 09:00:00","RH","2 m above ground",84.5,23.25,25.1
"2025-05-12 06:00:00","2025-05-12 09:00:00","RH","2 m above ground",84.75,23.25,22.2
"2025-05-12 06:00:00","2025-05-12 09:00:00","RH","2 m above ground",85,23.25,23.9
"2025-05-12 06:00:00","2025-05-12 09:00:00","RH","2 m above ground",85.25,23.25,22.3
"2025-05-12 06:00:00","2025-05-12 09:00:00","RH","2 m above ground",85.5,23.25,21.9
"2025-05-12 06:00:00","2025-05-12 09:00:00","RH","2 m above ground",85.75,23.25,19.9
"2025-05-12 06:00:00","2025-05-12 09:00:00","RH","2 m above ground",86,23.25,21.2
"2025-05-12 06:00:00","2025-05-12 09:00:00","RH","2 m above ground",86.25,23.25,22.3
"2025-05-12 06:00:00","2025-05-12 09:00:00","RH","2 m above ground",86.5,23.25,20.8
"2025-05-12 06:00:00","2025-05-12 09:00:00","RH","2 m above ground",86.75,23.25,19.2
"2025-05-12 06:00:00","2025-05-12 09:00:00","RH","2 m above ground",87,23.25,19.1
"2025-05-12 06:00:00","2025-05-12 09:00:00","RH","2 m above ground",87.25,23.25,19.1
"2025-05-12 06:00:00","2025-05-12 09:00:00","RH","2 m above ground",87.5,23.25,19.4
"2025-05-12 06:00:00","2025-05-12 09:00:00","RH","2 m above ground",87.75,23.25,21.8
"2025-05-12 06:00:00","2025-05-12 09:00:00","RH","2 m above ground",88,23.25,21.1
"2025-05-12 06:00:00","2025-05-12 09:00:00","RH","2 m above ground",88.25,23.25,21.3
"2025-05-12 06:00:00","2025-05-12 09:00:00","RH","2 m above ground",88.5,23.25,23
"2025-05-12 06:00:00","2025-05-12 09:00:00","RH","2 m above ground",88.75,23.25,23.8
"2025-05-12 06:00:00","2025-05-12 09:00:00","RH","2 m above ground",89,23.25,25.2
"2025-05-12 06:00:00","2025-05-12 09:00:00","RH","2 m above ground",82,23.5,19.7
"2025-05-12 06:00:00","2025-05-12 09:00:00","RH","2 m above ground",82.25,23.5,20.7
"2025-05-12 06:00:00","2025-05-12 09:00:00","RH","2 m above ground",82.5,23.5,20.1
"2025-05-12 06:00:00","2025-05-12 09:00:00","RH","2 m above ground",82.75,23.5,22.2
"2025-05-12 06:00:00","2025-05-12 09:00:00","RH","2 m above ground",83,23.5,21.6
"2025-05-12 06:00:00","2025-05-12 09:00:00","RH","2 m above ground",83.25,23.5,19.5
"2025-05-12 06:00:00","2025-05-12 09:00:00","RH","2 m above ground",83.5,23.5,21.2
"2025-05-12 06:00:00","2025-05-12 09:00:00","RH","2 m above ground",83.75,23.5,24
"2025-05-12 06:00:00","2025-05-12 09:00:00","RH","2 m above ground",84,23.5,23.8
"2025-05-12 06:00:00","2025-05-12 09:00:00","RH","2 m above ground",84.25,23.5,21.8
"2025-05-12 06:00:00","2025-05-12 09:00:00","RH","2 m above ground",84.5,23.5,25.8
"2025-05-12 06:00:00","2025-05-12 09:00:00","RH","2 m above ground",84.75,23.5,24.9
"2025-05-12 06:00:00","2025-05-12 09:00:00","RH","2 m above ground",85,23.5,24.6
"2025-05-12 06:00:00","2025-05-12 09:00:00","RH","2 m above ground",85.25,23.5,22.9
"2025-05-12 06:00:00","2025-05-12 09:00:00","RH","2 m above ground",85.5,23.5,22.4
"2025-05-12 06:00:00","2025-05-12 09:00:00","RH","2 m above ground",85.75,23.5,20.2
"2025-05-12 06:00:00","2025-05-12 09:00:00","RH","2 m above ground",86,23.5,21.6
"2025-05-12 06:00:00","2025-05-12 09:00:00","RH","2 m above ground",86.25,23.5,22.1
"2025-05-12 06:00:00","2025-05-12 09:00:00","RH","2 m above ground",86.5,23.5,21.7
"2025-05-12 06:00:00","2025-05-12 09:00:00","RH","2 m above ground",86.75,23.5,20.3
"2025-05-12 06:00:00","2025-05-12 09:00:00","RH","2 m above ground",87,23.5,20.7
"2025-05-12 06:00:00","2025-05-12 09:00:00","RH","2 m above ground",87.25,23.5,20.4
"2025-05-12 06:00:00","2025-05-12 09:00:00","RH","2 m above ground",87.5,23.5,20.2
"2025-05-12 06:00:00","2025-05-12 09:00:00","RH","2 m above ground",87.75,23.5,23.4
"2025-05-12 06:00:00","2025-05-12 09:00:00","RH","2 m above ground",88,23.5,21.9
"2025-05-12 06:00:00","2025-05-12 09:00:00","RH","2 m above ground",88.25,23.5,22.1
"2025-05-12 06:00:00","2025-05-12 09:00:00","RH","2 m above ground",88.5,23.5,23.5
"2025-05-12 06:00:00","2025-05-12 09:00:00","RH","2 m above ground",88.75,23.5,23.4
"2025-05-12 06:00:00","2025-05-12 09:00:00","RH","2 m above ground",89,23.5,24.5
"2025-05-12 06:00:00","2025-05-12 09:00:00","RH","2 m above ground",82,23.75,18.5
"2025-05-12 06:00:00","2025-05-12 09:00:00","RH","2 m above ground",82.25,23.75,18.1
"2025-05-12 06:00:00","2025-05-12 09:00:00","RH","2 m above ground",82.5,23.75,19.3
"2025-05-12 06:00:00","2025-05-12 09:00:00","RH","2 m above ground",82.75,23.75,19
"2025-05-12 06:00:00","2025-05-12 09:00:00","RH","2 m above ground",83,23.75,18.4
"2025-05-12 06:00:00","2025-05-12 09:00:00","RH","2 m above ground",83.25,23.75,18.5
"2025-05-12 06:00:00","2025-05-12 09:00:00","RH","2 m above ground",83.5,23.75,18.6
"2025-05-12 06:00:00","2025-05-12 09:00:00","RH","2 m above ground",83.75,23.75,18.6
"2025-05-12 06:00:00","2025-05-12 09:00:00","RH","2 m above ground",84,23.75,20.2
"2025-05-12 06:00:00","2025-05-12 09:00:00","RH","2 m above ground",84.25,23.75,20.4
"2025-05-12 06:00:00","2025-05-12 09:00:00","RH","2 m above ground",84.5,23.75,20.2
"2025-05-12 06:00:00","2025-05-12 09:00:00","RH","2 m above ground",84.75,23.75,21.1
"2025-05-12 06:00:00","2025-05-12 09:00:00","RH","2 m above ground",85,23.75,20.4
"2025-05-12 06:00:00","2025-05-12 09:00:00","RH","2 m above ground",85.25,23.75,19.9
"2025-05-12 06:00:00","2025-05-12 09:00:00","RH","2 m above ground",85.5,23.75,21.3
"2025-05-12 06:00:00","2025-05-12 09:00:00","RH","2 m above ground",85.75,23.75,23.1
"2025-05-12 06:00:00","2025-05-12 09:00:00","RH","2 m above ground",86,23.75,22.4
"2025-05-12 06:00:00","2025-05-12 09:00:00","RH","2 m above ground",86.25,23.75,22.3
"2025-05-12 06:00:00","2025-05-12 09:00:00","RH","2 m above ground",86.5,23.75,20.5
"2025-05-12 06:00:00","2025-05-12 09:00:00","RH","2 m above ground",86.75,23.75,19.7
"2025-05-12 06:00:00","2025-05-12 09:00:00","RH","2 m above ground",87,23.75,20.7
"2025-05-12 06:00:00","2025-05-12 09:00:00","RH","2 m above ground",87.25,23.75,21.5
"2025-05-12 06:00:00","2025-05-12 09:00:00","RH","2 m above ground",87.5,23.75,20.3
"2025-05-12 06:00:00","2025-05-12 09:00:00","RH","2 m above ground",87.75,23.75,21.6
"2025-05-12 06:00:00","2025-05-12 09:00:00","RH","2 m above ground",88,23.75,22.9
"2025-05-12 06:00:00","2025-05-12 09:00:00","RH","2 m above ground",88.25,23.75,23
"2025-05-12 06:00:00","2025-05-12 09:00:00","RH","2 m above ground",88.5,23.75,23.1
"2025-05-12 06:00:00","2025-05-12 09:00:00","RH","2 m above ground",88.75,23.75,23.5
"2025-05-12 06:00:00","2025-05-12 09:00:00","RH","2 m above ground",89,23.75,24.3
"2025-05-12 06:00:00","2025-05-12 09:00:00","RH","2 m above ground",82,24,17
"2025-05-12 06:00:00","2025-05-12 09:00:00","RH","2 m above ground",82.25,24,16.6
"2025-05-12 06:00:00","2025-05-12 09:00:00","RH","2 m above ground",82.5,24,17.9
"2025-05-12 06:00:00","2025-05-12 09:00:00","RH","2 m above ground",82.75,24,20.8
"2025-05-12 06:00:00","2025-05-12 09:00:00","RH","2 m above ground",83,24,21.2
"2025-05-12 06:00:00","2025-05-12 09:00:00","RH","2 m above ground",83.25,24,17.5
"2025-05-12 06:00:00","2025-05-12 09:00:00","RH","2 m above ground",83.5,24,18
"2025-05-12 06:00:00","2025-05-12 09:00:00","RH","2 m above ground",83.75,24,18.1
"2025-05-12 06:00:00","2025-05-12 09:00:00","RH","2 m above ground",84,24,17.8
"2025-05-12 06:00:00","2025-05-12 09:00:00","RH","2 m above ground",84.25,24,18.1
"2025-05-12 06:00:00","2025-05-12 09:00:00","RH","2 m above ground",84.5,24,18.5
"2025-05-12 06:00:00","2025-05-12 09:00:00","RH","2 m above ground",84.75,24,19.2
"2025-05-12 06:00:00","2025-05-12 09:00:00","RH","2 m above ground",85,24,20.8
"2025-05-12 06:00:00","2025-05-12 09:00:00","RH","2 m above ground",85.25,24,22.9
"2025-05-12 06:00:00","2025-05-12 09:00:00","RH","2 m above ground",85.5,24,23
"2025-05-12 06:00:00","2025-05-12 09:00:00","RH","2 m above ground",85.75,24,22.9
"2025-05-12 06:00:00","2025-05-12 09:00:00","RH","2 m above ground",86,24,22.3
"2025-05-12 06:00:00","2025-05-12 09:00:00","RH","2 m above ground",86.25,24,21.9
"2025-05-12 06:00:00","2025-05-12 09:00:00","RH","2 m above ground",86.5,24,20.1
"2025-05-12 06:00:00","2025-05-12 09:00:00","RH","2 m above ground",86.75,24,20.7
"2025-05-12 06:00:00","2025-05-12 09:00:00","RH","2 m above ground",87,24,21.2
"2025-05-12 06:00:00","2025-05-12 09:00:00","RH","2 m above ground",87.25,24,21.2
"2025-05-12 06:00:00","2025-05-12 09:00:00","RH","2 m above ground",87.5,24,23.3
"2025-05-12 06:00:00","2025-05-12 09:00:00","RH","2 m above ground",87.75,24,24.1
"2025-05-12 06:00:00","2025-05-12 09:00:00","RH","2 m above ground",88,24,25.1
"2025-05-12 06:00:00","2025-05-12 09:00:00","RH","2 m above ground",88.25,24,26
"2025-05-12 06:00:00","2025-05-12 09:00:00","RH","2 m above ground",88.5,24,24.3
"2025-05-12 06:00:00","2025-05-12 09:00:00","RH","2 m above ground",88.75,24,23.7
"2025-05-12 06:00:00","2025-05-12 09:00:00","RH","2 m above ground",89,24,25.6
"2025-05-12 06:00:00","2025-05-12 09:00:00","RH","2 m above ground",82,24.25,15.9
"2025-05-12 06:00:00","2025-05-12 09:00:00","RH","2 m above ground",82.25,24.25,16.1
"2025-05-12 06:00:00","2025-05-12 09:00:00","RH","2 m above ground",82.5,24.25,16.8
"2025-05-12 06:00:00","2025-05-12 09:00:00","RH","2 m above ground",82.75,24.25,19.2
"2025-05-12 06:00:00","2025-05-12 09:00:00","RH","2 m above ground",83,24.25,18.8
"2025-05-12 06:00:00","2025-05-12 09:00:00","RH","2 m above ground",83.25,24.25,16.5
"2025-05-12 06:00:00","2025-05-12 09:00:00","RH","2 m above ground",83.5,24.25,17
"2025-05-12 06:00:00","2025-05-12 09:00:00","RH","2 m above ground",83.75,24.25,17.7
"2025-05-12 06:00:00","2025-05-12 09:00:00","RH","2 m above ground",84,24.25,18.1
"2025-05-12 06:00:00","2025-05-12 09:00:00","RH","2 m above ground",84.25,24.25,19.3
"2025-05-12 06:00:00","2025-05-12 09:00:00","RH","2 m above ground",84.5,24.25,19.3
"2025-05-12 06:00:00","2025-05-12 09:00:00","RH","2 m above ground",84.75,24.25,19.1
"2025-05-12 06:00:00","2025-05-12 09:00:00","RH","2 m above ground",85,24.25,20.3
"2025-05-12 06:00:00","2025-05-12 09:00:00","RH","2 m above ground",85.25,24.25,20.7
"2025-05-12 06:00:00","2025-05-12 09:00:00","RH","2 m above ground",85.5,24.25,21.7
"2025-05-12 06:00:00","2025-05-12 09:00:00","RH","2 m above ground",85.75,24.25,21.3
"2025-05-12 06:00:00","2025-05-12 09:00:00","RH","2 m above ground",86,24.25,21
"2025-05-12 06:00:00","2025-05-12 09:00:00","RH","2 m above ground",86.25,24.25,20.8
"2025-05-12 06:00:00","2025-05-12 09:00:00","RH","2 m above ground",86.5,24.25,21.1
"2025-05-12 06:00:00","2025-05-12 09:00:00","RH","2 m above ground",86.75,24.25,22.4
"2025-05-12 06:00:00","2025-05-12 09:00:00","RH","2 m above ground",87,24.25,21.9
"2025-05-12 06:00:00","2025-05-12 09:00:00","RH","2 m above ground",87.25,24.25,21.3
"2025-05-12 06:00:00","2025-05-12 09:00:00","RH","2 m above ground",87.5,24.25,21.7
"2025-05-12 06:00:00","2025-05-12 09:00:00","RH","2 m above ground",87.75,24.25,21.3
"2025-05-12 06:00:00","2025-05-12 09:00:00","RH","2 m above ground",88,24.25,22.7
"2025-05-12 06:00:00","2025-05-12 09:00:00","RH","2 m above ground",88.25,24.25,23.8
"2025-05-12 06:00:00","2025-05-12 09:00:00","RH","2 m above ground",88.5,24.25,24.2
"2025-05-12 06:00:00","2025-05-12 09:00:00","RH","2 m above ground",88.75,24.25,24.4
"2025-05-12 06:00:00","2025-05-12 09:00:00","RH","2 m above ground",89,24.25,25.4
"2025-05-12 06:00:00","2025-05-12 09:00:00","RH","2 m above ground",82,24.5,16.5
"2025-05-12 06:00:00","2025-05-12 09:00:00","RH","2 m above ground",82.25,24.5,16.3
"2025-05-12 06:00:00","2025-05-12 09:00:00","RH","2 m above ground",82.5,24.5,17
"2025-05-12 06:00:00","2025-05-12 09:00:00","RH","2 m above ground",82.75,24.5,16.8
"2025-05-12 06:00:00","2025-05-12 09:00:00","RH","2 m above ground",83,24.5,16.6
"2025-05-12 06:00:00","2025-05-12 09:00:00","RH","2 m above ground",83.25,24.5,16.6
"2025-05-12 06:00:00","2025-05-12 09:00:00","RH","2 m above ground",83.5,24.5,16.5
"2025-05-12 06:00:00","2025-05-12 09:00:00","RH","2 m above ground",83.75,24.5,16.7
"2025-05-12 06:00:00","2025-05-12 09:00:00","RH","2 m above ground",84,24.5,17.7
"2025-05-12 06:00:00","2025-05-12 09:00:00","RH","2 m above ground",84.25,24.5,20.5
"2025-05-12 06:00:00","2025-05-12 09:00:00","RH","2 m above ground",84.5,24.5,22.5
"2025-05-12 06:00:00","2025-05-12 09:00:00","RH","2 m above ground",84.75,24.5,20.2
"2025-05-12 06:00:00","2025-05-12 09:00:00","RH","2 m above ground",85,24.5,19.1
"2025-05-12 06:00:00","2025-05-12 09:00:00","RH","2 m above ground",85.25,24.5,19.6
"2025-05-12 06:00:00","2025-05-12 09:00:00","RH","2 m above ground",85.5,24.5,20.5
"2025-05-12 06:00:00","2025-05-12 09:00:00","RH","2 m above ground",85.75,24.5,20.7
"2025-05-12 06:00:00","2025-05-12 09:00:00","RH","2 m above ground",86,24.5,22.2
"2025-05-12 06:00:00","2025-05-12 09:00:00","RH","2 m above ground",86.25,24.5,24.9
"2025-05-12 06:00:00","2025-05-12 09:00:00","RH","2 m above ground",86.5,24.5,25.8
"2025-05-12 06:00:00","2025-05-12 09:00:00","RH","2 m above ground",86.75,24.5,25.3
"2025-05-12 06:00:00","2025-05-12 09:00:00","RH","2 m above ground",87,24.5,22.3
"2025-05-12 06:00:00","2025-05-12 09:00:00","RH","2 m above ground",87.25,24.5,22
"2025-05-12 06:00:00","2025-05-12 09:00:00","RH","2 m above ground",87.5,24.5,21.7
"2025-05-12 06:00:00","2025-05-12 09:00:00","RH","2 m above ground",87.75,24.5,21
"2025-05-12 06:00:00","2025-05-12 09:00:00","RH","2 m above ground",88,24.5,21.3
"2025-05-12 06:00:00","2025-05-12 09:00:00","RH","2 m above ground",88.25,24.5,21.9
"2025-05-12 06:00:00","2025-05-12 09:00:00","RH","2 m above ground",88.5,24.5,23.6
"2025-05-12 06:00:00","2025-05-12 09:00:00","RH","2 m above ground",88.75,24.5,24.9
"2025-05-12 06:00:00","2025-05-12 09:00:00","RH","2 m above ground",89,24.5,25.5
"2025-05-12 06:00:00","2025-05-12 09:00:00","RH","2 m above ground",82,24.75,17
"2025-05-12 06:00:00","2025-05-12 09:00:00","RH","2 m above ground",82.25,24.75,16.9
"2025-05-12 06:00:00","2025-05-12 09:00:00","RH","2 m above ground",82.5,24.75,17
"2025-05-12 06:00:00","2025-05-12 09:00:00","RH","2 m above ground",82.75,24.75,17.2
"2025-05-12 06:00:00","2025-05-12 09:00:00","RH","2 m above ground",83,24.75,17.4
"2025-05-12 06:00:00","2025-05-12 09:00:00","RH","2 m above ground",83.25,24.75,17.5
"2025-05-12 06:00:00","2025-05-12 09:00:00","RH","2 m above ground",83.5,24.75,17.5
"2025-05-12 06:00:00","2025-05-12 09:00:00","RH","2 m above ground",83.75,24.75,17.2
"2025-05-12 06:00:00","2025-05-12 09:00:00","RH","2 m above ground",84,24.75,17.3
"2025-05-12 06:00:00","2025-05-12 09:00:00","RH","2 m above ground",84.25,24.75,18.8
"2025-05-12 06:00:00","2025-05-12 09:00:00","RH","2 m above ground",84.5,24.75,21
"2025-05-12 06:00:00","2025-05-12 09:00:00","RH","2 m above ground",84.75,24.75,20.4
"2025-05-12 06:00:00","2025-05-12 09:00:00","RH","2 m above ground",85,24.75,19.5
"2025-05-12 06:00:00","2025-05-12 09:00:00","RH","2 m above ground",85.25,24.75,19
"2025-05-12 06:00:00","2025-05-12 09:00:00","RH","2 m above ground",85.5,24.75,19.3
"2025-05-12 06:00:00","2025-05-12 09:00:00","RH","2 m above ground",85.75,24.75,21.3
"2025-05-12 06:00:00","2025-05-12 09:00:00","RH","2 m above ground",86,24.75,28.4
"2025-05-12 06:00:00","2025-05-12 09:00:00","RH","2 m above ground",86.25,24.75,29
"2025-05-12 06:00:00","2025-05-12 09:00:00","RH","2 m above ground",86.5,24.75,26.8
"2025-05-12 06:00:00","2025-05-12 09:00:00","RH","2 m above ground",86.75,24.75,23.6
"2025-05-12 06:00:00","2025-05-12 09:00:00","RH","2 m above ground",87,24.75,22
"2025-05-12 06:00:00","2025-05-12 09:00:00","RH","2 m above ground",87.25,24.75,21.7
"2025-05-12 06:00:00","2025-05-12 09:00:00","RH","2 m above ground",87.5,24.75,21.9
"2025-05-12 06:00:00","2025-05-12 09:00:00","RH","2 m above ground",87.75,24.75,21.4
"2025-05-12 06:00:00","2025-05-12 09:00:00","RH","2 m above ground",88,24.75,22.1
"2025-05-12 06:00:00","2025-05-12 09:00:00","RH","2 m above ground",88.25,24.75,24
"2025-05-12 06:00:00","2025-05-12 09:00:00","RH","2 m above ground",88.5,24.75,24.4
"2025-05-12 06:00:00","2025-05-12 09:00:00","RH","2 m above ground",88.75,24.75,25.7
"2025-05-12 06:00:00","2025-05-12 09:00:00","RH","2 m above ground",89,24.75,26.9
"2025-05-12 06:00:00","2025-05-12 09:00:00","RH","2 m above ground",82,25,16
"2025-05-12 06:00:00","2025-05-12 09:00:00","RH","2 m above ground",82.25,25,16.2
"2025-05-12 06:00:00","2025-05-12 09:00:00","RH","2 m above ground",82.5,25,16.8
"2025-05-12 06:00:00","2025-05-12 09:00:00","RH","2 m above ground",82.75,25,17.4
"2025-05-12 06:00:00","2025-05-12 09:00:00","RH","2 m above ground",83,25,17.4
"2025-05-12 06:00:00","2025-05-12 09:00:00","RH","2 m above ground",83.25,25,17.3
"2025-05-12 06:00:00","2025-05-12 09:00:00","RH","2 m above ground",83.5,25,17.3
"2025-05-12 06:00:00","2025-05-12 09:00:00","RH","2 m above ground",83.75,25,16.9
"2025-05-12 06:00:00","2025-05-12 09:00:00","RH","2 m above ground",84,25,17
"2025-05-12 06:00:00","2025-05-12 09:00:00","RH","2 m above ground",84.25,25,17.9
"2025-05-12 06:00:00","2025-05-12 09:00:00","RH","2 m above ground",84.5,25,18.8
"2025-05-12 06:00:00","2025-05-12 09:00:00","RH","2 m above ground",84.75,25,18.8
"2025-05-12 06:00:00","2025-05-12 09:00:00","RH","2 m above ground",85,25,19.1
"2025-05-12 06:00:00","2025-05-12 09:00:00","RH","2 m above ground",85.25,25,19.5
"2025-05-12 06:00:00","2025-05-12 09:00:00","RH","2 m above ground",85.5,25,20.8
"2025-05-12 06:00:00","2025-05-12 09:00:00","RH","2 m above ground",85.75,25,24
"2025-05-12 06:00:00","2025-05-12 09:00:00","RH","2 m above ground",86,25,26.2
"2025-05-12 06:00:00","2025-05-12 09:00:00","RH","2 m above ground",86.25,25,26
"2025-05-12 06:00:00","2025-05-12 09:00:00","RH","2 m above ground",86.5,25,24
"2025-05-12 06:00:00","2025-05-12 09:00:00","RH","2 m above ground",86.75,25,22.8
"2025-05-12 06:00:00","2025-05-12 09:00:00","RH","2 m above ground",87,25,23.3
"2025-05-12 06:00:00","2025-05-12 09:00:00","RH","2 m above ground",87.25,25,23.4
"2025-05-12 06:00:00","2025-05-12 09:00:00","RH","2 m above ground",87.5,25,23.4
"2025-05-12 06:00:00","2025-05-12 09:00:00","RH","2 m above ground",87.75,25,22.4
"2025-05-12 06:00:00","2025-05-12 09:00:00","RH","2 m above ground",88,25,23.8
"2025-05-12 06:00:00","2025-05-12 09:00:00","RH","2 m above ground",88.25,25,24.5
"2025-05-12 06:00:00","2025-05-12 09:00:00","RH","2 m above ground",88.5,25,27.8
"2025-05-12 06:00:00","2025-05-12 09:00:00","RH","2 m above ground",88.75,25,27.6
"2025-05-12 06:00:00","2025-05-12 09:00:00","RH","2 m above ground",89,25,29
"2025-05-12 06:00:00","2025-05-12 09:00:00","RH","2 m above ground",82,25.25,16
"2025-05-12 06:00:00","2025-05-12 09:00:00","RH","2 m above ground",82.25,25.25,16.4
"2025-05-12 06:00:00","2025-05-12 09:00:00","RH","2 m above ground",82.5,25.25,17.1
"2025-05-12 06:00:00","2025-05-12 09:00:00","RH","2 m above ground",82.75,25.25,17.4
"2025-05-12 06:00:00","2025-05-12 09:00:00","RH","2 m above ground",83,25.25,17.5
"2025-05-12 06:00:00","2025-05-12 09:00:00","RH","2 m above ground",83.25,25.25,18
"2025-05-12 06:00:00","2025-05-12 09:00:00","RH","2 m above ground",83.5,25.25,18.4
"2025-05-12 06:00:00","2025-05-12 09:00:00","RH","2 m above ground",83.75,25.25,18.3
"2025-05-12 06:00:00","2025-05-12 09:00:00","RH","2 m above ground",84,25.25,17.9
"2025-05-12 06:00:00","2025-05-12 09:00:00","RH","2 m above ground",84.25,25.25,17.5
"2025-05-12 06:00:00","2025-05-12 09:00:00","RH","2 m above ground",84.5,25.25,18.9
"2025-05-12 06:00:00","2025-05-12 09:00:00","RH","2 m above ground",84.75,25.25,20.1
"2025-05-12 06:00:00","2025-05-12 09:00:00","RH","2 m above ground",85,25.25,22.3
"2025-05-12 06:00:00","2025-05-12 09:00:00","RH","2 m above ground",85.25,25.25,25.2
"2025-05-12 06:00:00","2025-05-12 09:00:00","RH","2 m above ground",85.5,25.25,26
"2025-05-12 06:00:00","2025-05-12 09:00:00","RH","2 m above ground",85.75,25.25,26.4
"2025-05-12 06:00:00","2025-05-12 09:00:00","RH","2 m above ground",86,25.25,25
"2025-05-12 06:00:00","2025-05-12 09:00:00","RH","2 m above ground",86.25,25.25,24.1
"2025-05-12 06:00:00","2025-05-12 09:00:00","RH","2 m above ground",86.5,25.25,23.7
"2025-05-12 06:00:00","2025-05-12 09:00:00","RH","2 m above ground",86.75,25.25,23.4
"2025-05-12 06:00:00","2025-05-12 09:00:00","RH","2 m above ground",87,25.25,23.9
"2025-05-12 06:00:00","2025-05-12 09:00:00","RH","2 m above ground",87.25,25.25,24.1
"2025-05-12 06:00:00","2025-05-12 09:00:00","RH","2 m above ground",87.5,25.25,24.3
"2025-05-12 06:00:00","2025-05-12 09:00:00","RH","2 m above ground",87.75,25.25,23.4
"2025-05-12 06:00:00","2025-05-12 09:00:00","RH","2 m above ground",88,25.25,23.8
"2025-05-12 06:00:00","2025-05-12 09:00:00","RH","2 m above ground",88.25,25.25,26.5
"2025-05-12 06:00:00","2025-05-12 09:00:00","RH","2 m above ground",88.5,25.25,27.7
"2025-05-12 06:00:00","2025-05-12 09:00:00","RH","2 m above ground",88.75,25.25,27.7
"2025-05-12 06:00:00","2025-05-12 09:00:00","RH","2 m above ground",89,25.25,29.1
"2025-05-12 06:00:00","2025-05-12 09:00:00","RH","2 m above ground",82,25.5,16.5
"2025-05-12 06:00:00","2025-05-12 09:00:00","RH","2 m above ground",82.25,25.5,17.2
"2025-05-12 06:00:00","2025-05-12 09:00:00","RH","2 m above ground",82.5,25.5,17.6
"2025-05-12 06:00:00","2025-05-12 09:00:00","RH","2 m above ground",82.75,25.5,17.7
"2025-05-12 06:00:00","2025-05-12 09:00:00","RH","2 m above ground",83,25.5,17.7
"2025-05-12 06:00:00","2025-05-12 09:00:00","RH","2 m above ground",83.25,25.5,18.3
"2025-05-12 06:00:00","2025-05-12 09:00:00","RH","2 m above ground",83.5,25.5,19.3
"2025-05-12 06:00:00","2025-05-12 09:00:00","RH","2 m above ground",83.75,25.5,19.3
"2025-05-12 06:00:00","2025-05-12 09:00:00","RH","2 m above ground",84,25.5,18.6
"2025-05-12 06:00:00","2025-05-12 09:00:00","RH","2 m above ground",84.25,25.5,17.9
"2025-05-12 06:00:00","2025-05-12 09:00:00","RH","2 m above ground",84.5,25.5,17.9
"2025-05-12 06:00:00","2025-05-12 09:00:00","RH","2 m above ground",84.75,25.5,20.4
"2025-05-12 06:00:00","2025-05-12 09:00:00","RH","2 m above ground",85,25.5,22.5
"2025-05-12 06:00:00","2025-05-12 09:00:00","RH","2 m above ground",85.25,25.5,23.4
"2025-05-12 06:00:00","2025-05-12 09:00:00","RH","2 m above ground",85.5,25.5,23.7
"2025-05-12 06:00:00","2025-05-12 09:00:00","RH","2 m above ground",85.75,25.5,22.5
"2025-05-12 06:00:00","2025-05-12 09:00:00","RH","2 m above ground",86,25.5,23.6
"2025-05-12 06:00:00","2025-05-12 09:00:00","RH","2 m above ground",86.25,25.5,24.2
"2025-05-12 06:00:00","2025-05-12 09:00:00","RH","2 m above ground",86.5,25.5,24
"2025-05-12 06:00:00","2025-05-12 09:00:00","RH","2 m above ground",86.75,25.5,24.4
"2025-05-12 06:00:00","2025-05-12 09:00:00","RH","2 m above ground",87,25.5,23.9
"2025-05-12 06:00:00","2025-05-12 09:00:00","RH","2 m above ground",87.25,25.5,23.8
"2025-05-12 06:00:00","2025-05-12 09:00:00","RH","2 m above ground",87.5,25.5,23.7
"2025-05-12 06:00:00","2025-05-12 09:00:00","RH","2 m above ground",87.75,25.5,23.7
"2025-05-12 06:00:00","2025-05-12 09:00:00","RH","2 m above ground",88,25.5,25.6
"2025-05-12 06:00:00","2025-05-12 09:00:00","RH","2 m above ground",88.25,25.5,29.8
"2025-05-12 06:00:00","2025-05-12 09:00:00","RH","2 m above ground",88.5,25.5,30.6
"2025-05-12 06:00:00","2025-05-12 09:00:00","RH","2 m above ground",88.75,25.5,31.1
"2025-05-12 06:00:00","2025-05-12 09:00:00","RH","2 m above ground",89,25.5,32.8
"2025-05-12 06:00:00","2025-05-12 09:00:00","RH","2 m above ground",82,25.75,17.4
"2025-05-12 06:00:00","2025-05-12 09:00:00","RH","2 m above ground",82.25,25.75,17.7
"2025-05-12 06:00:00","2025-05-12 09:00:00","RH","2 m above ground",82.5,25.75,18.3
"2025-05-12 06:00:00","2025-05-12 09:00:00","RH","2 m above ground",82.75,25.75,18.7
"2025-05-12 06:00:00","2025-05-12 09:00:00","RH","2 m above ground",83,25.75,18.5
"2025-05-12 06:00:00","2025-05-12 09:00:00","RH","2 m above ground",83.25,25.75,18.4
"2025-05-12 06:00:00","2025-05-12 09:00:00","RH","2 m above ground",83.5,25.75,19.2
"2025-05-12 06:00:00","2025-05-12 09:00:00","RH","2 m above ground",83.75,25.75,19.4
"2025-05-12 06:00:00","2025-05-12 09:00:00","RH","2 m above ground",84,25.75,19.3
"2025-05-12 06:00:00","2025-05-12 09:00:00","RH","2 m above ground",84.25,25.75,18.7
"2025-05-12 06:00:00","2025-05-12 09:00:00","RH","2 m above ground",84.5,25.75,18.5
"2025-05-12 06:00:00","2025-05-12 09:00:00","RH","2 m above ground",84.75,25.75,22
"2025-05-12 06:00:00","2025-05-12 09:00:00","RH","2 m above ground",85,25.75,23.7
"2025-05-12 06:00:00","2025-05-12 09:00:00","RH","2 m above ground",85.25,25.75,22.5
"2025-05-12 06:00:00","2025-05-12 09:00:00","RH","2 m above ground",85.5,25.75,21.4
"2025-05-12 06:00:00","2025-05-12 09:00:00","RH","2 m above ground",85.75,25.75,21.4
"2025-05-12 06:00:00","2025-05-12 09:00:00","RH","2 m above ground",86,25.75,23
"2025-05-12 06:00:00","2025-05-12 09:00:00","RH","2 m above ground",86.25,25.75,23.6
"2025-05-12 06:00:00","2025-05-12 09:00:00","RH","2 m above ground",86.5,25.75,25.1
"2025-05-12 06:00:00","2025-05-12 09:00:00","RH","2 m above ground",86.75,25.75,26.4
"2025-05-12 06:00:00","2025-05-12 09:00:00","RH","2 m above ground",87,25.75,26.8
"2025-05-12 06:00:00","2025-05-12 09:00:00","RH","2 m above ground",87.25,25.75,26.8
"2025-05-12 06:00:00","2025-05-12 09:00:00","RH","2 m above ground",87.5,25.75,26.6
"2025-05-12 06:00:00","2025-05-12 09:00:00","RH","2 m above ground",87.75,25.75,27.9
"2025-05-12 06:00:00","2025-05-12 09:00:00","RH","2 m above ground",88,25.75,30.4
"2025-05-12 06:00:00","2025-05-12 09:00:00","RH","2 m above ground",88.25,25.75,32.8
"2025-05-12 06:00:00","2025-05-12 09:00:00","RH","2 m above ground",88.5,25.75,34.6
"2025-05-12 06:00:00","2025-05-12 09:00:00","RH","2 m above ground",88.75,25.75,35.6
"2025-05-12 06:00:00","2025-05-12 09:00:00","RH","2 m above ground",89,25.75,36.9
"2025-05-12 06:00:00","2025-05-12 09:00:00","RH","2 m above ground",82,26,17.6
"2025-05-12 06:00:00","2025-05-12 09:00:00","RH","2 m above ground",82.25,26,18.1
"2025-05-12 06:00:00","2025-05-12 09:00:00","RH","2 m above ground",82.5,26,19.2
"2025-05-12 06:00:00","2025-05-12 09:00:00","RH","2 m above ground",82.75,26,19.8
"2025-05-12 06:00:00","2025-05-12 09:00:00","RH","2 m above ground",83,26,19.9
"2025-05-12 06:00:00","2025-05-12 09:00:00","RH","2 m above ground",83.25,26,19.9
"2025-05-12 06:00:00","2025-05-12 09:00:00","RH","2 m above ground",83.5,26,20.1
"2025-05-12 06:00:00","2025-05-12 09:00:00","RH","2 m above ground",83.75,26,19.9
"2025-05-12 06:00:00","2025-05-12 09:00:00","RH","2 m above ground",84,26,19.7
"2025-05-12 06:00:00","2025-05-12 09:00:00","RH","2 m above ground",84.25,26,20.1
"2025-05-12 06:00:00","2025-05-12 09:00:00","RH","2 m above ground",84.5,26,20.5
"2025-05-12 06:00:00","2025-05-12 09:00:00","RH","2 m above ground",84.75,26,22.5
"2025-05-12 06:00:00","2025-05-12 09:00:00","RH","2 m above ground",85,26,22.4
"2025-05-12 06:00:00","2025-05-12 09:00:00","RH","2 m above ground",85.25,26,21.8
"2025-05-12 06:00:00","2025-05-12 09:00:00","RH","2 m above ground",85.5,26,21.4
"2025-05-12 06:00:00","2025-05-12 09:00:00","RH","2 m above ground",85.75,26,22.2
"2025-05-12 06:00:00","2025-05-12 09:00:00","RH","2 m above ground",86,26,24.8
"2025-05-12 06:00:00","2025-05-12 09:00:00","RH","2 m above ground",86.25,26,24.9
"2025-05-12 06:00:00","2025-05-12 09:00:00","RH","2 m above ground",86.5,26,25.2
"2025-05-12 06:00:00","2025-05-12 09:00:00","RH","2 m above ground",86.75,26,27.3
"2025-05-12 06:00:00","2025-05-12 09:00:00","RH","2 m above ground",87,26,29.1
"2025-05-12 06:00:00","2025-05-12 09:00:00","RH","2 m above ground",87.25,26,30.7
"2025-05-12 06:00:00","2025-05-12 09:00:00","RH","2 m above ground",87.5,26,31.9
"2025-05-12 06:00:00","2025-05-12 09:00:00","RH","2 m above ground",87.75,26,33.7
"2025-05-12 06:00:00","2025-05-12 09:00:00","RH","2 m above ground",88,26,35.9
"2025-05-12 06:00:00","2025-05-12 09:00:00","RH","2 m above ground",88.25,26,36.1
"2025-05-12 06:00:00","2025-05-12 09:00:00","RH","2 m above ground",88.5,26,38.8
"2025-05-12 06:00:00","2025-05-12 09:00:00","RH","2 m above ground",88.75,26,43.7
"2025-05-12 06:00:00","2025-05-12 09:00:00","RH","2 m above ground",89,26,43
"2025-05-12 06:00:00","2025-05-12 09:00:00","RH","2 m above ground",82,26.25,18.3
"2025-05-12 06:00:00","2025-05-12 09:00:00","RH","2 m above ground",82.25,26.25,19.2
"2025-05-12 06:00:00","2025-05-12 09:00:00","RH","2 m above ground",82.5,26.25,20.4
"2025-05-12 06:00:00","2025-05-12 09:00:00","RH","2 m above ground",82.75,26.25,21
"2025-05-12 06:00:00","2025-05-12 09:00:00","RH","2 m above ground",83,26.25,21.5
"2025-05-12 06:00:00","2025-05-12 09:00:00","RH","2 m above ground",83.25,26.25,21.8
"2025-05-12 06:00:00","2025-05-12 09:00:00","RH","2 m above ground",83.5,26.25,21.3
"2025-05-12 06:00:00","2025-05-12 09:00:00","RH","2 m above ground",83.75,26.25,20.6
"2025-05-12 06:00:00","2025-05-12 09:00:00","RH","2 m above ground",84,26.25,20.5
"2025-05-12 06:00:00","2025-05-12 09:00:00","RH","2 m above ground",84.25,26.25,20.5
"2025-05-12 06:00:00","2025-05-12 09:00:00","RH","2 m above ground",84.5,26.25,20.8
"2025-05-12 06:00:00","2025-05-12 09:00:00","RH","2 m above ground",84.75,26.25,22.1
"2025-05-12 06:00:00","2025-05-12 09:00:00","RH","2 m above ground",85,26.25,21.4
"2025-05-12 06:00:00","2025-05-12 09:00:00","RH","2 m above ground",85.25,26.25,21
"2025-05-12 06:00:00","2025-05-12 09:00:00","RH","2 m above ground",85.5,26.25,22.2
"2025-05-12 06:00:00","2025-05-12 09:00:00","RH","2 m above ground",85.75,26.25,24.9
"2025-05-12 06:00:00","2025-05-12 09:00:00","RH","2 m above ground",86,26.25,26.9
"2025-05-12 06:00:00","2025-05-12 09:00:00","RH","2 m above ground",86.25,26.25,27.1
"2025-05-12 06:00:00","2025-05-12 09:00:00","RH","2 m above ground",86.5,26.25,27.7
"2025-05-12 06:00:00","2025-05-12 09:00:00","RH","2 m above ground",86.75,26.25,29.8
"2025-05-12 06:00:00","2025-05-12 09:00:00","RH","2 m above ground",87,26.25,32.4
"2025-05-12 06:00:00","2025-05-12 09:00:00","RH","2 m above ground",87.25,26.25,34.6
"2025-05-12 06:00:00","2025-05-12 09:00:00","RH","2 m above ground",87.5,26.25,37
"2025-05-12 06:00:00","2025-05-12 09:00:00","RH","2 m above ground",87.75,26.25,40.3
"2025-05-12 06:00:00","2025-05-12 09:00:00","RH","2 m above ground",88,26.25,43.6
"2025-05-12 06:00:00","2025-05-12 09:00:00","RH","2 m above ground",88.25,26.25,43.9
"2025-05-12 06:00:00","2025-05-12 09:00:00","RH","2 m above ground",88.5,26.25,45.9
"2025-05-12 06:00:00","2025-05-12 09:00:00","RH","2 m above ground",88.75,26.25,46.3
"2025-05-12 06:00:00","2025-05-12 09:00:00","RH","2 m above ground",89,26.25,47.8
"2025-05-12 06:00:00","2025-05-12 09:00:00","RH","2 m above ground",82,26.5,19
"2025-05-12 06:00:00","2025-05-12 09:00:00","RH","2 m above ground",82.25,26.5,19.9
"2025-05-12 06:00:00","2025-05-12 09:00:00","RH","2 m above ground",82.5,26.5,21.3
"2025-05-12 06:00:00","2025-05-12 09:00:00","RH","2 m above ground",82.75,26.5,22.2
"2025-05-12 06:00:00","2025-05-12 09:00:00","RH","2 m above ground",83,26.5,22.9
"2025-05-12 06:00:00","2025-05-12 09:00:00","RH","2 m above ground",83.25,26.5,22.7
"2025-05-12 06:00:00","2025-05-12 09:00:00","RH","2 m above ground",83.5,26.5,21.9
"2025-05-12 06:00:00","2025-05-12 09:00:00","RH","2 m above ground",83.75,26.5,21.7
"2025-05-12 06:00:00","2025-05-12 09:00:00","RH","2 m above ground",84,26.5,21.7
"2025-05-12 06:00:00","2025-05-12 09:00:00","RH","2 m above ground",84.25,26.5,22.2
"2025-05-12 06:00:00","2025-05-12 09:00:00","RH","2 m above ground",84.5,26.5,22.7
"2025-05-12 06:00:00","2025-05-12 09:00:00","RH","2 m above ground",84.75,26.5,22.8
"2025-05-12 06:00:00","2025-05-12 09:00:00","RH","2 m above ground",85,26.5,23
"2025-05-12 06:00:00","2025-05-12 09:00:00","RH","2 m above ground",85.25,26.5,22.8
"2025-05-12 06:00:00","2025-05-12 09:00:00","RH","2 m above ground",85.5,26.5,24.1
"2025-05-12 06:00:00","2025-05-12 09:00:00","RH","2 m above ground",85.75,26.5,26.4
"2025-05-12 06:00:00","2025-05-12 09:00:00","RH","2 m above ground",86,26.5,27.8
"2025-05-12 06:00:00","2025-05-12 09:00:00","RH","2 m above ground",86.25,26.5,28.7
"2025-05-12 06:00:00","2025-05-12 09:00:00","RH","2 m above ground",86.5,26.5,31.4
"2025-05-12 06:00:00","2025-05-12 09:00:00","RH","2 m above ground",86.75,26.5,34.5
"2025-05-12 06:00:00","2025-05-12 09:00:00","RH","2 m above ground",87,26.5,36.4
"2025-05-12 06:00:00","2025-05-12 09:00:00","RH","2 m above ground",87.25,26.5,36.9
"2025-05-12 06:00:00","2025-05-12 09:00:00","RH","2 m above ground",87.5,26.5,40.1
"2025-05-12 06:00:00","2025-05-12 09:00:00","RH","2 m above ground",87.75,26.5,43.2
"2025-05-12 06:00:00","2025-05-12 09:00:00","RH","2 m above ground",88,26.5,44.1
"2025-05-12 06:00:00","2025-05-12 09:00:00","RH","2 m above ground",88.25,26.5,44.9
"2025-05-12 06:00:00","2025-05-12 09:00:00","RH","2 m above ground",88.5,26.5,45.5
"2025-05-12 06:00:00","2025-05-12 09:00:00","RH","2 m above ground",88.75,26.5,45.3
"2025-05-12 06:00:00","2025-05-12 09:00:00","RH","2 m above ground",89,26.5,45.2
"2025-05-12 06:00:00","2025-05-12 09:00:00","RH","2 m above ground",82,26.75,19.4
"2025-05-12 06:00:00","2025-05-12 09:00:00","RH","2 m above ground",82.25,26.75,20.6
"2025-05-12 06:00:00","2025-05-12 09:00:00","RH","2 m above ground",82.5,26.75,22.3
"2025-05-12 06:00:00","2025-05-12 09:00:00","RH","2 m above ground",82.75,26.75,22.7
"2025-05-12 06:00:00","2025-05-12 09:00:00","RH","2 m above ground",83,26.75,23
"2025-05-12 06:00:00","2025-05-12 09:00:00","RH","2 m above ground",83.25,26.75,22.5
"2025-05-12 06:00:00","2025-05-12 09:00:00","RH","2 m above ground",83.5,26.75,22.2
"2025-05-12 06:00:00","2025-05-12 09:00:00","RH","2 m above ground",83.75,26.75,21.9
"2025-05-12 06:00:00","2025-05-12 09:00:00","RH","2 m above ground",84,26.75,22.8
"2025-05-12 06:00:00","2025-05-12 09:00:00","RH","2 m above ground",84.25,26.75,23.6
"2025-05-12 06:00:00","2025-05-12 09:00:00","RH","2 m above ground",84.5,26.75,24.1
"2025-05-12 06:00:00","2025-05-12 09:00:00","RH","2 m above ground",84.75,26.75,24.5
"2025-05-12 06:00:00","2025-05-12 09:00:00","RH","2 m above ground",85,26.75,24.4
"2025-05-12 06:00:00","2025-05-12 09:00:00","RH","2 m above ground",85.25,26.75,24.3
"2025-05-12 06:00:00","2025-05-12 09:00:00","RH","2 m above ground",85.5,26.75,25
"2025-05-12 06:00:00","2025-05-12 09:00:00","RH","2 m above ground",85.75,26.75,26.8
"2025-05-12 06:00:00","2025-05-12 09:00:00","RH","2 m above ground",86,26.75,28.7
"2025-05-12 06:00:00","2025-05-12 09:00:00","RH","2 m above ground",86.25,26.75,31.2
"2025-05-12 06:00:00","2025-05-12 09:00:00","RH","2 m above ground",86.5,26.75,33.2
"2025-05-12 06:00:00","2025-05-12 09:00:00","RH","2 m above ground",86.75,26.75,37.1
"2025-05-12 06:00:00","2025-05-12 09:00:00","RH","2 m above ground",87,26.75,37.7
"2025-05-12 06:00:00","2025-05-12 09:00:00","RH","2 m above ground",87.25,26.75,37.9
"2025-05-12 06:00:00","2025-05-12 09:00:00","RH","2 m above ground",87.5,26.75,46.8
"2025-05-12 06:00:00","2025-05-12 09:00:00","RH","2 m above ground",87.75,26.75,49.2
"2025-05-12 06:00:00","2025-05-12 09:00:00","RH","2 m above ground",88,26.75,50
"2025-05-12 06:00:00","2025-05-12 09:00:00","RH","2 m above ground",88.25,26.75,51
"2025-05-12 06:00:00","2025-05-12 09:00:00","RH","2 m above ground",88.5,26.75,45.8
"2025-05-12 06:00:00","2025-05-12 09:00:00","RH","2 m above ground",88.75,26.75,40.6
"2025-05-12 06:00:00","2025-05-12 09:00:00","RH","2 m above ground",89,26.75,39.6
"2025-05-12 06:00:00","2025-05-12 09:00:00","RH","2 m above ground",82,27,19.4
"2025-05-12 06:00:00","2025-05-12 09:00:00","RH","2 m above ground",82.25,27,20.9
"2025-05-12 06:00:00","2025-05-12 09:00:00","RH","2 m above ground",82.5,27,21.9
"2025-05-12 06:00:00","2025-05-12 09:00:00","RH","2 m above ground",82.75,27,22.7
"2025-05-12 06:00:00","2025-05-12 09:00:00","RH","2 m above ground",83,27,23.1
"2025-05-12 06:00:00","2025-05-12 09:00:00","RH","2 m above ground",83.25,27,22.3
"2025-05-12 06:00:00","2025-05-12 09:00:00","RH","2 m above ground",83.5,27,22
"2025-05-12 06:00:00","2025-05-12 09:00:00","RH","2 m above ground",83.75,27,21.8
"2025-05-12 06:00:00","2025-05-12 09:00:00","RH","2 m above ground",84,27,23.6
"2025-05-12 06:00:00","2025-05-12 09:00:00","RH","2 m above ground",84.25,27,26.6
"2025-05-12 06:00:00","2025-05-12 09:00:00","RH","2 m above ground",84.5,27,27.9
"2025-05-12 06:00:00","2025-05-12 09:00:00","RH","2 m above ground",84.75,27,27.4
"2025-05-12 06:00:00","2025-05-12 09:00:00","RH","2 m above ground",85,27,26.9
"2025-05-12 06:00:00","2025-05-12 09:00:00","RH","2 m above ground",85.25,27,25.5
"2025-05-12 06:00:00","2025-05-12 09:00:00","RH","2 m above ground",85.5,27,26.3
"2025-05-12 06:00:00","2025-05-12 09:00:00","RH","2 m above ground",85.75,27,27.4
"2025-05-12 06:00:00","2025-05-12 09:00:00","RH","2 m above ground",86,27,31.3
"2025-05-12 06:00:00","2025-05-12 09:00:00","RH","2 m above ground",86.25,27,35.8
"2025-05-12 06:00:00","2025-05-12 09:00:00","RH","2 m above ground",86.5,27,42.4
"2025-05-12 06:00:00","2025-05-12 09:00:00","RH","2 m above ground",86.75,27,49.3
"2025-05-12 06:00:00","2025-05-12 09:00:00","RH","2 m above ground",87,27,54.7
"2025-05-12 06:00:00","2025-05-12 09:00:00","RH","2 m above ground",87.25,27,52.6
"2025-05-12 06:00:00","2025-05-12 09:00:00","RH","2 m above ground",87.5,27,64
"2025-05-12 06:00:00","2025-05-12 09:00:00","RH","2 m above ground",87.75,27,75.7
"2025-05-12 06:00:00","2025-05-12 09:00:00","RH","2 m above ground",88,27,87.6
"2025-05-12 06:00:00","2025-05-12 09:00:00","RH","2 m above ground",88.25,27,82.5
"2025-05-12 06:00:00","2025-05-12 09:00:00","RH","2 m above ground",88.5,27,73.9
"2025-05-12 06:00:00","2025-05-12 09:00:00","RH","2 m above ground",88.75,27,64
"2025-05-12 06:00:00","2025-05-12 09:00:00","RH","2 m above ground",89,27,68.1
"2025-05-12 06:00:00","2025-05-12 09:00:00","RH","2 m above ground",82,27.25,18.8
"2025-05-12 06:00:00","2025-05-12 09:00:00","RH","2 m above ground",82.25,27.25,21.9
"2025-05-12 06:00:00","2025-05-12 09:00:00","RH","2 m above ground",82.5,27.25,23.1
"2025-05-12 06:00:00","2025-05-12 09:00:00","RH","2 m above ground",82.75,27.25,22.2
"2025-05-12 06:00:00","2025-05-12 09:00:00","RH","2 m above ground",83,27.25,22.3
"2025-05-12 06:00:00","2025-05-12 09:00:00","RH","2 m above ground",83.25,27.25,22.3
"2025-05-12 06:00:00","2025-05-12 09:00:00","RH","2 m above ground",83.5,27.25,22.7
"2025-05-12 06:00:00","2025-05-12 09:00:00","RH","2 m above ground",83.75,27.25,23.6
"2025-05-12 06:00:00","2025-05-12 09:00:00","RH","2 m above ground",84,27.25,25.1
"2025-05-12 06:00:00","2025-05-12 09:00:00","RH","2 m above ground",84.25,27.25,27.1
"2025-05-12 06:00:00","2025-05-12 09:00:00","RH","2 m above ground",84.5,27.25,29.7
"2025-05-12 06:00:00","2025-05-12 09:00:00","RH","2 m above ground",84.75,27.25,29.5
"2025-05-12 06:00:00","2025-05-12 09:00:00","RH","2 m above ground",85,27.25,28.6
"2025-05-12 06:00:00","2025-05-12 09:00:00","RH","2 m above ground",85.25,27.25,27.6
"2025-05-12 06:00:00","2025-05-12 09:00:00","RH","2 m above ground",85.5,27.25,30
"2025-05-12 06:00:00","2025-05-12 09:00:00","RH","2 m above ground",85.75,27.25,34.8
"2025-05-12 06:00:00","2025-05-12 09:00:00","RH","2 m above ground",86,27.25,41.1
"2025-05-12 06:00:00","2025-05-12 09:00:00","RH","2 m above ground",86.25,27.25,50.3
"2025-05-12 06:00:00","2025-05-12 09:00:00","RH","2 m above ground",86.5,27.25,60.3
"2025-05-12 06:00:00","2025-05-12 09:00:00","RH","2 m above ground",86.75,27.25,67.4
"2025-05-12 06:00:00","2025-05-12 09:00:00","RH","2 m above ground",87,27.25,81.6
"2025-05-12 06:00:00","2025-05-12 09:00:00","RH","2 m above ground",87.25,27.25,49.7
"2025-05-12 06:00:00","2025-05-12 09:00:00","RH","2 m above ground",87.5,27.25,71.9
"2025-05-12 06:00:00","2025-05-12 09:00:00","RH","2 m above ground",87.75,27.25,67.3
"2025-05-12 06:00:00","2025-05-12 09:00:00","RH","2 m above ground",88,27.25,80.6
"2025-05-12 06:00:00","2025-05-12 09:00:00","RH","2 m above ground",88.25,27.25,83.6
"2025-05-12 06:00:00","2025-05-12 09:00:00","RH","2 m above ground",88.5,27.25,73.6
"2025-05-12 06:00:00","2025-05-12 09:00:00","RH","2 m above ground",88.75,27.25,87.1
"2025-05-12 06:00:00","2025-05-12 09:00:00","RH","2 m above ground",89,27.25,93.5
"2025-05-12 06:00:00","2025-05-12 09:00:00","RH","2 m above ground",82,27.5,18.6
"2025-05-12 06:00:00","2025-05-12 09:00:00","RH","2 m above ground",82.25,27.5,20.1
"2025-05-12 06:00:00","2025-05-12 09:00:00","RH","2 m above ground",82.5,27.5,20.8
"2025-05-12 06:00:00","2025-05-12 09:00:00","RH","2 m above ground",82.75,27.5,21.5
"2025-05-12 06:00:00","2025-05-12 09:00:00","RH","2 m above ground",83,27.5,21.6
"2025-05-12 06:00:00","2025-05-12 09:00:00","RH","2 m above ground",83.25,27.5,22.1
"2025-05-12 06:00:00","2025-05-12 09:00:00","RH","2 m above ground",83.5,27.5,24
"2025-05-12 06:00:00","2025-05-12 09:00:00","RH","2 m above ground",83.75,27.5,25.7
"2025-05-12 06:00:00","2025-05-12 09:00:00","RH","2 m above ground",84,27.5,27.7
"2025-05-12 06:00:00","2025-05-12 09:00:00","RH","2 m above ground",84.25,27.5,29.7
"2025-05-12 06:00:00","2025-05-12 09:00:00","RH","2 m above ground",84.5,27.5,31
"2025-05-12 06:00:00","2025-05-12 09:00:00","RH","2 m above ground",84.75,27.5,31.9
"2025-05-12 06:00:00","2025-05-12 09:00:00","RH","2 m above ground",85,27.5,38.9
"2025-05-12 06:00:00","2025-05-12 09:00:00","RH","2 m above ground",85.25,27.5,54.4
"2025-05-12 06:00:00","2025-05-12 09:00:00","RH","2 m above ground",85.5,27.5,70.6
"2025-05-12 06:00:00","2025-05-12 09:00:00","RH","2 m above ground",85.75,27.5,61.8
"2025-05-12 06:00:00","2025-05-12 09:00:00","RH","2 m above ground",86,27.5,45.7
"2025-05-12 06:00:00","2025-05-12 09:00:00","RH","2 m above ground",86.25,27.5,63.8
"2025-05-12 06:00:00","2025-05-12 09:00:00","RH","2 m above ground",86.5,27.5,64.7
"2025-05-12 06:00:00","2025-05-12 09:00:00","RH","2 m above ground",86.75,27.5,70.9
"2025-05-12 06:00:00","2025-05-12 09:00:00","RH","2 m above ground",87,27.5,75.3
"2025-05-12 06:00:00","2025-05-12 09:00:00","RH","2 m above ground",87.25,27.5,64.5
"2025-05-12 06:00:00","2025-05-12 09:00:00","RH","2 m above ground",87.5,27.5,83.9
"2025-05-12 06:00:00","2025-05-12 09:00:00","RH","2 m above ground",87.75,27.5,78.1
"2025-05-12 06:00:00","2025-05-12 09:00:00","RH","2 m above ground",88,27.5,93.1
"2025-05-12 06:00:00","2025-05-12 09:00:00","RH","2 m above ground",88.25,27.5,98.4
"2025-05-12 06:00:00","2025-05-12 09:00:00","RH","2 m above ground",88.5,27.5,81.8
"2025-05-12 06:00:00","2025-05-12 09:00:00","RH","2 m above ground",88.75,27.5,91.9
"2025-05-12 06:00:00","2025-05-12 09:00:00","RH","2 m above ground",89,27.5,94
"2025-05-12 06:00:00","2025-05-12 09:00:00","RH","2 m above ground",82,27.75,18.6
"2025-05-12 06:00:00","2025-05-12 09:00:00","RH","2 m above ground",82.25,27.75,20
"2025-05-12 06:00:00","2025-05-12 09:00:00","RH","2 m above ground",82.5,27.75,20.2
"2025-05-12 06:00:00","2025-05-12 09:00:00","RH","2 m above ground",82.75,27.75,22.2
"2025-05-12 06:00:00","2025-05-12 09:00:00","RH","2 m above ground",83,27.75,24.6
"2025-05-12 06:00:00","2025-05-12 09:00:00","RH","2 m above ground",83.25,27.75,28.5
"2025-05-12 06:00:00","2025-05-12 09:00:00","RH","2 m above ground",83.5,27.75,30.5
"2025-05-12 06:00:00","2025-05-12 09:00:00","RH","2 m above ground",83.75,27.75,30.7
"2025-05-12 06:00:00","2025-05-12 09:00:00","RH","2 m above ground",84,27.75,29.4
"2025-05-12 06:00:00","2025-05-12 09:00:00","RH","2 m above ground",84.25,27.75,29.6
"2025-05-12 06:00:00","2025-05-12 09:00:00","RH","2 m above ground",84.5,27.75,29.2
"2025-05-12 06:00:00","2025-05-12 09:00:00","RH","2 m above ground",84.75,27.75,31
"2025-05-12 06:00:00","2025-05-12 09:00:00","RH","2 m above ground",85,27.75,48
"2025-05-12 06:00:00","2025-05-12 09:00:00","RH","2 m above ground",85.25,27.75,53.8
"2025-05-12 06:00:00","2025-05-12 09:00:00","RH","2 m above ground",85.5,27.75,46.3
"2025-05-12 06:00:00","2025-05-12 09:00:00","RH","2 m above ground",85.75,27.75,45.5
"2025-05-12 06:00:00","2025-05-12 09:00:00","RH","2 m above ground",86,27.75,60.5
"2025-05-12 06:00:00","2025-05-12 09:00:00","RH","2 m above ground",86.25,27.75,61.1
"2025-05-12 06:00:00","2025-05-12 09:00:00","RH","2 m above ground",86.5,27.75,75
"2025-05-12 06:00:00","2025-05-12 09:00:00","RH","2 m above ground",86.75,27.75,91.2
"2025-05-12 06:00:00","2025-05-12 09:00:00","RH","2 m above ground",87,27.75,94.6
"2025-05-12 06:00:00","2025-05-12 09:00:00","RH","2 m above ground",87.25,27.75,89.5
"2025-05-12 06:00:00","2025-05-12 09:00:00","RH","2 m above ground",87.5,27.75,86
"2025-05-12 06:00:00","2025-05-12 09:00:00","RH","2 m above ground",87.75,27.75,96.3
"2025-05-12 06:00:00","2025-05-12 09:00:00","RH","2 m above ground",88,27.75,96
"2025-05-12 06:00:00","2025-05-12 09:00:00","RH","2 m above ground",88.25,27.75,93.9
"2025-05-12 06:00:00","2025-05-12 09:00:00","RH","2 m above ground",88.5,27.75,96.2
"2025-05-12 06:00:00","2025-05-12 09:00:00","RH","2 m above ground",88.75,27.75,87.2
"2025-05-12 06:00:00","2025-05-12 09:00:00","RH","2 m above ground",89,27.75,73.8
"2025-05-12 06:00:00","2025-05-12 09:00:00","RH","2 m above ground",82,28,19.4
"2025-05-12 06:00:00","2025-05-12 09:00:00","RH","2 m above ground",82.25,28,27.4
"2025-05-12 06:00:00","2025-05-12 09:00:00","RH","2 m above ground",82.5,28,34
"2025-05-12 06:00:00","2025-05-12 09:00:00","RH","2 m above ground",82.75,28,29.5
"2025-05-12 06:00:00","2025-05-12 09:00:00","RH","2 m above ground",83,28,40
"2025-05-12 06:00:00","2025-05-12 09:00:00","RH","2 m above ground",83.25,28,49.1
"2025-05-12 06:00:00","2025-05-12 09:00:00","RH","2 m above ground",83.5,28,53
"2025-05-12 06:00:00","2025-05-12 09:00:00","RH","2 m above ground",83.75,28,43.6
"2025-05-12 06:00:00","2025-05-12 09:00:00","RH","2 m above ground",84,28,32.1
"2025-05-12 06:00:00","2025-05-12 09:00:00","RH","2 m above ground",84.25,28,26.8
"2025-05-12 06:00:00","2025-05-12 09:00:00","RH","2 m above ground",84.5,28,27.2
"2025-05-12 06:00:00","2025-05-12 09:00:00","RH","2 m above ground",84.75,28,29.5
"2025-05-12 06:00:00","2025-05-12 09:00:00","RH","2 m above ground",85,28,33
"2025-05-12 06:00:00","2025-05-12 09:00:00","RH","2 m above ground",85.25,28,36.9
"2025-05-12 06:00:00","2025-05-12 09:00:00","RH","2 m above ground",85.5,28,60.8
"2025-05-12 06:00:00","2025-05-12 09:00:00","RH","2 m above ground",85.75,28,79.4
"2025-05-12 06:00:00","2025-05-12 09:00:00","RH","2 m above ground",86,28,85.3
"2025-05-12 06:00:00","2025-05-12 09:00:00","RH","2 m above ground",86.25,28,86.2
"2025-05-12 06:00:00","2025-05-12 09:00:00","RH","2 m above ground",86.5,28,87.3
"2025-05-12 06:00:00","2025-05-12 09:00:00","RH","2 m above ground",86.75,28,84.8
"2025-05-12 06:00:00","2025-05-12 09:00:00","RH","2 m above ground",87,28,85.5
"2025-05-12 06:00:00","2025-05-12 09:00:00","RH","2 m above ground",87.25,28,88.6
"2025-05-12 06:00:00","2025-05-12 09:00:00","RH","2 m above ground",87.5,28,74.4
"2025-05-12 06:00:00","2025-05-12 09:00:00","RH","2 m above ground",87.75,28,73.3
"2025-05-12 06:00:00","2025-05-12 09:00:00","RH","2 m above ground",88,28,73.5
"2025-05-12 06:00:00","2025-05-12 09:00:00","RH","2 m above ground",88.25,28,52.1
"2025-05-12 06:00:00","2025-05-12 09:00:00","RH","2 m above ground",88.5,28,68.1
"2025-05-12 06:00:00","2025-05-12 09:00:00","RH","2 m above ground",88.75,28,86.2
"2025-05-12 06:00:00","2025-05-12 09:00:00","RH","2 m above ground",89,28,60.1
"2025-05-12 06:00:00","2025-05-12 09:00:00","UGRD","10 m above ground",82,23,5.6196
"2025-05-12 06:00:00","2025-05-12 09:00:00","UGRD","10 m above ground",82.25,23,4.7796
"2025-05-12 06:00:00","2025-05-12 09:00:00","UGRD","10 m above ground",82.5,23,4.7196
"2025-05-12 06:00:00","2025-05-12 09:00:00","UGRD","10 m above ground",82.75,23,4.2096
"2025-05-12 06:00:00","2025-05-12 09:00:00","UGRD","10 m above ground",83,23,3.3796
"2025-05-12 06:00:00","2025-05-12 09:00:00","UGRD","10 m above ground",83.25,23,3.2996
"2025-05-12 06:00:00","2025-05-12 09:00:00","UGRD","10 m above ground",83.5,23,4.0596
"2025-05-12 06:00:00","2025-05-12 09:00:00","UGRD","10 m above ground",83.75,23,4.0596
"2025-05-12 06:00:00","2025-05-12 09:00:00","UGRD","10 m above ground",84,23,3.8996
"2025-05-12 06:00:00","2025-05-12 09:00:00","UGRD","10 m above ground",84.25,23,4.7496
"2025-05-12 06:00:00","2025-05-12 09:00:00","UGRD","10 m above ground",84.5,23,1.1196
"2025-05-12 06:00:00","2025-05-12 09:00:00","UGRD","10 m above ground",84.75,23,-1.3104
"2025-05-12 06:00:00","2025-05-12 09:00:00","UGRD","10 m above ground",85,23,4.4896
"2025-05-12 06:00:00","2025-05-12 09:00:00","UGRD","10 m above ground",85.25,23,7.4696
"2025-05-12 06:00:00","2025-05-12 09:00:00","UGRD","10 m above ground",85.5,23,0.809596
"2025-05-12 06:00:00","2025-05-12 09:00:00","UGRD","10 m above ground",85.75,23,-1.4804
"2025-05-12 06:00:00","2025-05-12 09:00:00","UGRD","10 m above ground",86,23,1.9296
"2025-05-12 06:00:00","2025-05-12 09:00:00","UGRD","10 m above ground",86.25,23,5.0696
"2025-05-12 06:00:00","2025-05-12 09:00:00","UGRD","10 m above ground",86.5,23,3.8196
"2025-05-12 06:00:00","2025-05-12 09:00:00","UGRD","10 m above ground",86.75,23,2.3996
"2025-05-12 06:00:00","2025-05-12 09:00:00","UGRD","10 m above ground",87,23,1.7396
"2025-05-12 06:00:00","2025-05-12 09:00:00","UGRD","10 m above ground",87.25,23,-0.100404
"2025-05-12 06:00:00","2025-05-12 09:00:00","UGRD","10 m above ground",87.5,23,2.1196
"2025-05-12 06:00:00","2025-05-12 09:00:00","UGRD","10 m above ground",87.75,23,2.2396
"2025-05-12 06:00:00","2025-05-12 09:00:00","UGRD","10 m above ground",88,23,2.0996
"2025-05-12 06:00:00","2025-05-12 09:00:00","UGRD","10 m above ground",88.25,23,1.1596
"2025-05-12 06:00:00","2025-05-12 09:00:00","UGRD","10 m above ground",88.5,23,-1.2804
"2025-05-12 06:00:00","2025-05-12 09:00:00","UGRD","10 m above ground",88.75,23,0.859596
"2025-05-12 06:00:00","2025-05-12 09:00:00","UGRD","10 m above ground",89,23,2.6896
"2025-05-12 06:00:00","2025-05-12 09:00:00","UGRD","10 m above ground",82,23.25,4.7196
"2025-05-12 06:00:00","2025-05-12 09:00:00","UGRD","10 m above ground",82.25,23.25,4.2496
"2025-05-12 06:00:00","2025-05-12 09:00:00","UGRD","10 m above ground",82.5,23.25,3.9696
"2025-05-12 06:00:00","2025-05-12 09:00:00","UGRD","10 m above ground",82.75,23.25,2.9396
"2025-05-12 06:00:00","2025-05-12 09:00:00","UGRD","10 m above ground",83,23.25,3.4496
"2025-05-12 06:00:00","2025-05-12 09:00:00","UGRD","10 m above ground",83.25,23.25,2.7596
"2025-05-12 06:00:00","2025-05-12 09:00:00","UGRD","10 m above ground",83.5,23.25,2.4896
"2025-05-12 06:00:00","2025-05-12 09:00:00","UGRD","10 m above ground",83.75,23.25,3.8296
"2025-05-12 06:00:00","2025-05-12 09:00:00","UGRD","10 m above ground",84,23.25,5.2496
"2025-05-12 06:00:00","2025-05-12 09:00:00","UGRD","10 m above ground",84.25,23.25,2.0896
"2025-05-12 06:00:00","2025-05-12 09:00:00","UGRD","10 m above ground",84.5,23.25,2.6796
"2025-05-12 06:00:00","2025-05-12 09:00:00","UGRD","10 m above ground",84.75,23.25,2.6396
"2025-05-12 06:00:00","2025-05-12 09:00:00","UGRD","10 m above ground",85,23.25,3.9796
"2025-05-12 06:00:00","2025-05-12 09:00:00","UGRD","10 m above ground",85.25,23.25,3.8596
"2025-05-12 06:00:00","2025-05-12 09:00:00","UGRD","10 m above ground",85.5,23.25,1.3696
"2025-05-12 06:00:00","2025-05-12 09:00:00","UGRD","10 m above ground",85.75,23.25,2.4496
"2025-05-12 06:00:00","2025-05-12 09:00:00","UGRD","10 m above ground",86,23.25,1.8996
"2025-05-12 06:00:00","2025-05-12 09:00:00","UGRD","10 m above ground",86.25,23.25,2.7496
"2025-05-12 06:00:00","2025-05-12 09:00:00","UGRD","10 m above ground",86.5,23.25,4.0196
"2025-05-12 06:00:00","2025-05-12 09:00:00","UGRD","10 m above ground",86.75,23.25,2.2396
"2025-05-12 06:00:00","2025-05-12 09:00:00","UGRD","10 m above ground",87,23.25,0.829596
"2025-05-12 06:00:00","2025-05-12 09:00:00","UGRD","10 m above ground",87.25,23.25,2.2696
"2025-05-12 06:00:00","2025-05-12 09:00:00","UGRD","10 m above ground",87.5,23.25,2.9396
"2025-05-12 06:00:00","2025-05-12 09:00:00","UGRD","10 m above ground",87.75,23.25,-0.400404
"2025-05-12 06:00:00","2025-05-12 09:00:00","UGRD","10 m above ground",88,23.25,-0.490404
"2025-05-12 06:00:00","2025-05-12 09:00:00","UGRD","10 m above ground",88.25,23.25,-2.6904
"2025-05-12 06:00:00","2025-05-12 09:00:00","UGRD","10 m above ground",88.5,23.25,-0.360404
"2025-05-12 06:00:00","2025-05-12 09:00:00","UGRD","10 m above ground",88.75,23.25,1.9396
"2025-05-12 06:00:00","2025-05-12 09:00:00","UGRD","10 m above ground",89,23.25,1.7996
"2025-05-12 06:00:00","2025-05-12 09:00:00","UGRD","10 m above ground",82,23.5,3.7696
"2025-05-12 06:00:00","2025-05-12 09:00:00","UGRD","10 m above ground",82.25,23.5,3.1696
"2025-05-12 06:00:00","2025-05-12 09:00:00","UGRD","10 m above ground",82.5,23.5,2.2396
"2025-05-12 06:00:00","2025-05-12 09:00:00","UGRD","10 m above ground",82.75,23.5,1.8696
"2025-05-12 06:00:00","2025-05-12 09:00:00","UGRD","10 m above ground",83,23.5,3.8096
"2025-05-12 06:00:00","2025-05-12 09:00:00","UGRD","10 m above ground",83.25,23.5,2.9596
"2025-05-12 06:00:00","2025-05-12 09:00:00","UGRD","10 m above ground",83.5,23.5,2.8196
"2025-05-12 06:00:00","2025-05-12 09:00:00","UGRD","10 m above ground",83.75,23.5,2.7996
"2025-05-12 06:00:00","2025-05-12 09:00:00","UGRD","10 m above ground",84,23.5,4.3896
"2025-05-12 06:00:00","2025-05-12 09:00:00","UGRD","10 m above ground",84.25,23.5,3.0996
"2025-05-12 06:00:00","2025-05-12 09:00:00","UGRD","10 m above ground",84.5,23.5,1.5096
"2025-05-12 06:00:00","2025-05-12 09:00:00","UGRD","10 m above ground",84.75,23.5,3.1496
"2025-05-12 06:00:00","2025-05-12 09:00:00","UGRD","10 m above ground",85,23.5,3.8896
"2025-05-12 06:00:00","2025-05-12 09:00:00","UGRD","10 m above ground",85.25,23.5,3.9396
"2025-05-12 06:00:00","2025-05-12 09:00:00","UGRD","10 m above ground",85.5,23.5,3.4896
"2025-05-12 06:00:00","2025-05-12 09:00:00","UGRD","10 m above ground",85.75,23.5,3.8896
"2025-05-12 06:00:00","2025-05-12 09:00:00","UGRD","10 m above ground",86,23.5,2.3296
"2025-05-12 06:00:00","2025-05-12 09:00:00","UGRD","10 m above ground",86.25,23.5,0.519596
"2025-05-12 06:00:00","2025-05-12 09:00:00","UGRD","10 m above ground",86.5,23.5,3.1996
"2025-05-12 06:00:00","2025-05-12 09:00:00","UGRD","10 m above ground",86.75,23.5,2.1196
"2025-05-12 06:00:00","2025-05-12 09:00:00","UGRD","10 m above ground",87,23.5,0.939596
"2025-05-12 06:00:00","2025-05-12 09:00:00","UGRD","10 m above ground",87.25,23.5,1.9996
"2025-05-12 06:00:00","2025-05-12 09:00:00","UGRD","10 m above ground",87.5,23.5,1.0896
"2025-05-12 06:00:00","2025-05-12 09:00:00","UGRD","10 m above ground",87.75,23.5,-0.600404
"2025-05-12 06:00:00","2025-05-12 09:00:00","UGRD","10 m above ground",88,23.5,1.2696
"2025-05-12 06:00:00","2025-05-12 09:00:00","UGRD","10 m above ground",88.25,23.5,-1.9404
"2025-05-12 06:00:00","2025-05-12 09:00:00","UGRD","10 m above ground",88.5,23.5,0.219596
"2025-05-12 06:00:00","2025-05-12 09:00:00","UGRD","10 m above ground",88.75,23.5,2.6296
"2025-05-12 06:00:00","2025-05-12 09:00:00","UGRD","10 m above ground",89,23.5,1.3796
"2025-05-12 06:00:00","2025-05-12 09:00:00","UGRD","10 m above ground",82,23.75,3.6196
"2025-05-12 06:00:00","2025-05-12 09:00:00","UGRD","10 m above ground",82.25,23.75,4.0596
"2025-05-12 06:00:00","2025-05-12 09:00:00","UGRD","10 m above ground",82.5,23.75,3.1196
"2025-05-12 06:00:00","2025-05-12 09:00:00","UGRD","10 m above ground",82.75,23.75,2.5096
"2025-05-12 06:00:00","2025-05-12 09:00:00","UGRD","10 m above ground",83,23.75,1.9996
"2025-05-12 06:00:00","2025-05-12 09:00:00","UGRD","10 m above ground",83.25,23.75,2.1596
"2025-05-12 06:00:00","2025-05-12 09:00:00","UGRD","10 m above ground",83.5,23.75,4.4596
"2025-05-12 06:00:00","2025-05-12 09:00:00","UGRD","10 m above ground",83.75,23.75,5.1996
"2025-05-12 06:00:00","2025-05-12 09:00:00","UGRD","10 m above ground",84,23.75,3.7496
"2025-05-12 06:00:00","2025-05-12 09:00:00","UGRD","10 m above ground",84.25,23.75,4.0896
"2025-05-12 06:00:00","2025-05-12 09:00:00","UGRD","10 m above ground",84.5,23.75,4.6696
"2025-05-12 06:00:00","2025-05-12 09:00:00","UGRD","10 m above ground",84.75,23.75,5.5596
"2025-05-12 06:00:00","2025-05-12 09:00:00","UGRD","10 m above ground",85,23.75,4.4796
"2025-05-12 06:00:00","2025-05-12 09:00:00","UGRD","10 m above ground",85.25,23.75,3.9096
"2025-05-12 06:00:00","2025-05-12 09:00:00","UGRD","10 m above ground",85.5,23.75,2.4996
"2025-05-12 06:00:00","2025-05-12 09:00:00","UGRD","10 m above ground",85.75,23.75,0.369596
"2025-05-12 06:00:00","2025-05-12 09:00:00","UGRD","10 m above ground",86,23.75,1.6096
"2025-05-12 06:00:00","2025-05-12 09:00:00","UGRD","10 m above ground",86.25,23.75,1.7996
"2025-05-12 06:00:00","2025-05-12 09:00:00","UGRD","10 m above ground",86.5,23.75,3.2596
"2025-05-12 06:00:00","2025-05-12 09:00:00","UGRD","10 m above ground",86.75,23.75,1.9996
"2025-05-12 06:00:00","2025-05-12 09:00:00","UGRD","10 m above ground",87,23.75,1.6596
"2025-05-12 06:00:00","2025-05-12 09:00:00","UGRD","10 m above ground",87.25,23.75,2.8996
"2025-05-12 06:00:00","2025-05-12 09:00:00","UGRD","10 m above ground",87.5,23.75,2.8396
"2025-05-12 06:00:00","2025-05-12 09:00:00","UGRD","10 m above ground",87.75,23.75,0.0595959
"2025-05-12 06:00:00","2025-05-12 09:00:00","UGRD","10 m above ground",88,23.75,1.1396
"2025-05-12 06:00:00","2025-05-12 09:00:00","UGRD","10 m above ground",88.25,23.75,-0.130404
"2025-05-12 06:00:00","2025-05-12 09:00:00","UGRD","10 m above ground",88.5,23.75,0.0995959
"2025-05-12 06:00:00","2025-05-12 09:00:00","UGRD","10 m above ground",88.75,23.75,2.7096
"2025-05-12 06:00:00","2025-05-12 09:00:00","UGRD","10 m above ground",89,23.75,0.739596
"2025-05-12 06:00:00","2025-05-12 09:00:00","UGRD","10 m above ground",82,24,3.8296
"2025-05-12 06:00:00","2025-05-12 09:00:00","UGRD","10 m above ground",82.25,24,5.4896
"2025-05-12 06:00:00","2025-05-12 09:00:00","UGRD","10 m above ground",82.5,24,4.5596
"2025-05-12 06:00:00","2025-05-12 09:00:00","UGRD","10 m above ground",82.75,24,1.5396
"2025-05-12 06:00:00","2025-05-12 09:00:00","UGRD","10 m above ground",83,24,1.1696
"2025-05-12 06:00:00","2025-05-12 09:00:00","UGRD","10 m above ground",83.25,24,3.6096
"2025-05-12 06:00:00","2025-05-12 09:00:00","UGRD","10 m above ground",83.5,24,4.8196
"2025-05-12 06:00:00","2025-05-12 09:00:00","UGRD","10 m above ground",83.75,24,5.2796
"2025-05-12 06:00:00","2025-05-12 09:00:00","UGRD","10 m above ground",84,24,4.6796
"2025-05-12 06:00:00","2025-05-12 09:00:00","UGRD","10 m above ground",84.25,24,4.2696
"2025-05-12 06:00:00","2025-05-12 09:00:00","UGRD","10 m above ground",84.5,24,4.4296
"2025-05-12 06:00:00","2025-05-12 09:00:00","UGRD","10 m above ground",84.75,24,5.5096
"2025-05-12 06:00:00","2025-05-12 09:00:00","UGRD","10 m above ground",85,24,4.9696
"2025-05-12 06:00:00","2025-05-12 09:00:00","UGRD","10 m above ground",85.25,24,4.8396
"2025-05-12 06:00:00","2025-05-12 09:00:00","UGRD","10 m above ground",85.5,24,3.4696
"2025-05-12 06:00:00","2025-05-12 09:00:00","UGRD","10 m above ground",85.75,24,1.9396
"2025-05-12 06:00:00","2025-05-12 09:00:00","UGRD","10 m above ground",86,24,3.1296
"2025-05-12 06:00:00","2025-05-12 09:00:00","UGRD","10 m above ground",86.25,24,4.1296
"2025-05-12 06:00:00","2025-05-12 09:00:00","UGRD","10 m above ground",86.5,24,4.4596
"2025-05-12 06:00:00","2025-05-12 09:00:00","UGRD","10 m above ground",86.75,24,2.5896
"2025-05-12 06:00:00","2025-05-12 09:00:00","UGRD","10 m above ground",87,24,3.2996
"2025-05-12 06:00:00","2025-05-12 09:00:00","UGRD","10 m above ground",87.25,24,2.7696
"2025-05-12 06:00:00","2025-05-12 09:00:00","UGRD","10 m above ground",87.5,24,1.8796
"2025-05-12 06:00:00","2025-05-12 09:00:00","UGRD","10 m above ground",87.75,24,-0.000404053
"2025-05-12 06:00:00","2025-05-12 09:00:00","UGRD","10 m above ground",88,24,0.849596
"2025-05-12 06:00:00","2025-05-12 09:00:00","UGRD","10 m above ground",88.25,24,-0.360404
"2025-05-12 06:00:00","2025-05-12 09:00:00","UGRD","10 m above ground",88.5,24,2.2496
"2025-05-12 06:00:00","2025-05-12 09:00:00","UGRD","10 m above ground",88.75,24,1.5196
"2025-05-12 06:00:00","2025-05-12 09:00:00","UGRD","10 m above ground",89,24,0.199596
"2025-05-12 06:00:00","2025-05-12 09:00:00","UGRD","10 m above ground",82,24.25,3.7496
"2025-05-12 06:00:00","2025-05-12 09:00:00","UGRD","10 m above ground",82.25,24.25,4.0196
"2025-05-12 06:00:00","2025-05-12 09:00:00","UGRD","10 m above ground",82.5,24.25,4.4096
"2025-05-12 06:00:00","2025-05-12 09:00:00","UGRD","10 m above ground",82.75,24.25,3.6596
"2025-05-12 06:00:00","2025-05-12 09:00:00","UGRD","10 m above ground",83,24.25,3.6996
"2025-05-12 06:00:00","2025-05-12 09:00:00","UGRD","10 m above ground",83.25,24.25,4.2896
"2025-05-12 06:00:00","2025-05-12 09:00:00","UGRD","10 m above ground",83.5,24.25,4.8596
"2025-05-12 06:00:00","2025-05-12 09:00:00","UGRD","10 m above ground",83.75,24.25,4.8096
"2025-05-12 06:00:00","2025-05-12 09:00:00","UGRD","10 m above ground",84,24.25,3.8896
"2025-05-12 06:00:00","2025-05-12 09:00:00","UGRD","10 m above ground",84.25,24.25,3.5696
"2025-05-12 06:00:00","2025-05-12 09:00:00","UGRD","10 m above ground",84.5,24.25,4.0896
"2025-05-12 06:00:00","2025-05-12 09:00:00","UGRD","10 m above ground",84.75,24.25,4.0596
"2025-05-12 06:00:00","2025-05-12 09:00:00","UGRD","10 m above ground",85,24.25,5.1896
"2025-05-12 06:00:00","2025-05-12 09:00:00","UGRD","10 m above ground",85.25,24.25,3.9796
"2025-05-12 06:00:00","2025-05-12 09:00:00","UGRD","10 m above ground",85.5,24.25,2.9896
"2025-05-12 06:00:00","2025-05-12 09:00:00","UGRD","10 m above ground",85.75,24.25,4.2196
"2025-05-12 06:00:00","2025-05-12 09:00:00","UGRD","10 m above ground",86,24.25,5.2996
"2025-05-12 06:00:00","2025-05-12 09:00:00","UGRD","10 m above ground",86.25,24.25,6.4896
"2025-05-12 06:00:00","2025-05-12 09:00:00","UGRD","10 m above ground",86.5,24.25,4.9596
"2025-05-12 06:00:00","2025-05-12 09:00:00","UGRD","10 m above ground",86.75,24.25,3.4996
"2025-05-12 06:00:00","2025-05-12 09:00:00","UGRD","10 m above ground",87,24.25,4.2196
"2025-05-12 06:00:00","2025-05-12 09:00:00","UGRD","10 m above ground",87.25,24.25,3.7596
"2025-05-12 06:00:00","2025-05-12 09:00:00","UGRD","10 m above ground",87.5,24.25,3.0096
"2025-05-12 06:00:00","2025-05-12 09:00:00","UGRD","10 m above ground",87.75,24.25,1.7796
"2025-05-12 06:00:00","2025-05-12 09:00:00","UGRD","10 m above ground",88,24.25,-0.400404
"2025-05-12 06:00:00","2025-05-12 09:00:00","UGRD","10 m above ground",88.25,24.25,-0.320404
"2025-05-12 06:00:00","2025-05-12 09:00:00","UGRD","10 m above ground",88.5,24.25,0.679596
"2025-05-12 06:00:00","2025-05-12 09:00:00","UGRD","10 m above ground",88.75,24.25,1.7796
"2025-05-12 06:00:00","2025-05-12 09:00:00","UGRD","10 m above ground",89,24.25,1.4596
"2025-05-12 06:00:00","2025-05-12 09:00:00","UGRD","10 m above ground",82,24.5,2.9196
"2025-05-12 06:00:00","2025-05-12 09:00:00","UGRD","10 m above ground",82.25,24.5,3.1796
"2025-05-12 06:00:00","2025-05-12 09:00:00","UGRD","10 m above ground",82.5,24.5,3.8396
"2025-05-12 06:00:00","2025-05-12 09:00:00","UGRD","10 m above ground",82.75,24.5,4.3696
"2025-05-12 06:00:00","2025-05-12 09:00:00","UGRD","10 m above ground",83,24.5,4.8896
"2025-05-12 06:00:00","2025-05-12 09:00:00","UGRD","10 m above ground",83.25,24.5,4.9496
"2025-05-12 06:00:00","2025-05-12 09:00:00","UGRD","10 m above ground",83.5,24.5,5.3596
"2025-05-12 06:00:00","2025-05-12 09:00:00","UGRD","10 m above ground",83.75,24.5,4.6596
"2025-05-12 06:00:00","2025-05-12 09:00:00","UGRD","10 m above ground",84,24.5,3.5296
"2025-05-12 06:00:00","2025-05-12 09:00:00","UGRD","10 m above ground",84.25,24.5,1.7196
"2025-05-12 06:00:00","2025-05-12 09:00:00","UGRD","10 m above ground",84.5,24.5,2.7796
"2025-05-12 06:00:00","2025-05-12 09:00:00","UGRD","10 m above ground",84.75,24.5,4.0296
"2025-05-12 06:00:00","2025-05-12 09:00:00","UGRD","10 m above ground",85,24.5,4.2396
"2025-05-12 06:00:00","2025-05-12 09:00:00","UGRD","10 m above ground",85.25,24.5,3.3696
"2025-05-12 06:00:00","2025-05-12 09:00:00","UGRD","10 m above ground",85.5,24.5,3.6096
"2025-05-12 06:00:00","2025-05-12 09:00:00","UGRD","10 m above ground",85.75,24.5,5.0896
"2025-05-12 06:00:00","2025-05-12 09:00:00","UGRD","10 m above ground",86,24.5,5.1496
"2025-05-12 06:00:00","2025-05-12 09:00:00","UGRD","10 m above ground",86.25,24.5,3.7996
"2025-05-12 06:00:00","2025-05-12 09:00:00","UGRD","10 m above ground",86.5,24.5,2.5596
"2025-05-12 06:00:00","2025-05-12 09:00:00","UGRD","10 m above ground",86.75,24.5,3.5196
"2025-05-12 06:00:00","2025-05-12 09:00:00","UGRD","10 m above ground",87,24.5,4.4196
"2025-05-12 06:00:00","2025-05-12 09:00:00","UGRD","10 m above ground",87.25,24.5,2.5396
"2025-05-12 06:00:00","2025-05-12 09:00:00","UGRD","10 m above ground",87.5,24.5,2.1396
"2025-05-12 06:00:00","2025-05-12 09:00:00","UGRD","10 m above ground",87.75,24.5,1.2796
"2025-05-12 06:00:00","2025-05-12 09:00:00","UGRD","10 m above ground",88,24.5,1.1196
"2025-05-12 06:00:00","2025-05-12 09:00:00","UGRD","10 m above ground",88.25,24.5,2.5196
"2025-05-12 06:00:00","2025-05-12 09:00:00","UGRD","10 m above ground",88.5,24.5,1.7896
"2025-05-12 06:00:00","2025-05-12 09:00:00","UGRD","10 m above ground",88.75,24.5,1.9096
"2025-05-12 06:00:00","2025-05-12 09:00:00","UGRD","10 m above ground",89,24.5,2.1396
"2025-05-12 06:00:00","2025-05-12 09:00:00","UGRD","10 m above ground",82,24.75,3.0896
"2025-05-12 06:00:00","2025-05-12 09:00:00","UGRD","10 m above ground",82.25,24.75,3.4096
"2025-05-12 06:00:00","2025-05-12 09:00:00","UGRD","10 m above ground",82.5,24.75,4.6496
"2025-05-12 06:00:00","2025-05-12 09:00:00","UGRD","10 m above ground",82.75,24.75,5.2996
"2025-05-12 06:00:00","2025-05-12 09:00:00","UGRD","10 m above ground",83,24.75,5.1596
"2025-05-12 06:00:00","2025-05-12 09:00:00","UGRD","10 m above ground",83.25,24.75,5.0296
"2025-05-12 06:00:00","2025-05-12 09:00:00","UGRD","10 m above ground",83.5,24.75,5.0996
"2025-05-12 06:00:00","2025-05-12 09:00:00","UGRD","10 m above ground",83.75,24.75,5.4696
"2025-05-12 06:00:00","2025-05-12 09:00:00","UGRD","10 m above ground",84,24.75,4.5696
"2025-05-12 06:00:00","2025-05-12 09:00:00","UGRD","10 m above ground",84.25,24.75,2.5696
"2025-05-12 06:00:00","2025-05-12 09:00:00","UGRD","10 m above ground",84.5,24.75,2.8996
"2025-05-12 06:00:00","2025-05-12 09:00:00","UGRD","10 m above ground",84.75,24.75,3.2796
"2025-05-12 06:00:00","2025-05-12 09:00:00","UGRD","10 m above ground",85,24.75,3.8296
"2025-05-12 06:00:00","2025-05-12 09:00:00","UGRD","10 m above ground",85.25,24.75,4.9996
"2025-05-12 06:00:00","2025-05-12 09:00:00","UGRD","10 m above ground",85.5,24.75,5.4996
"2025-05-12 06:00:00","2025-05-12 09:00:00","UGRD","10 m above ground",85.75,24.75,3.6996
"2025-05-12 06:00:00","2025-05-12 09:00:00","UGRD","10 m above ground",86,24.75,-0.460404
"2025-05-12 06:00:00","2025-05-12 09:00:00","UGRD","10 m above ground",86.25,24.75,1.2796
"2025-05-12 06:00:00","2025-05-12 09:00:00","UGRD","10 m above ground",86.5,24.75,4.5096
"2025-05-12 06:00:00","2025-05-12 09:00:00","UGRD","10 m above ground",86.75,24.75,3.3296
"2025-05-12 06:00:00","2025-05-12 09:00:00","UGRD","10 m above ground",87,24.75,2.2196
"2025-05-12 06:00:00","2025-05-12 09:00:00","UGRD","10 m above ground",87.25,24.75,2.2996
"2025-05-12 06:00:00","2025-05-12 09:00:00","UGRD","10 m above ground",87.5,24.75,2.1596
"2025-05-12 06:00:00","2025-05-12 09:00:00","UGRD","10 m above ground",87.75,24.75,1.0396
"2025-05-12 06:00:00","2025-05-12 09:00:00","UGRD","10 m above ground",88,24.75,0.549596
"2025-05-12 06:00:00","2025-05-12 09:00:00","UGRD","10 m above ground",88.25,24.75,1.4296
"2025-05-12 06:00:00","2025-05-12 09:00:00","UGRD","10 m above ground",88.5,24.75,1.2296
"2025-05-12 06:00:00","2025-05-12 09:00:00","UGRD","10 m above ground",88.75,24.75,0.969596
"2025-05-12 06:00:00","2025-05-12 09:00:00","UGRD","10 m above ground",89,24.75,0.959596
"2025-05-12 06:00:00","2025-05-12 09:00:00","UGRD","10 m above ground",82,25,3.7596
"2025-05-12 06:00:00","2025-05-12 09:00:00","UGRD","10 m above ground",82.25,25,4.0796
"2025-05-12 06:00:00","2025-05-12 09:00:00","UGRD","10 m above ground",82.5,25,4.2896
"2025-05-12 06:00:00","2025-05-12 09:00:00","UGRD","10 m above ground",82.75,25,4.5496
"2025-05-12 06:00:00","2025-05-12 09:00:00","UGRD","10 m above ground",83,25,4.9496
"2025-05-12 06:00:00","2025-05-12 09:00:00","UGRD","10 m above ground",83.25,25,4.8696
"2025-05-12 06:00:00","2025-05-12 09:00:00","UGRD","10 m above ground",83.5,25,4.6696
"2025-05-12 06:00:00","2025-05-12 09:00:00","UGRD","10 m above ground",83.75,25,4.7696
"2025-05-12 06:00:00","2025-05-12 09:00:00","UGRD","10 m above ground",84,25,4.9796
"2025-05-12 06:00:00","2025-05-12 09:00:00","UGRD","10 m above ground",84.25,25,4.8196
"2025-05-12 06:00:00","2025-05-12 09:00:00","UGRD","10 m above ground",84.5,25,4.1596
"2025-05-12 06:00:00","2025-05-12 09:00:00","UGRD","10 m above ground",84.75,25,4.0996
"2025-05-12 06:00:00","2025-05-12 09:00:00","UGRD","10 m above ground",85,25,3.8596
"2025-05-12 06:00:00","2025-05-12 09:00:00","UGRD","10 m above ground",85.25,25,4.6096
"2025-05-12 06:00:00","2025-05-12 09:00:00","UGRD","10 m above ground",85.5,25,4.0896
"2025-05-12 06:00:00","2025-05-12 09:00:00","UGRD","10 m above ground",85.75,25,2.1896
"2025-05-12 06:00:00","2025-05-12 09:00:00","UGRD","10 m above ground",86,25,2.1796
"2025-05-12 06:00:00","2025-05-12 09:00:00","UGRD","10 m above ground",86.25,25,2.6096
"2025-05-12 06:00:00","2025-05-12 09:00:00","UGRD","10 m above ground",86.5,25,3.2796
"2025-05-12 06:00:00","2025-05-12 09:00:00","UGRD","10 m above ground",86.75,25,2.1896
"2025-05-12 06:00:00","2025-05-12 09:00:00","UGRD","10 m above ground",87,25,1.6096
"2025-05-12 06:00:00","2025-05-12 09:00:00","UGRD","10 m above ground",87.25,25,3.4796
"2025-05-12 06:00:00","2025-05-12 09:00:00","UGRD","10 m above ground",87.5,25,3.9496
"2025-05-12 06:00:00","2025-05-12 09:00:00","UGRD","10 m above ground",87.75,25,3.8396
"2025-05-12 06:00:00","2025-05-12 09:00:00","UGRD","10 m above ground",88,25,2.4696
"2025-05-12 06:00:00","2025-05-12 09:00:00","UGRD","10 m above ground",88.25,25,2.7096
"2025-05-12 06:00:00","2025-05-12 09:00:00","UGRD","10 m above ground",88.5,25,2.0296
"2025-05-12 06:00:00","2025-05-12 09:00:00","UGRD","10 m above ground",88.75,25,2.3396
"2025-05-12 06:00:00","2025-05-12 09:00:00","UGRD","10 m above ground",89,25,0.949596
"2025-05-12 06:00:00","2025-05-12 09:00:00","UGRD","10 m above ground",82,25.25,3.9396
"2025-05-12 06:00:00","2025-05-12 09:00:00","UGRD","10 m above ground",82.25,25.25,4.1696
"2025-05-12 06:00:00","2025-05-12 09:00:00","UGRD","10 m above ground",82.5,25.25,4.3496
"2025-05-12 06:00:00","2025-05-12 09:00:00","UGRD","10 m above ground",82.75,25.25,4.4596
"2025-05-12 06:00:00","2025-05-12 09:00:00","UGRD","10 m above ground",83,25.25,5.0596
"2025-05-12 06:00:00","2025-05-12 09:00:00","UGRD","10 m above ground",83.25,25.25,4.2796
"2025-05-12 06:00:00","2025-05-12 09:00:00","UGRD","10 m above ground",83.5,25.25,4.1496
"2025-05-12 06:00:00","2025-05-12 09:00:00","UGRD","10 m above ground",83.75,25.25,4.6996
"2025-05-12 06:00:00","2025-05-12 09:00:00","UGRD","10 m above ground",84,25.25,4.8396
"2025-05-12 06:00:00","2025-05-12 09:00:00","UGRD","10 m above ground",84.25,25.25,6.0796
"2025-05-12 06:00:00","2025-05-12 09:00:00","UGRD","10 m above ground",84.5,25.25,4.9796
"2025-05-12 06:00:00","2025-05-12 09:00:00","UGRD","10 m above ground",84.75,25.25,4.3496
"2025-05-12 06:00:00","2025-05-12 09:00:00","UGRD","10 m above ground",85,25.25,2.6896
"2025-05-12 06:00:00","2025-05-12 09:00:00","UGRD","10 m above ground",85.25,25.25,1.8296
"2025-05-12 06:00:00","2025-05-12 09:00:00","UGRD","10 m above ground",85.5,25.25,1.9296
"2025-05-12 06:00:00","2025-05-12 09:00:00","UGRD","10 m above ground",85.75,25.25,1.1396
"2025-05-12 06:00:00","2025-05-12 09:00:00","UGRD","10 m above ground",86,25.25,2.5396
"2025-05-12 06:00:00","2025-05-12 09:00:00","UGRD","10 m above ground",86.25,25.25,2.2896
"2025-05-12 06:00:00","2025-05-12 09:00:00","UGRD","10 m above ground",86.5,25.25,3.8696
"2025-05-12 06:00:00","2025-05-12 09:00:00","UGRD","10 m above ground",86.75,25.25,4.0296
"2025-05-12 06:00:00","2025-05-12 09:00:00","UGRD","10 m above ground",87,25.25,3.5796
"2025-05-12 06:00:00","2025-05-12 09:00:00","UGRD","10 m above ground",87.25,25.25,4.0396
"2025-05-12 06:00:00","2025-05-12 09:00:00","UGRD","10 m above ground",87.5,25.25,4.4796
"2025-05-12 06:00:00","2025-05-12 09:00:00","UGRD","10 m above ground",87.75,25.25,6.2296
"2025-05-12 06:00:00","2025-05-12 09:00:00","UGRD","10 m above ground",88,25.25,4.6596
"2025-05-12 06:00:00","2025-05-12 09:00:00","UGRD","10 m above ground",88.25,25.25,2.5596
"2025-05-12 06:00:00","2025-05-12 09:00:00","UGRD","10 m above ground",88.5,25.25,1.7796
"2025-05-12 06:00:00","2025-05-12 09:00:00","UGRD","10 m above ground",88.75,25.25,1.3196
"2025-05-12 06:00:00","2025-05-12 09:00:00","UGRD","10 m above ground",89,25.25,0.379596
"2025-05-12 06:00:00","2025-05-12 09:00:00","UGRD","10 m above ground",82,25.5,3.7096
"2025-05-12 06:00:00","2025-05-12 09:00:00","UGRD","10 m above ground",82.25,25.5,2.6796
"2025-05-12 06:00:00","2025-05-12 09:00:00","UGRD","10 m above ground",82.5,25.5,3.9096
"2025-05-12 06:00:00","2025-05-12 09:00:00","UGRD","10 m above ground",82.75,25.5,4.3796
"2025-05-12 06:00:00","2025-05-12 09:00:00","UGRD","10 m above ground",83,25.5,5.4896
"2025-05-12 06:00:00","2025-05-12 09:00:00","UGRD","10 m above ground",83.25,25.5,4.9696
"2025-05-12 06:00:00","2025-05-12 09:00:00","UGRD","10 m above ground",83.5,25.5,4.1996
"2025-05-12 06:00:00","2025-05-12 09:00:00","UGRD","10 m above ground",83.75,25.5,4.9796
"2025-05-12 06:00:00","2025-05-12 09:00:00","UGRD","10 m above ground",84,25.5,4.8296
"2025-05-12 06:00:00","2025-05-12 09:00:00","UGRD","10 m above ground",84.25,25.5,5.6096
"2025-05-12 06:00:00","2025-05-12 09:00:00","UGRD","10 m above ground",84.5,25.5,5.5296
"2025-05-12 06:00:00","2025-05-12 09:00:00","UGRD","10 m above ground",84.75,25.5,3.5396
"2025-05-12 06:00:00","2025-05-12 09:00:00","UGRD","10 m above ground",85,25.5,1.2496
"2025-05-12 06:00:00","2025-05-12 09:00:00","UGRD","10 m above ground",85.25,25.5,0.829596
"2025-05-12 06:00:00","2025-05-12 09:00:00","UGRD","10 m above ground",85.5,25.5,3.5196
"2025-05-12 06:00:00","2025-05-12 09:00:00","UGRD","10 m above ground",85.75,25.5,3.6496
"2025-05-12 06:00:00","2025-05-12 09:00:00","UGRD","10 m above ground",86,25.5,1.3696
"2025-05-12 06:00:00","2025-05-12 09:00:00","UGRD","10 m above ground",86.25,25.5,3.6796
"2025-05-12 06:00:00","2025-05-12 09:00:00","UGRD","10 m above ground",86.5,25.5,4.9996
"2025-05-12 06:00:00","2025-05-12 09:00:00","UGRD","10 m above ground",86.75,25.5,4.8096
"2025-05-12 06:00:00","2025-05-12 09:00:00","UGRD","10 m above ground",87,25.5,4.6596
"2025-05-12 06:00:00","2025-05-12 09:00:00","UGRD","10 m above ground",87.25,25.5,4.7596
"2025-05-12 06:00:00","2025-05-12 09:00:00","UGRD","10 m above ground",87.5,25.5,3.7296
"2025-05-12 06:00:00","2025-05-12 09:00:00","UGRD","10 m above ground",87.75,25.5,4.4996
"2025-05-12 06:00:00","2025-05-12 09:00:00","UGRD","10 m above ground",88,25.5,1.8796
"2025-05-12 06:00:00","2025-05-12 09:00:00","UGRD","10 m above ground",88.25,25.5,-1.1104
"2025-05-12 06:00:00","2025-05-12 09:00:00","UGRD","10 m above ground",88.5,25.5,-1.0204
"2025-05-12 06:00:00","2025-05-12 09:00:00","UGRD","10 m above ground",88.75,25.5,-1.0104
"2025-05-12 06:00:00","2025-05-12 09:00:00","UGRD","10 m above ground",89,25.5,-0.0604041
"2025-05-12 06:00:00","2025-05-12 09:00:00","UGRD","10 m above ground",82,25.75,2.2196
"2025-05-12 06:00:00","2025-05-12 09:00:00","UGRD","10 m above ground",82.25,25.75,2.7696
"2025-05-12 06:00:00","2025-05-12 09:00:00","UGRD","10 m above ground",82.5,25.75,4.1096
"2025-05-12 06:00:00","2025-05-12 09:00:00","UGRD","10 m above ground",82.75,25.75,4.1896
"2025-05-12 06:00:00","2025-05-12 09:00:00","UGRD","10 m above ground",83,25.75,5.2696
"2025-05-12 06:00:00","2025-05-12 09:00:00","UGRD","10 m above ground",83.25,25.75,5.4596
"2025-05-12 06:00:00","2025-05-12 09:00:00","UGRD","10 m above ground",83.5,25.75,4.3396
"2025-05-12 06:00:00","2025-05-12 09:00:00","UGRD","10 m above ground",83.75,25.75,4.2796
"2025-05-12 06:00:00","2025-05-12 09:00:00","UGRD","10 m above ground",84,25.75,4.2196
"2025-05-12 06:00:00","2025-05-12 09:00:00","UGRD","10 m above ground",84.25,25.75,4.4896
"2025-05-12 06:00:00","2025-05-12 09:00:00","UGRD","10 m above ground",84.5,25.75,4.7396
"2025-05-12 06:00:00","2025-05-12 09:00:00","UGRD","10 m above ground",84.75,25.75,1.2296
"2025-05-12 06:00:00","2025-05-12 09:00:00","UGRD","10 m above ground",85,25.75,1.8696
"2025-05-12 06:00:00","2025-05-12 09:00:00","UGRD","10 m above ground",85.25,25.75,2.5596
"2025-05-12 06:00:00","2025-05-12 09:00:00","UGRD","10 m above ground",85.5,25.75,2.8796
"2025-05-12 06:00:00","2025-05-12 09:00:00","UGRD","10 m above ground",85.75,25.75,4.0196
"2025-05-12 06:00:00","2025-05-12 09:00:00","UGRD","10 m above ground",86,25.75,3.5596
"2025-05-12 06:00:00","2025-05-12 09:00:00","UGRD","10 m above ground",86.25,25.75,3.9196
"2025-05-12 06:00:00","2025-05-12 09:00:00","UGRD","10 m above ground",86.5,25.75,4.3796
"2025-05-12 06:00:00","2025-05-12 09:00:00","UGRD","10 m above ground",86.75,25.75,3.4496
"2025-05-12 06:00:00","2025-05-12 09:00:00","UGRD","10 m above ground",87,25.75,2.7196
"2025-05-12 06:00:00","2025-05-12 09:00:00","UGRD","10 m above ground",87.25,25.75,2.3796
"2025-05-12 06:00:00","2025-05-12 09:00:00","UGRD","10 m above ground",87.5,25.75,2.5596
"2025-05-12 06:00:00","2025-05-12 09:00:00","UGRD","10 m above ground",87.75,25.75,1.7896
"2025-05-12 06:00:00","2025-05-12 09:00:00","UGRD","10 m above ground",88,25.75,-0.400404
"2025-05-12 06:00:00","2025-05-12 09:00:00","UGRD","10 m above ground",88.25,25.75,-2.5904
"2025-05-12 06:00:00","2025-05-12 09:00:00","UGRD","10 m above ground",88.5,25.75,-1.9804
"2025-05-12 06:00:00","2025-05-12 09:00:00","UGRD","10 m above ground",88.75,25.75,-1.0804
"2025-05-12 06:00:00","2025-05-12 09:00:00","UGRD","10 m above ground",89,25.75,0.749596
"2025-05-12 06:00:00","2025-05-12 09:00:00","UGRD","10 m above ground",82,26,2.8596
"2025-05-12 06:00:00","2025-05-12 09:00:00","UGRD","10 m above ground",82.25,26,2.5996
"2025-05-12 06:00:00","2025-05-12 09:00:00","UGRD","10 m above ground",82.5,26,2.5996
"2025-05-12 06:00:00","2025-05-12 09:00:00","UGRD","10 m above ground",82.75,26,2.7496
"2025-05-12 06:00:00","2025-05-12 09:00:00","UGRD","10 m above ground",83,26,3.8096
"2025-05-12 06:00:00","2025-05-12 09:00:00","UGRD","10 m above ground",83.25,26,3.7596
"2025-05-12 06:00:00","2025-05-12 09:00:00","UGRD","10 m above ground",83.5,26,3.4596
"2025-05-12 06:00:00","2025-05-12 09:00:00","UGRD","10 m above ground",83.75,26,3.7096
"2025-05-12 06:00:00","2025-05-12 09:00:00","UGRD","10 m above ground",84,26,3.7796
"2025-05-12 06:00:00","2025-05-12 09:00:00","UGRD","10 m above ground",84.25,26,3.3896
"2025-05-12 06:00:00","2025-05-12 09:00:00","UGRD","10 m above ground",84.5,26,2.9996
"2025-05-12 06:00:00","2025-05-12 09:00:00","UGRD","10 m above ground",84.75,26,0.559596
"2025-05-12 06:00:00","2025-05-12 09:00:00","UGRD","10 m above ground",85,26,1.9696
"2025-05-12 06:00:00","2025-05-12 09:00:00","UGRD","10 m above ground",85.25,26,1.7196
"2025-05-12 06:00:00","2025-05-12 09:00:00","UGRD","10 m above ground",85.5,26,3.6096
"2025-05-12 06:00:00","2025-05-12 09:00:00","UGRD","10 m above ground",85.75,26,4.2096
"2025-05-12 06:00:00","2025-05-12 09:00:00","UGRD","10 m above ground",86,26,2.3096
"2025-05-12 06:00:00","2025-05-12 09:00:00","UGRD","10 m above ground",86.25,26,3.6896
"2025-05-12 06:00:00","2025-05-12 09:00:00","UGRD","10 m above ground",86.5,26,4.7496
"2025-05-12 06:00:00","2025-05-12 09:00:00","UGRD","10 m above ground",86.75,26,2.0596
"2025-05-12 06:00:00","2025-05-12 09:00:00","UGRD","10 m above ground",87,26,0.139596
"2025-05-12 06:00:00","2025-05-12 09:00:00","UGRD","10 m above ground",87.25,26,-0.610404
"2025-05-12 06:00:00","2025-05-12 09:00:00","UGRD","10 m above ground",87.5,26,-0.740404
"2025-05-12 06:00:00","2025-05-12 09:00:00","UGRD","10 m above ground",87.75,26,-2.4104
"2025-05-12 06:00:00","2025-05-12 09:00:00","UGRD","10 m above ground",88,26,-2.2704
"2025-05-12 06:00:00","2025-05-12 09:00:00","UGRD","10 m above ground",88.25,26,-2.5504
"2025-05-12 06:00:00","2025-05-12 09:00:00","UGRD","10 m above ground",88.5,26,-3.1504
"2025-05-12 06:00:00","2025-05-12 09:00:00","UGRD","10 m above ground",88.75,26,-2.3704
"2025-05-12 06:00:00","2025-05-12 09:00:00","UGRD","10 m above ground",89,26,-2.1004
"2025-05-12 06:00:00","2025-05-12 09:00:00","UGRD","10 m above ground",82,26.25,1.9996
"2025-05-12 06:00:00","2025-05-12 09:00:00","UGRD","10 m above ground",82.25,26.25,0.739596
"2025-05-12 06:00:00","2025-05-12 09:00:00","UGRD","10 m above ground",82.5,26.25,1.5696
"2025-05-12 06:00:00","2025-05-12 09:00:00","UGRD","10 m above ground",82.75,26.25,1.6896
"2025-05-12 06:00:00","2025-05-12 09:00:00","UGRD","10 m above ground",83,26.25,2.1296
"2025-05-12 06:00:00","2025-05-12 09:00:00","UGRD","10 m above ground",83.25,26.25,2.5196
"2025-05-12 06:00:00","2025-05-12 09:00:00","UGRD","10 m above ground",83.5,26.25,3.2196
"2025-05-12 06:00:00","2025-05-12 09:00:00","UGRD","10 m above ground",83.75,26.25,3.5496
"2025-05-12 06:00:00","2025-05-12 09:00:00","UGRD","10 m above ground",84,26.25,3.1296
"2025-05-12 06:00:00","2025-05-12 09:00:00","UGRD","10 m above ground",84.25,26.25,2.8196
"2025-05-12 06:00:00","2025-05-12 09:00:00","UGRD","10 m above ground",84.5,26.25,2.4096
"2025-05-12 06:00:00","2025-05-12 09:00:00","UGRD","10 m above ground",84.75,26.25,2.1896
"2025-05-12 06:00:00","2025-05-12 09:00:00","UGRD","10 m above ground",85,26.25,3.5696
"2025-05-12 06:00:00","2025-05-12 09:00:00","UGRD","10 m above ground",85.25,26.25,4.4696
"2025-05-12 06:00:00","2025-05-12 09:00:00","UGRD","10 m above ground",85.5,26.25,4.0196
"2025-05-12 06:00:00","2025-05-12 09:00:00","UGRD","10 m above ground",85.75,26.25,0.759596
"2025-05-12 06:00:00","2025-05-12 09:00:00","UGRD","10 m above ground",86,26.25,2.0596
"2025-05-12 06:00:00","2025-05-12 09:00:00","UGRD","10 m above ground",86.25,26.25,3.9896
"2025-05-12 06:00:00","2025-05-12 09:00:00","UGRD","10 m above ground",86.5,26.25,2.1896
"2025-05-12 06:00:00","2025-05-12 09:00:00","UGRD","10 m above ground",86.75,26.25,-1.3004
"2025-05-12 06:00:00","2025-05-12 09:00:00","UGRD","10 m above ground",87,26.25,-2.5204
"2025-05-12 06:00:00","2025-05-12 09:00:00","UGRD","10 m above ground",87.25,26.25,-1.9504
"2025-05-12 06:00:00","2025-05-12 09:00:00","UGRD","10 m above ground",87.5,26.25,-2.3604
"2025-05-12 06:00:00","2025-05-12 09:00:00","UGRD","10 m above ground",87.75,26.25,-2.9504
"2025-05-12 06:00:00","2025-05-12 09:00:00","UGRD","10 m above ground",88,26.25,-1.8404
"2025-05-12 06:00:00","2025-05-12 09:00:00","UGRD","10 m above ground",88.25,26.25,-2.1004
"2025-05-12 06:00:00","2025-05-12 09:00:00","UGRD","10 m above ground",88.5,26.25,-2.5804
"2025-05-12 06:00:00","2025-05-12 09:00:00","UGRD","10 m above ground",88.75,26.25,-2.0304
"2025-05-12 06:00:00","2025-05-12 09:00:00","UGRD","10 m above ground",89,26.25,-2.5104
"2025-05-12 06:00:00","2025-05-12 09:00:00","UGRD","10 m above ground",82,26.5,0.0295959
"2025-05-12 06:00:00","2025-05-12 09:00:00","UGRD","10 m above ground",82.25,26.5,0.549596
"2025-05-12 06:00:00","2025-05-12 09:00:00","UGRD","10 m above ground",82.5,26.5,1.5496
"2025-05-12 06:00:00","2025-05-12 09:00:00","UGRD","10 m above ground",82.75,26.5,1.5796
"2025-05-12 06:00:00","2025-05-12 09:00:00","UGRD","10 m above ground",83,26.5,0.509596
"2025-05-12 06:00:00","2025-05-12 09:00:00","UGRD","10 m above ground",83.25,26.5,2.6696
"2025-05-12 06:00:00","2025-05-12 09:00:00","UGRD","10 m above ground",83.5,26.5,4.0796
"2025-05-12 06:00:00","2025-05-12 09:00:00","UGRD","10 m above ground",83.75,26.5,3.6596
"2025-05-12 06:00:00","2025-05-12 09:00:00","UGRD","10 m above ground",84,26.5,2.8796
"2025-05-12 06:00:00","2025-05-12 09:00:00","UGRD","10 m above ground",84.25,26.5,2.6796
"2025-05-12 06:00:00","2025-05-12 09:00:00","UGRD","10 m above ground",84.5,26.5,2.8596
"2025-05-12 06:00:00","2025-05-12 09:00:00","UGRD","10 m above ground",84.75,26.5,3.2096
"2025-05-12 06:00:00","2025-05-12 09:00:00","UGRD","10 m above ground",85,26.5,3.9196
"2025-05-12 06:00:00","2025-05-12 09:00:00","UGRD","10 m above ground",85.25,26.5,4.2996
"2025-05-12 06:00:00","2025-05-12 09:00:00","UGRD","10 m above ground",85.5,26.5,1.9496
"2025-05-12 06:00:00","2025-05-12 09:00:00","UGRD","10 m above ground",85.75,26.5,0.919596
"2025-05-12 06:00:00","2025-05-12 09:00:00","UGRD","10 m above ground",86,26.5,2.2496
"2025-05-12 06:00:00","2025-05-12 09:00:00","UGRD","10 m above ground",86.25,26.5,0.469596
"2025-05-12 06:00:00","2025-05-12 09:00:00","UGRD","10 m above ground",86.5,26.5,-2.4904
"2025-05-12 06:00:00","2025-05-12 09:00:00","UGRD","10 m above ground",86.75,26.5,-2.8804
"2025-05-12 06:00:00","2025-05-12 09:00:00","UGRD","10 m above ground",87,26.5,-2.8604
"2025-05-12 06:00:00","2025-05-12 09:00:00","UGRD","10 m above ground",87.25,26.5,-1.7604
"2025-05-12 06:00:00","2025-05-12 09:00:00","UGRD","10 m above ground",87.5,26.5,-2.8304
"2025-05-12 06:00:00","2025-05-12 09:00:00","UGRD","10 m above ground",87.75,26.5,-2.0704
"2025-05-12 06:00:00","2025-05-12 09:00:00","UGRD","10 m above ground",88,26.5,-1.0004
"2025-05-12 06:00:00","2025-05-12 09:00:00","UGRD","10 m above ground",88.25,26.5,-1.6704
"2025-05-12 06:00:00","2025-05-12 09:00:00","UGRD","10 m above ground",88.5,26.5,-1.1904
"2025-05-12 06:00:00","2025-05-12 09:00:00","UGRD","10 m above ground",88.75,26.5,-1.3104
"2025-05-12 06:00:00","2025-05-12 09:00:00","UGRD","10 m above ground",89,26.5,-0.570404
"2025-05-12 06:00:00","2025-05-12 09:00:00","UGRD","10 m above ground",82,26.75,-0.0404041
"2025-05-12 06:00:00","2025-05-12 09:00:00","UGRD","10 m above ground",82.25,26.75,1.5796
"2025-05-12 06:00:00","2025-05-12 09:00:00","UGRD","10 m above ground",82.5,26.75,1.6196
"2025-05-12 06:00:00","2025-05-12 09:00:00","UGRD","10 m above ground",82.75,26.75,1.6696
"2025-05-12 06:00:00","2025-05-12 09:00:00","UGRD","10 m above ground",83,26.75,0.669596
"2025-05-12 06:00:00","2025-05-12 09:00:00","UGRD","10 m above ground",83.25,26.75,3.9496
"2025-05-12 06:00:00","2025-05-12 09:00:00","UGRD","10 m above ground",83.5,26.75,2.9796
"2025-05-12 06:00:00","2025-05-12 09:00:00","UGRD","10 m above ground",83.75,26.75,1.7396
"2025-05-12 06:00:00","2025-05-12 09:00:00","UGRD","10 m above ground",84,26.75,1.6596
"2025-05-12 06:00:00","2025-05-12 09:00:00","UGRD","10 m above ground",84.25,26.75,1.6296
"2025-05-12 06:00:00","2025-05-12 09:00:00","UGRD","10 m above ground",84.5,26.75,2.2596
"2025-05-12 06:00:00","2025-05-12 09:00:00","UGRD","10 m above ground",84.75,26.75,3.3696
"2025-05-12 06:00:00","2025-05-12 09:00:00","UGRD","10 m above ground",85,26.75,3.9896
"2025-05-12 06:00:00","2025-05-12 09:00:00","UGRD","10 m above ground",85.25,26.75,3.5696
"2025-05-12 06:00:00","2025-05-12 09:00:00","UGRD","10 m above ground",85.5,26.75,2.2896
"2025-05-12 06:00:00","2025-05-12 09:00:00","UGRD","10 m above ground",85.75,26.75,1.5696
"2025-05-12 06:00:00","2025-05-12 09:00:00","UGRD","10 m above ground",86,26.75,-1.1604
"2025-05-12 06:00:00","2025-05-12 09:00:00","UGRD","10 m above ground",86.25,26.75,-2.3704
"2025-05-12 06:00:00","2025-05-12 09:00:00","UGRD","10 m above ground",86.5,26.75,-1.3904
"2025-05-12 06:00:00","2025-05-12 09:00:00","UGRD","10 m above ground",86.75,26.75,-1.9604
"2025-05-12 06:00:00","2025-05-12 09:00:00","UGRD","10 m above ground",87,26.75,-2.1804
"2025-05-12 06:00:00","2025-05-12 09:00:00","UGRD","10 m above ground",87.25,26.75,-1.1204
"2025-05-12 06:00:00","2025-05-12 09:00:00","UGRD","10 m above ground",87.5,26.75,-1.8004
"2025-05-12 06:00:00","2025-05-12 09:00:00","UGRD","10 m above ground",87.75,26.75,-0.560404
"2025-05-12 06:00:00","2025-05-12 09:00:00","UGRD","10 m above ground",88,26.75,0.219596
"2025-05-12 06:00:00","2025-05-12 09:00:00","UGRD","10 m above ground",88.25,26.75,0.149596
"2025-05-12 06:00:00","2025-05-12 09:00:00","UGRD","10 m above ground",88.5,26.75,0.719596
"2025-05-12 06:00:00","2025-05-12 09:00:00","UGRD","10 m above ground",88.75,26.75,0.719596
"2025-05-12 06:00:00","2025-05-12 09:00:00","UGRD","10 m above ground",89,26.75,0.729596
"2025-05-12 06:00:00","2025-05-12 09:00:00","UGRD","10 m above ground",82,27,1.9596
"2025-05-12 06:00:00","2025-05-12 09:00:00","UGRD","10 m above ground",82.25,27,0.609596
"2025-05-12 06:00:00","2025-05-12 09:00:00","UGRD","10 m above ground",82.5,27,2.2496
"2025-05-12 06:00:00","2025-05-12 09:00:00","UGRD","10 m above ground",82.75,27,1.7496
"2025-05-12 06:00:00","2025-05-12 09:00:00","UGRD","10 m above ground",83,27,1.6496
"2025-05-12 06:00:00","2025-05-12 09:00:00","UGRD","10 m above ground",83.25,27,4.0396
"2025-05-12 06:00:00","2025-05-12 09:00:00","UGRD","10 m above ground",83.5,27,1.6196
"2025-05-12 06:00:00","2025-05-12 09:00:00","UGRD","10 m above ground",83.75,27,0.339596
"2025-05-12 06:00:00","2025-05-12 09:00:00","UGRD","10 m above ground",84,27,-1.2404
"2025-05-12 06:00:00","2025-05-12 09:00:00","UGRD","10 m above ground",84.25,27,-0.770404
"2025-05-12 06:00:00","2025-05-12 09:00:00","UGRD","10 m above ground",84.5,27,2.6496
"2025-05-12 06:00:00","2025-05-12 09:00:00","UGRD","10 m above ground",84.75,27,2.6596
"2025-05-12 06:00:00","2025-05-12 09:00:00","UGRD","10 m above ground",85,27,3.6996
"2025-05-12 06:00:00","2025-05-12 09:00:00","UGRD","10 m above ground",85.25,27,3.6096
"2025-05-12 06:00:00","2025-05-12 09:00:00","UGRD","10 m above ground",85.5,27,1.6496
"2025-05-12 06:00:00","2025-05-12 09:00:00","UGRD","10 m above ground",85.75,27,0.339596
"2025-05-12 06:00:00","2025-05-12 09:00:00","UGRD","10 m above ground",86,27,-0.750404
"2025-05-12 06:00:00","2025-05-12 09:00:00","UGRD","10 m above ground",86.25,27,0.989596
"2025-05-12 06:00:00","2025-05-12 09:00:00","UGRD","10 m above ground",86.5,27,1.2996
"2025-05-12 06:00:00","2025-05-12 09:00:00","UGRD","10 m above ground",86.75,27,-0.190404
"2025-05-12 06:00:00","2025-05-12 09:00:00","UGRD","10 m above ground",87,27,1.0596
"2025-05-12 06:00:00","2025-05-12 09:00:00","UGRD","10 m above ground",87.25,27,0.179596
"2025-05-12 06:00:00","2025-05-12 09:00:00","UGRD","10 m above ground",87.5,27,0.169596
"2025-05-12 06:00:00","2025-05-12 09:00:00","UGRD","10 m above ground",87.75,27,0.379596
"2025-05-12 06:00:00","2025-05-12 09:00:00","UGRD","10 m above ground",88,27,1.2196
"2025-05-12 06:00:00","2025-05-12 09:00:00","UGRD","10 m above ground",88.25,27,0.519596
"2025-05-12 06:00:00","2025-05-12 09:00:00","UGRD","10 m above ground",88.5,27,0.389596
"2025-05-12 06:00:00","2025-05-12 09:00:00","UGRD","10 m above ground",88.75,27,1.0296
"2025-05-12 06:00:00","2025-05-12 09:00:00","UGRD","10 m above ground",89,27,0.599596
"2025-05-12 06:00:00","2025-05-12 09:00:00","UGRD","10 m above ground",82,27.25,3.8796
"2025-05-12 06:00:00","2025-05-12 09:00:00","UGRD","10 m above ground",82.25,27.25,0.899596
"2025-05-12 06:00:00","2025-05-12 09:00:00","UGRD","10 m above ground",82.5,27.25,2.3496
"2025-05-12 06:00:00","2025-05-12 09:00:00","UGRD","10 m above ground",82.75,27.25,1.9896
"2025-05-12 06:00:00","2025-05-12 09:00:00","UGRD","10 m above ground",83,27.25,2.3396
"2025-05-12 06:00:00","2025-05-12 09:00:00","UGRD","10 m above ground",83.25,27.25,2.7296
"2025-05-12 06:00:00","2025-05-12 09:00:00","UGRD","10 m above ground",83.5,27.25,1.8296
"2025-05-12 06:00:00","2025-05-12 09:00:00","UGRD","10 m above ground",83.75,27.25,0.409596
"2025-05-12 06:00:00","2025-05-12 09:00:00","UGRD","10 m above ground",84,27.25,0.709596
"2025-05-12 06:00:00","2025-05-12 09:00:00","UGRD","10 m above ground",84.25,27.25,0.0995959
"2025-05-12 06:00:00","2025-05-12 09:00:00","UGRD","10 m above ground",84.5,27.25,1.9596
"2025-05-12 06:00:00","2025-05-12 09:00:00","UGRD","10 m above ground",84.75,27.25,2.9296
"2025-05-12 06:00:00","2025-05-12 09:00:00","UGRD","10 m above ground",85,27.25,4.0396
"2025-05-12 06:00:00","2025-05-12 09:00:00","UGRD","10 m above ground",85.25,27.25,3.2296
"2025-05-12 06:00:00","2025-05-12 09:00:00","UGRD","10 m above ground",85.5,27.25,1.2896
"2025-05-12 06:00:00","2025-05-12 09:00:00","UGRD","10 m above ground",85.75,27.25,1.4996
"2025-05-12 06:00:00","2025-05-12 09:00:00","UGRD","10 m above ground",86,27.25,1.1396
"2025-05-12 06:00:00","2025-05-12 09:00:00","UGRD","10 m above ground",86.25,27.25,0.479596
"2025-05-12 06:00:00","2025-05-12 09:00:00","UGRD","10 m above ground",86.5,27.25,0.399596
"2025-05-12 06:00:00","2025-05-12 09:00:00","UGRD","10 m above ground",86.75,27.25,0.149596
"2025-05-12 06:00:00","2025-05-12 09:00:00","UGRD","10 m above ground",87,27.25,2.6596
"2025-05-12 06:00:00","2025-05-12 09:00:00","UGRD","10 m above ground",87.25,27.25,1.3996
"2025-05-12 06:00:00","2025-05-12 09:00:00","UGRD","10 m above ground",87.5,27.25,0.679596
"2025-05-12 06:00:00","2025-05-12 09:00:00","UGRD","10 m above ground",87.75,27.25,0.789596
"2025-05-12 06:00:00","2025-05-12 09:00:00","UGRD","10 m above ground",88,27.25,1.7296
"2025-05-12 06:00:00","2025-05-12 09:00:00","UGRD","10 m above ground",88.25,27.25,-1.5904
"2025-05-12 06:00:00","2025-05-12 09:00:00","UGRD","10 m above ground",88.5,27.25,0.0495959
"2025-05-12 06:00:00","2025-05-12 09:00:00","UGRD","10 m above ground",88.75,27.25,0.859596
"2025-05-12 06:00:00","2025-05-12 09:00:00","UGRD","10 m above ground",89,27.25,0.829596
"2025-05-12 06:00:00","2025-05-12 09:00:00","UGRD","10 m above ground",82,27.5,5.0896
"2025-05-12 06:00:00","2025-05-12 09:00:00","UGRD","10 m above ground",82.25,27.5,3.5296
"2025-05-12 06:00:00","2025-05-12 09:00:00","UGRD","10 m above ground",82.5,27.5,3.7596
"2025-05-12 06:00:00","2025-05-12 09:00:00","UGRD","10 m above ground",82.75,27.5,0.879596
"2025-05-12 06:00:00","2025-05-12 09:00:00","UGRD","10 m above ground",83,27.5,0.889596
"2025-05-12 06:00:00","2025-05-12 09:00:00","UGRD","10 m above ground",83.25,27.5,2.4796
"2025-05-12 06:00:00","2025-05-12 09:00:00","UGRD","10 m above ground",83.5,27.5,2.6296
"2025-05-12 06:00:00","2025-05-12 09:00:00","UGRD","10 m above ground",83.75,27.5,2.0696
"2025-05-12 06:00:00","2025-05-12 09:00:00","UGRD","10 m above ground",84,27.5,0.999596
"2025-05-12 06:00:00","2025-05-12 09:00:00","UGRD","10 m above ground",84.25,27.5,0.239596
"2025-05-12 06:00:00","2025-05-12 09:00:00","UGRD","10 m above ground",84.5,27.5,2.3996
"2025-05-12 06:00:00","2025-05-12 09:00:00","UGRD","10 m above ground",84.75,27.5,3.8396
"2025-05-12 06:00:00","2025-05-12 09:00:00","UGRD","10 m above ground",85,27.5,1.5096
"2025-05-12 06:00:00","2025-05-12 09:00:00","UGRD","10 m above ground",85.25,27.5,0.0295959
"2025-05-12 06:00:00","2025-05-12 09:00:00","UGRD","10 m above ground",85.5,27.5,-0.910404
"2025-05-12 06:00:00","2025-05-12 09:00:00","UGRD","10 m above ground",85.75,27.5,2.5296
"2025-05-12 06:00:00","2025-05-12 09:00:00","UGRD","10 m above ground",86,27.5,2.2496
"2025-05-12 06:00:00","2025-05-12 09:00:00","UGRD","10 m above ground",86.25,27.5,1.1696
"2025-05-12 06:00:00","2025-05-12 09:00:00","UGRD","10 m above ground",86.5,27.5,2.5696
"2025-05-12 06:00:00","2025-05-12 09:00:00","UGRD","10 m above ground",86.75,27.5,1.4296
"2025-05-12 06:00:00","2025-05-12 09:00:00","UGRD","10 m above ground",87,27.5,0.309596
"2025-05-12 06:00:00","2025-05-12 09:00:00","UGRD","10 m above ground",87.25,27.5,0.729596
"2025-05-12 06:00:00","2025-05-12 09:00:00","UGRD","10 m above ground",87.5,27.5,1.4896
"2025-05-12 06:00:00","2025-05-12 09:00:00","UGRD","10 m above ground",87.75,27.5,0.849596
"2025-05-12 06:00:00","2025-05-12 09:00:00","UGRD","10 m above ground",88,27.5,2.3496
"2025-05-12 06:00:00","2025-05-12 09:00:00","UGRD","10 m above ground",88.25,27.5,0.439596
"2025-05-12 06:00:00","2025-05-12 09:00:00","UGRD","10 m above ground",88.5,27.5,-0.0204041
"2025-05-12 06:00:00","2025-05-12 09:00:00","UGRD","10 m above ground",88.75,27.5,2.0696
"2025-05-12 06:00:00","2025-05-12 09:00:00","UGRD","10 m above ground",89,27.5,1.7696
"2025-05-12 06:00:00","2025-05-12 09:00:00","UGRD","10 m above ground",82,27.75,5.3196
"2025-05-12 06:00:00","2025-05-12 09:00:00","UGRD","10 m above ground",82.25,27.75,4.4696
"2025-05-12 06:00:00","2025-05-12 09:00:00","UGRD","10 m above ground",82.5,27.75,4.7296
"2025-05-12 06:00:00","2025-05-12 09:00:00","UGRD","10 m above ground",82.75,27.75,2.0696
"2025-05-12 06:00:00","2025-05-12 09:00:00","UGRD","10 m above ground",83,27.75,0.419596
"2025-05-12 06:00:00","2025-05-12 09:00:00","UGRD","10 m above ground",83.25,27.75,0.719596
"2025-05-12 06:00:00","2025-05-12 09:00:00","UGRD","10 m above ground",83.5,27.75,0.939596
"2025-05-12 06:00:00","2025-05-12 09:00:00","UGRD","10 m above ground",83.75,27.75,1.1096
"2025-05-12 06:00:00","2025-05-12 09:00:00","UGRD","10 m above ground",84,27.75,-0.170404
"2025-05-12 06:00:00","2025-05-12 09:00:00","UGRD","10 m above ground",84.25,27.75,0.149596
"2025-05-12 06:00:00","2025-05-12 09:00:00","UGRD","10 m above ground",84.5,27.75,2.2796
"2025-05-12 06:00:00","2025-05-12 09:00:00","UGRD","10 m above ground",84.75,27.75,2.0696
"2025-05-12 06:00:00","2025-05-12 09:00:00","UGRD","10 m above ground",85,27.75,-0.730404
"2025-05-12 06:00:00","2025-05-12 09:00:00","UGRD","10 m above ground",85.25,27.75,0.899596
"2025-05-12 06:00:00","2025-05-12 09:00:00","UGRD","10 m above ground",85.5,27.75,1.0896
"2025-05-12 06:00:00","2025-05-12 09:00:00","UGRD","10 m above ground",85.75,27.75,1.6496
"2025-05-12 06:00:00","2025-05-12 09:00:00","UGRD","10 m above ground",86,27.75,1.5096
"2025-05-12 06:00:00","2025-05-12 09:00:00","UGRD","10 m above ground",86.25,27.75,2.2196
"2025-05-12 06:00:00","2025-05-12 09:00:00","UGRD","10 m above ground",86.5,27.75,3.2596
"2025-05-12 06:00:00","2025-05-12 09:00:00","UGRD","10 m above ground",86.75,27.75,2.5396
"2025-05-12 06:00:00","2025-05-12 09:00:00","UGRD","10 m above ground",87,27.75,2.0196
"2025-05-12 06:00:00","2025-05-12 09:00:00","UGRD","10 m above ground",87.25,27.75,-0.750404
"2025-05-12 06:00:00","2025-05-12 09:00:00","UGRD","10 m above ground",87.5,27.75,1.7796
"2025-05-12 06:00:00","2025-05-12 09:00:00","UGRD","10 m above ground",87.75,27.75,0.899596
"2025-05-12 06:00:00","2025-05-12 09:00:00","UGRD","10 m above ground",88,27.75,1.7896
"2025-05-12 06:00:00","2025-05-12 09:00:00","UGRD","10 m above ground",88.25,27.75,0.399596
"2025-05-12 06:00:00","2025-05-12 09:00:00","UGRD","10 m above ground",88.5,27.75,-0.340404
"2025-05-12 06:00:00","2025-05-12 09:00:00","UGRD","10 m above ground",88.75,27.75,2.2096
"2025-05-12 06:00:00","2025-05-12 09:00:00","UGRD","10 m above ground",89,27.75,2.0396
"2025-05-12 06:00:00","2025-05-12 09:00:00","UGRD","10 m above ground",82,28,5.1496
"2025-05-12 06:00:00","2025-05-12 09:00:00","UGRD","10 m above ground",82.25,28,1.4696
"2025-05-12 06:00:00","2025-05-12 09:00:00","UGRD","10 m above ground",82.5,28,2.8796
"2025-05-12 06:00:00","2025-05-12 09:00:00","UGRD","10 m above ground",82.75,28,3.2696
"2025-05-12 06:00:00","2025-05-12 09:00:00","UGRD","10 m above ground",83,28,1.0396
"2025-05-12 06:00:00","2025-05-12 09:00:00","UGRD","10 m above ground",83.25,28,0.629596
"2025-05-12 06:00:00","2025-05-12 09:00:00","UGRD","10 m above ground",83.5,28,0.269596
"2025-05-12 06:00:00","2025-05-12 09:00:00","UGRD","10 m above ground",83.75,28,0.879596
"2025-05-12 06:00:00","2025-05-12 09:00:00","UGRD","10 m above ground",84,28,1.0796
"2025-05-12 06:00:00","2025-05-12 09:00:00","UGRD","10 m above ground",84.25,28,-0.000404053
"2025-05-12 06:00:00","2025-05-12 09:00:00","UGRD","10 m above ground",84.5,28,0.749596
"2025-05-12 06:00:00","2025-05-12 09:00:00","UGRD","10 m above ground",84.75,28,2.0796
"2025-05-12 06:00:00","2025-05-12 09:00:00","UGRD","10 m above ground",85,28,2.6396
"2025-05-12 06:00:00","2025-05-12 09:00:00","UGRD","10 m above ground",85.25,28,2.3696
"2025-05-12 06:00:00","2025-05-12 09:00:00","UGRD","10 m above ground",85.5,28,0.499596
"2025-05-12 06:00:00","2025-05-12 09:00:00","UGRD","10 m above ground",85.75,28,0.829596
"2025-05-12 06:00:00","2025-05-12 09:00:00","UGRD","10 m above ground",86,28,1.8496
"2025-05-12 06:00:00","2025-05-12 09:00:00","UGRD","10 m above ground",86.25,28,2.0096
"2025-05-12 06:00:00","2025-05-12 09:00:00","UGRD","10 m above ground",86.5,28,2.6896
"2025-05-12 06:00:00","2025-05-12 09:00:00","UGRD","10 m above ground",86.75,28,1.6496
"2025-05-12 06:00:00","2025-05-12 09:00:00","UGRD","10 m above ground",87,28,2.3596
"2025-05-12 06:00:00","2025-05-12 09:00:00","UGRD","10 m above ground",87.25,28,-1.7604
"2025-05-12 06:00:00","2025-05-12 09:00:00","UGRD","10 m above ground",87.5,28,1.6396
"2025-05-12 06:00:00","2025-05-12 09:00:00","UGRD","10 m above ground",87.75,28,1.8496
"2025-05-12 06:00:00","2025-05-12 09:00:00","UGRD","10 m above ground",88,28,3.1496
"2025-05-12 06:00:00","2025-05-12 09:00:00","UGRD","10 m above ground",88.25,28,-0.640404
"2025-05-12 06:00:00","2025-05-12 09:00:00","UGRD","10 m above ground",88.5,28,-1.3504
"2025-05-12 06:00:00","2025-05-12 09:00:00","UGRD","10 m above ground",88.75,28,1.2196
"2025-05-12 06:00:00","2025-05-12 09:00:00","UGRD","10 m above ground",89,28,2.2296
"2025-05-12 06:00:00","2025-05-12 09:00:00","VGRD","10 m above ground",82,23,0.513108
"2025-05-12 06:00:00","2025-05-12 09:00:00","VGRD","10 m above ground",82.25,23,1.04311
"2025-05-12 06:00:00","2025-05-12 09:00:00","VGRD","10 m above ground",82.5,23,-0.736892
"2025-05-12 06:00:00","2025-05-12 09:00:00","VGRD","10 m above ground",82.75,23,-0.896892
"2025-05-12 06:00:00","2025-05-12 09:00:00","VGRD","10 m above ground",83,23,-1.32689
"2025-05-12 06:00:00","2025-05-12 09:00:00","VGRD","10 m above ground",83.25,23,-1.78689
"2025-05-12 06:00:00","2025-05-12 09:00:00","VGRD","10 m above ground",83.5,23,-2.53689
"2025-05-12 06:00:00","2025-05-12 09:00:00","VGRD","10 m above ground",83.75,23,-3.51689
"2025-05-12 06:00:00","2025-05-12 09:00:00","VGRD","10 m above ground",84,23,-2.19689
"2025-05-12 06:00:00","2025-05-12 09:00:00","VGRD","10 m above ground",84.25,23,-3.39689
"2025-05-12 06:00:00","2025-05-12 09:00:00","VGRD","10 m above ground",84.5,23,-0.846892
"2025-05-12 06:00:00","2025-05-12 09:00:00","VGRD","10 m above ground",84.75,23,2.63311
"2025-05-12 06:00:00","2025-05-12 09:00:00","VGRD","10 m above ground",85,23,1.13311
"2025-05-12 06:00:00","2025-05-12 09:00:00","VGRD","10 m above ground",85.25,23,0.203108
"2025-05-12 06:00:00","2025-05-12 09:00:00","VGRD","10 m above ground",85.5,23,-0.146892
"2025-05-12 06:00:00","2025-05-12 09:00:00","VGRD","10 m above ground",85.75,23,1.48311
"2025-05-12 06:00:00","2025-05-12 09:00:00","VGRD","10 m above ground",86,23,2.95311
"2025-05-12 06:00:00","2025-05-12 09:00:00","VGRD","10 m above ground",86.25,23,-0.0368921
"2025-05-12 06:00:00","2025-05-12 09:00:00","VGRD","10 m above ground",86.5,23,-1.50689
"2025-05-12 06:00:00","2025-05-12 09:00:00","VGRD","10 m above ground",86.75,23,-0.246892
"2025-05-12 06:00:00","2025-05-12 09:00:00","VGRD","10 m above ground",87,23,-1.81689
"2025-05-12 06:00:00","2025-05-12 09:00:00","VGRD","10 m above ground",87.25,23,-3.00689
"2025-05-12 06:00:00","2025-05-12 09:00:00","VGRD","10 m above ground",87.5,23,-0.866892
"2025-05-12 06:00:00","2025-05-12 09:00:00","VGRD","10 m above ground",87.75,23,1.80311
"2025-05-12 06:00:00","2025-05-12 09:00:00","VGRD","10 m above ground",88,23,3.53311
"2025-05-12 06:00:00","2025-05-12 09:00:00","VGRD","10 m above ground",88.25,23,1.11311
"2025-05-12 06:00:00","2025-05-12 09:00:00","VGRD","10 m above ground",88.5,23,-2.27689
"2025-05-12 06:00:00","2025-05-12 09:00:00","VGRD","10 m above ground",88.75,23,-1.76689
"2025-05-12 06:00:00","2025-05-12 09:00:00","VGRD","10 m above ground",89,23,-2.48689
"2025-05-12 06:00:00","2025-05-12 09:00:00","VGRD","10 m above ground",82,23.25,-2.32689
"2025-05-12 06:00:00","2025-05-12 09:00:00","VGRD","10 m above ground",82.25,23.25,-2.90689
"2025-05-12 06:00:00","2025-05-12 09:00:00","VGRD","10 m above ground",82.5,23.25,-1.96689
"2025-05-12 06:00:00","2025-05-12 09:00:00","VGRD","10 m above ground",82.75,23.25,-3.14689
"2025-05-12 06:00:00","2025-05-12 09:00:00","VGRD","10 m above ground",83,23.25,-3.08689
"2025-05-12 06:00:00","2025-05-12 09:00:00","VGRD","10 m above ground",83.25,23.25,-2.50689
"2025-05-12 06:00:00","2025-05-12 09:00:00","VGRD","10 m above ground",83.5,23.25,-3.29689
"2025-05-12 06:00:00","2025-05-12 09:00:00","VGRD","10 m above ground",83.75,23.25,-3.17689
"2025-05-12 06:00:00","2025-05-12 09:00:00","VGRD","10 m above ground",84,23.25,-2.02689
"2025-05-12 06:00:00","2025-05-12 09:00:00","VGRD","10 m above ground",84.25,23.25,-0.966892
"2025-05-12 06:00:00","2025-05-12 09:00:00","VGRD","10 m above ground",84.5,23.25,-5.19689
"2025-05-12 06:00:00","2025-05-12 09:00:00","VGRD","10 m above ground",84.75,23.25,-2.98689
"2025-05-12 06:00:00","2025-05-12 09:00:00","VGRD","10 m above ground",85,23.25,0.0131079
"2025-05-12 06:00:00","2025-05-12 09:00:00","VGRD","10 m above ground",85.25,23.25,-0.926892
"2025-05-12 06:00:00","2025-05-12 09:00:00","VGRD","10 m above ground",85.5,23.25,-1.39689
"2025-05-12 06:00:00","2025-05-12 09:00:00","VGRD","10 m above ground",85.75,23.25,1.87311
"2025-05-12 06:00:00","2025-05-12 09:00:00","VGRD","10 m above ground",86,23.25,2.12311
"2025-05-12 06:00:00","2025-05-12 09:00:00","VGRD","10 m above ground",86.25,23.25,-0.766892
"2025-05-12 06:00:00","2025-05-12 09:00:00","VGRD","10 m above ground",86.5,23.25,-2.45689
"2025-05-12 06:00:00","2025-05-12 09:00:00","VGRD","10 m above ground",86.75,23.25,-2.65689
"2025-05-12 06:00:00","2025-05-12 09:00:00","VGRD","10 m above ground",87,23.25,-2.73689
"2025-05-12 06:00:00","2025-05-12 09:00:00","VGRD","10 m above ground",87.25,23.25,-1.51689
"2025-05-12 06:00:00","2025-05-12 09:00:00","VGRD","10 m above ground",87.5,23.25,-0.576892
"2025-05-12 06:00:00","2025-05-12 09:00:00","VGRD","10 m above ground",87.75,23.25,-2.78689
"2025-05-12 06:00:00","2025-05-12 09:00:00","VGRD","10 m above ground",88,23.25,-2.02689
"2025-05-12 06:00:00","2025-05-12 09:00:00","VGRD","10 m above ground",88.25,23.25,-2.05689
"2025-05-12 06:00:00","2025-05-12 09:00:00","VGRD","10 m above ground",88.5,23.25,-1.15689
"2025-05-12 06:00:00","2025-05-12 09:00:00","VGRD","10 m above ground",88.75,23.25,0.303108
"2025-05-12 06:00:00","2025-05-12 09:00:00","VGRD","10 m above ground",89,23.25,0.733108
"2025-05-12 06:00:00","2025-05-12 09:00:00","VGRD","10 m above ground",82,23.5,-1.46689
"2025-05-12 06:00:00","2025-05-12 09:00:00","VGRD","10 m above ground",82.25,23.5,-1.56689
"2025-05-12 06:00:00","2025-05-12 09:00:00","VGRD","10 m above ground",82.5,23.5,-1.65689
"2025-05-12 06:00:00","2025-05-12 09:00:00","VGRD","10 m above ground",82.75,23.5,-1.23689
"2025-05-12 06:00:00","2025-05-12 09:00:00","VGRD","10 m above ground",83,23.5,-0.746892
"2025-05-12 06:00:00","2025-05-12 09:00:00","VGRD","10 m above ground",83.25,23.5,-2.56689
"2025-05-12 06:00:00","2025-05-12 09:00:00","VGRD","10 m above ground",83.5,23.5,-1.99689
"2025-05-12 06:00:00","2025-05-12 09:00:00","VGRD","10 m above ground",83.75,23.5,-2.01689
"2025-05-12 06:00:00","2025-05-12 09:00:00","VGRD","10 m above ground",84,23.5,-2.95689
"2025-05-12 06:00:00","2025-05-12 09:00:00","VGRD","10 m above ground",84.25,23.5,-1.74689
"2025-05-12 06:00:00","2025-05-12 09:00:00","VGRD","10 m above ground",84.5,23.5,0.733108
"2025-05-12 06:00:00","2025-05-12 09:00:00","VGRD","10 m above ground",84.75,23.5,0.0331079
"2025-05-12 06:00:00","2025-05-12 09:00:00","VGRD","10 m above ground",85,23.5,-0.466892
"2025-05-12 06:00:00","2025-05-12 09:00:00","VGRD","10 m above ground",85.25,23.5,-1.40689
"2025-05-12 06:00:00","2025-05-12 09:00:00","VGRD","10 m above ground",85.5,23.5,-0.906892
"2025-05-12 06:00:00","2025-05-12 09:00:00","VGRD","10 m above ground",85.75,23.5,-1.39689
"2025-05-12 06:00:00","2025-05-12 09:00:00","VGRD","10 m above ground",86,23.5,-0.326892
"2025-05-12 06:00:00","2025-05-12 09:00:00","VGRD","10 m above ground",86.25,23.5,0.183108
"2025-05-12 06:00:00","2025-05-12 09:00:00","VGRD","10 m above ground",86.5,23.5,-1.54689
"2025-05-12 06:00:00","2025-05-12 09:00:00","VGRD","10 m above ground",86.75,23.5,-2.30689
"2025-05-12 06:00:00","2025-05-12 09:00:00","VGRD","10 m above ground",87,23.5,-2.46689
"2025-05-12 06:00:00","2025-05-12 09:00:00","VGRD","10 m above ground",87.25,23.5,-2.62689
"2025-05-12 06:00:00","2025-05-12 09:00:00","VGRD","10 m above ground",87.5,23.5,-1.93689
"2025-05-12 06:00:00","2025-05-12 09:00:00","VGRD","10 m above ground",87.75,23.5,1.13311
"2025-05-12 06:00:00","2025-05-12 09:00:00","VGRD","10 m above ground",88,23.5,1.20311
"2025-05-12 06:00:00","2025-05-12 09:00:00","VGRD","10 m above ground",88.25,23.5,1.85311
"2025-05-12 06:00:00","2025-05-12 09:00:00","VGRD","10 m above ground",88.5,23.5,2.05311
"2025-05-12 06:00:00","2025-05-12 09:00:00","VGRD","10 m above ground",88.75,23.5,1.62311
"2025-05-12 06:00:00","2025-05-12 09:00:00","VGRD","10 m above ground",89,23.5,3.05311
"2025-05-12 06:00:00","2025-05-12 09:00:00","VGRD","10 m above ground",82,23.75,-2.66689
"2025-05-12 06:00:00","2025-05-12 09:00:00","VGRD","10 m above ground",82.25,23.75,-2.35689
"2025-05-12 06:00:00","2025-05-12 09:00:00","VGRD","10 m above ground",82.5,23.75,-1.98689
"2025-05-12 06:00:00","2025-05-12 09:00:00","VGRD","10 m above ground",82.75,23.75,-0.896892
"2025-05-12 06:00:00","2025-05-12 09:00:00","VGRD","10 m above ground",83,23.75,-1.90689
"2025-05-12 06:00:00","2025-05-12 09:00:00","VGRD","10 m above ground",83.25,23.75,-2.24689
"2025-05-12 06:00:00","2025-05-12 09:00:00","VGRD","10 m above ground",83.5,23.75,-1.68689
"2025-05-12 06:00:00","2025-05-12 09:00:00","VGRD","10 m above ground",83.75,23.75,-1.65689
"2025-05-12 06:00:00","2025-05-12 09:00:00","VGRD","10 m above ground",84,23.75,-1.65689
"2025-05-12 06:00:00","2025-05-12 09:00:00","VGRD","10 m above ground",84.25,23.75,-3.26689
"2025-05-12 06:00:00","2025-05-12 09:00:00","VGRD","10 m above ground",84.5,23.75,-3.21689
"2025-05-12 06:00:00","2025-05-12 09:00:00","VGRD","10 m above ground",84.75,23.75,-2.87689
"2025-05-12 06:00:00","2025-05-12 09:00:00","VGRD","10 m above ground",85,23.75,-1.25689
"2025-05-12 06:00:00","2025-05-12 09:00:00","VGRD","10 m above ground",85.25,23.75,-1.18689
"2025-05-12 06:00:00","2025-05-12 09:00:00","VGRD","10 m above ground",85.5,23.75,-2.08689
"2025-05-12 06:00:00","2025-05-12 09:00:00","VGRD","10 m above ground",85.75,23.75,-4.44689
"2025-05-12 06:00:00","2025-05-12 09:00:00","VGRD","10 m above ground",86,23.75,-5.43689
"2025-05-12 06:00:00","2025-05-12 09:00:00","VGRD","10 m above ground",86.25,23.75,-3.27689
"2025-05-12 06:00:00","2025-05-12 09:00:00","VGRD","10 m above ground",86.5,23.75,-1.43689
"2025-05-12 06:00:00","2025-05-12 09:00:00","VGRD","10 m above ground",86.75,23.75,-2.02689
"2025-05-12 06:00:00","2025-05-12 09:00:00","VGRD","10 m above ground",87,23.75,-1.88689
"2025-05-12 06:00:00","2025-05-12 09:00:00","VGRD","10 m above ground",87.25,23.75,-1.34689
"2025-05-12 06:00:00","2025-05-12 09:00:00","VGRD","10 m above ground",87.5,23.75,-2.44689
"2025-05-12 06:00:00","2025-05-12 09:00:00","VGRD","10 m above ground",87.75,23.75,-3.23689
"2025-05-12 06:00:00","2025-05-12 09:00:00","VGRD","10 m above ground",88,23.75,-2.86689
"2025-05-12 06:00:00","2025-05-12 09:00:00","VGRD","10 m above ground",88.25,23.75,0.283108
"2025-05-12 06:00:00","2025-05-12 09:00:00","VGRD","10 m above ground",88.5,23.75,2.39311
"2025-05-12 06:00:00","2025-05-12 09:00:00","VGRD","10 m above ground",88.75,23.75,2.37311
"2025-05-12 06:00:00","2025-05-12 09:00:00","VGRD","10 m above ground",89,23.75,3.75311
"2025-05-12 06:00:00","2025-05-12 09:00:00","VGRD","10 m above ground",82,24,-1.93689
"2025-05-12 06:00:00","2025-05-12 09:00:00","VGRD","10 m above ground",82.25,24,-2.50689
"2025-05-12 06:00:00","2025-05-12 09:00:00","VGRD","10 m above ground",82.5,24,-3.79689
"2025-05-12 06:00:00","2025-05-12 09:00:00","VGRD","10 m above ground",82.75,24,-3.28689
"2025-05-12 06:00:00","2025-05-12 09:00:00","VGRD","10 m above ground",83,24,-2.41689
"2025-05-12 06:00:00","2025-05-12 09:00:00","VGRD","10 m above ground",83.25,24,-1.86689
"2025-05-12 06:00:00","2025-05-12 09:00:00","VGRD","10 m above ground",83.5,24,-0.636892
"2025-05-12 06:00:00","2025-05-12 09:00:00","VGRD","10 m above ground",83.75,24,-0.936892
"2025-05-12 06:00:00","2025-05-12 09:00:00","VGRD","10 m above ground",84,24,-1.02689
"2025-05-12 06:00:00","2025-05-12 09:00:00","VGRD","10 m above ground",84.25,24,-2.00689
"2025-05-12 06:00:00","2025-05-12 09:00:00","VGRD","10 m above ground",84.5,24,-2.08689
"2025-05-12 06:00:00","2025-05-12 09:00:00","VGRD","10 m above ground",84.75,24,-2.05689
"2025-05-12 06:00:00","2025-05-12 09:00:00","VGRD","10 m above ground",85,24,-2.46689
"2025-05-12 06:00:00","2025-05-12 09:00:00","VGRD","10 m above ground",85.25,24,-2.50689
"2025-05-12 06:00:00","2025-05-12 09:00:00","VGRD","10 m above ground",85.5,24,-2.26689
"2025-05-12 06:00:00","2025-05-12 09:00:00","VGRD","10 m above ground",85.75,24,-2.65689
"2025-05-12 06:00:00","2025-05-12 09:00:00","VGRD","10 m above ground",86,24,-2.93689
"2025-05-12 06:00:00","2025-05-12 09:00:00","VGRD","10 m above ground",86.25,24,-2.05689
"2025-05-12 06:00:00","2025-05-12 09:00:00","VGRD","10 m above ground",86.5,24,-2.06689
"2025-05-12 06:00:00","2025-05-12 09:00:00","VGRD","10 m above ground",86.75,24,-1.77689
"2025-05-12 06:00:00","2025-05-12 09:00:00","VGRD","10 m above ground",87,24,-1.28689
"2025-05-12 06:00:00","2025-05-12 09:00:00","VGRD","10 m above ground",87.25,24,-2.02689
"2025-05-12 06:00:00","2025-05-12 09:00:00","VGRD","10 m above ground",87.5,24,-2.20689
"2025-05-12 06:00:00","2025-05-12 09:00:00","VGRD","10 m above ground",87.75,24,0.413108
"2025-05-12 06:00:00","2025-05-12 09:00:00","VGRD","10 m above ground",88,24,1.10311
"2025-05-12 06:00:00","2025-05-12 09:00:00","VGRD","10 m above ground",88.25,24,-0.196892
"2025-05-12 06:00:00","2025-05-12 09:00:00","VGRD","10 m above ground",88.5,24,0.863108
"2025-05-12 06:00:00","2025-05-12 09:00:00","VGRD","10 m above ground",88.75,24,1.32311
"2025-05-12 06:00:00","2025-05-12 09:00:00","VGRD","10 m above ground",89,24,2.09311
"2025-05-12 06:00:00","2025-05-12 09:00:00","VGRD","10 m above ground",82,24.25,-2.03689
"2025-05-12 06:00:00","2025-05-12 09:00:00","VGRD","10 m above ground",82.25,24.25,-3.42689
"2025-05-12 06:00:00","2025-05-12 09:00:00","VGRD","10 m above ground",82.5,24.25,-4.41689
"2025-05-12 06:00:00","2025-05-12 09:00:00","VGRD","10 m above ground",82.75,24.25,-4.08689
"2025-05-12 06:00:00","2025-05-12 09:00:00","VGRD","10 m above ground",83,24.25,-2.17689
"2025-05-12 06:00:00","2025-05-12 09:00:00","VGRD","10 m above ground",83.25,24.25,-0.726892
"2025-05-12 06:00:00","2025-05-12 09:00:00","VGRD","10 m above ground",83.5,24.25,-0.226892
"2025-05-12 06:00:00","2025-05-12 09:00:00","VGRD","10 m above ground",83.75,24.25,0.303108
"2025-05-12 06:00:00","2025-05-12 09:00:00","VGRD","10 m above ground",84,24.25,0.733108
"2025-05-12 06:00:00","2025-05-12 09:00:00","VGRD","10 m above ground",84.25,24.25,0.723108
"2025-05-12 06:00:00","2025-05-12 09:00:00","VGRD","10 m above ground",84.5,24.25,0.603108
"2025-05-12 06:00:00","2025-05-12 09:00:00","VGRD","10 m above ground",84.75,24.25,-0.206892
"2025-05-12 06:00:00","2025-05-12 09:00:00","VGRD","10 m above ground",85,24.25,-1.23689
"2025-05-12 06:00:00","2025-05-12 09:00:00","VGRD","10 m above ground",85.25,24.25,-1.94689
"2025-05-12 06:00:00","2025-05-12 09:00:00","VGRD","10 m above ground",85.5,24.25,-2.86689
"2025-05-12 06:00:00","2025-05-12 09:00:00","VGRD","10 m above ground",85.75,24.25,-2.64689
"2025-05-12 06:00:00","2025-05-12 09:00:00","VGRD","10 m above ground",86,24.25,-0.946892
"2025-05-12 06:00:00","2025-05-12 09:00:00","VGRD","10 m above ground",86.25,24.25,-0.0368921
"2025-05-12 06:00:00","2025-05-12 09:00:00","VGRD","10 m above ground",86.5,24.25,-1.79689
"2025-05-12 06:00:00","2025-05-12 09:00:00","VGRD","10 m above ground",86.75,24.25,-2.79689
"2025-05-12 06:00:00","2025-05-12 09:00:00","VGRD","10 m above ground",87,24.25,-1.11689
"2025-05-12 06:00:00","2025-05-12 09:00:00","VGRD","10 m above ground",87.25,24.25,-0.176892
"2025-05-12 06:00:00","2025-05-12 09:00:00","VGRD","10 m above ground",87.5,24.25,0.633108
"2025-05-12 06:00:00","2025-05-12 09:00:00","VGRD","10 m above ground",87.75,24.25,0.603108
"2025-05-12 06:00:00","2025-05-12 09:00:00","VGRD","10 m above ground",88,24.25,-0.0868921
"2025-05-12 06:00:00","2025-05-12 09:00:00","VGRD","10 m above ground",88.25,24.25,0.813108
"2025-05-12 06:00:00","2025-05-12 09:00:00","VGRD","10 m above ground",88.5,24.25,0.923108
"2025-05-12 06:00:00","2025-05-12 09:00:00","VGRD","10 m above ground",88.75,24.25,0.453108
"2025-05-12 06:00:00","2025-05-12 09:00:00","VGRD","10 m above ground",89,24.25,1.64311
"2025-05-12 06:00:00","2025-05-12 09:00:00","VGRD","10 m above ground",82,24.5,-4.09689
"2025-05-12 06:00:00","2025-05-12 09:00:00","VGRD","10 m above ground",82.25,24.5,-4.32689
"2025-05-12 06:00:00","2025-05-12 09:00:00","VGRD","10 m above ground",82.5,24.5,-4.96689
"2025-05-12 06:00:00","2025-05-12 09:00:00","VGRD","10 m above ground",82.75,24.5,-4.83689
"2025-05-12 06:00:00","2025-05-12 09:00:00","VGRD","10 m above ground",83,24.5,-4.46689
"2025-05-12 06:00:00","2025-05-12 09:00:00","VGRD","10 m above ground",83.25,24.5,-4.09689
"2025-05-12 06:00:00","2025-05-12 09:00:00","VGRD","10 m above ground",83.5,24.5,-3.79689
"2025-05-12 06:00:00","2025-05-12 09:00:00","VGRD","10 m above ground",83.75,24.5,-3.21689
"2025-05-12 06:00:00","2025-05-12 09:00:00","VGRD","10 m above ground",84,24.5,-2.46689
"2025-05-12 06:00:00","2025-05-12 09:00:00","VGRD","10 m above ground",84.25,24.5,-2.48689
"2025-05-12 06:00:00","2025-05-12 09:00:00","VGRD","10 m above ground",84.5,24.5,-2.13689
"2025-05-12 06:00:00","2025-05-12 09:00:00","VGRD","10 m above ground",84.75,24.5,-1.31689
"2025-05-12 06:00:00","2025-05-12 09:00:00","VGRD","10 m above ground",85,24.5,-1.72689
"2025-05-12 06:00:00","2025-05-12 09:00:00","VGRD","10 m above ground",85.25,24.5,-1.81689
"2025-05-12 06:00:00","2025-05-12 09:00:00","VGRD","10 m above ground",85.5,24.5,-0.196892
"2025-05-12 06:00:00","2025-05-12 09:00:00","VGRD","10 m above ground",85.75,24.5,1.35311
"2025-05-12 06:00:00","2025-05-12 09:00:00","VGRD","10 m above ground",86,24.5,-0.126892
"2025-05-12 06:00:00","2025-05-12 09:00:00","VGRD","10 m above ground",86.25,24.5,-2.97689
"2025-05-12 06:00:00","2025-05-12 09:00:00","VGRD","10 m above ground",86.5,24.5,-3.10689
"2025-05-12 06:00:00","2025-05-12 09:00:00","VGRD","10 m above ground",86.75,24.5,-1.70689
"2025-05-12 06:00:00","2025-05-12 09:00:00","VGRD","10 m above ground",87,24.5,-1.39689
"2025-05-12 06:00:00","2025-05-12 09:00:00","VGRD","10 m above ground",87.25,24.5,-1.60689
"2025-05-12 06:00:00","2025-05-12 09:00:00","VGRD","10 m above ground",87.5,24.5,-1.81689
"2025-05-12 06:00:00","2025-05-12 09:00:00","VGRD","10 m above ground",87.75,24.5,-1.87689
"2025-05-12 06:00:00","2025-05-12 09:00:00","VGRD","10 m above ground",88,24.5,-2.52689
"2025-05-12 06:00:00","2025-05-12 09:00:00","VGRD","10 m above ground",88.25,24.5,-1.91689
"2025-05-12 06:00:00","2025-05-12 09:00:00","VGRD","10 m above ground",88.5,24.5,0.443108
"2025-05-12 06:00:00","2025-05-12 09:00:00","VGRD","10 m above ground",88.75,24.5,1.69311
"2025-05-12 06:00:00","2025-05-12 09:00:00","VGRD","10 m above ground",89,24.5,1.44311
"2025-05-12 06:00:00","2025-05-12 09:00:00","VGRD","10 m above ground",82,24.75,-4.15689
"2025-05-12 06:00:00","2025-05-12 09:00:00","VGRD","10 m above ground",82.25,24.75,-3.46689
"2025-05-12 06:00:00","2025-05-12 09:00:00","VGRD","10 m above ground",82.5,24.75,-2.91689
"2025-05-12 06:00:00","2025-05-12 09:00:00","VGRD","10 m above ground",82.75,24.75,-3.06689
"2025-05-12 06:00:00","2025-05-12 09:00:00","VGRD","10 m above ground",83,24.75,-3.08689
"2025-05-12 06:00:00","2025-05-12 09:00:00","VGRD","10 m above ground",83.25,24.75,-3.24689
"2025-05-12 06:00:00","2025-05-12 09:00:00","VGRD","10 m above ground",83.5,24.75,-3.22689
"2025-05-12 06:00:00","2025-05-12 09:00:00","VGRD","10 m above ground",83.75,24.75,-3.75689
"2025-05-12 06:00:00","2025-05-12 09:00:00","VGRD","10 m above ground",84,24.75,-3.69689
"2025-05-12 06:00:00","2025-05-12 09:00:00","VGRD","10 m above ground",84.25,24.75,-1.81689
"2025-05-12 06:00:00","2025-05-12 09:00:00","VGRD","10 m above ground",84.5,24.75,0.283108
"2025-05-12 06:00:00","2025-05-12 09:00:00","VGRD","10 m above ground",84.75,24.75,0.253108
"2025-05-12 06:00:00","2025-05-12 09:00:00","VGRD","10 m above ground",85,24.75,-0.146892
"2025-05-12 06:00:00","2025-05-12 09:00:00","VGRD","10 m above ground",85.25,24.75,0.443108
"2025-05-12 06:00:00","2025-05-12 09:00:00","VGRD","10 m above ground",85.5,24.75,1.73311
"2025-05-12 06:00:00","2025-05-12 09:00:00","VGRD","10 m above ground",85.75,24.75,0.00310791
"2025-05-12 06:00:00","2025-05-12 09:00:00","VGRD","10 m above ground",86,24.75,-2.45689
"2025-05-12 06:00:00","2025-05-12 09:00:00","VGRD","10 m above ground",86.25,24.75,-3.38689
"2025-05-12 06:00:00","2025-05-12 09:00:00","VGRD","10 m above ground",86.5,24.75,-2.35689
"2025-05-12 06:00:00","2025-05-12 09:00:00","VGRD","10 m above ground",86.75,24.75,-1.82689
"2025-05-12 06:00:00","2025-05-12 09:00:00","VGRD","10 m above ground",87,24.75,-3.62689
"2025-05-12 06:00:00","2025-05-12 09:00:00","VGRD","10 m above ground",87.25,24.75,-4.17689
"2025-05-12 06:00:00","2025-05-12 09:00:00","VGRD","10 m above ground",87.5,24.75,-3.86689
"2025-05-12 06:00:00","2025-05-12 09:00:00","VGRD","10 m above ground",87.75,24.75,-3.87689
"2025-05-12 06:00:00","2025-05-12 09:00:00","VGRD","10 m above ground",88,24.75,-3.24689
"2025-05-12 06:00:00","2025-05-12 09:00:00","VGRD","10 m above ground",88.25,24.75,-3.45689
"2025-05-12 06:00:00","2025-05-12 09:00:00","VGRD","10 m above ground",88.5,24.75,-2.57689
"2025-05-12 06:00:00","2025-05-12 09:00:00","VGRD","10 m above ground",88.75,24.75,-2.10689
"2025-05-12 06:00:00","2025-05-12 09:00:00","VGRD","10 m above ground",89,24.75,-1.16689
"2025-05-12 06:00:00","2025-05-12 09:00:00","VGRD","10 m above ground",82,25,-3.46689
"2025-05-12 06:00:00","2025-05-12 09:00:00","VGRD","10 m above ground",82.25,25,-3.04689
"2025-05-12 06:00:00","2025-05-12 09:00:00","VGRD","10 m above ground",82.5,25,-2.80689
"2025-05-12 06:00:00","2025-05-12 09:00:00","VGRD","10 m above ground",82.75,25,-2.97689
"2025-05-12 06:00:00","2025-05-12 09:00:00","VGRD","10 m above ground",83,25,-2.96689
"2025-05-12 06:00:00","2025-05-12 09:00:00","VGRD","10 m above ground",83.25,25,-3.17689
"2025-05-12 06:00:00","2025-05-12 09:00:00","VGRD","10 m above ground",83.5,25,-3.63689
"2025-05-12 06:00:00","2025-05-12 09:00:00","VGRD","10 m above ground",83.75,25,-3.64689
"2025-05-12 06:00:00","2025-05-12 09:00:00","VGRD","10 m above ground",84,25,-3.88689
"2025-05-12 06:00:00","2025-05-12 09:00:00","VGRD","10 m above ground",84.25,25,-3.15689
"2025-05-12 06:00:00","2025-05-12 09:00:00","VGRD","10 m above ground",84.5,25,-1.41689
"2025-05-12 06:00:00","2025-05-12 09:00:00","VGRD","10 m above ground",84.75,25,-0.646892
"2025-05-12 06:00:00","2025-05-12 09:00:00","VGRD","10 m above ground",85,25,0.723108
"2025-05-12 06:00:00","2025-05-12 09:00:00","VGRD","10 m above ground",85.25,25,-0.546892
"2025-05-12 06:00:00","2025-05-12 09:00:00","VGRD","10 m above ground",85.5,25,-1.94689
"2025-05-12 06:00:00","2025-05-12 09:00:00","VGRD","10 m above ground",85.75,25,-3.31689
"2025-05-12 06:00:00","2025-05-12 09:00:00","VGRD","10 m above ground",86,25,-2.40689
"2025-05-12 06:00:00","2025-05-12 09:00:00","VGRD","10 m above ground",86.25,25,-0.576892
"2025-05-12 06:00:00","2025-05-12 09:00:00","VGRD","10 m above ground",86.5,25,-1.71689
"2025-05-12 06:00:00","2025-05-12 09:00:00","VGRD","10 m above ground",86.75,25,-3.23689
"2025-05-12 06:00:00","2025-05-12 09:00:00","VGRD","10 m above ground",87,25,-3.64689
"2025-05-12 06:00:00","2025-05-12 09:00:00","VGRD","10 m above ground",87.25,25,-3.76689
"2025-05-12 06:00:00","2025-05-12 09:00:00","VGRD","10 m above ground",87.5,25,-2.71689
"2025-05-12 06:00:00","2025-05-12 09:00:00","VGRD","10 m above ground",87.75,25,-1.74689
"2025-05-12 06:00:00","2025-05-12 09:00:00","VGRD","10 m above ground",88,25,-1.10689
"2025-05-12 06:00:00","2025-05-12 09:00:00","VGRD","10 m above ground",88.25,25,-0.746892
"2025-05-12 06:00:00","2025-05-12 09:00:00","VGRD","10 m above ground",88.5,25,0.223108
"2025-05-12 06:00:00","2025-05-12 09:00:00","VGRD","10 m above ground",88.75,25,0.353108
"2025-05-12 06:00:00","2025-05-12 09:00:00","VGRD","10 m above ground",89,25,0.933108
"2025-05-12 06:00:00","2025-05-12 09:00:00","VGRD","10 m above ground",82,25.25,-2.59689
"2025-05-12 06:00:00","2025-05-12 09:00:00","VGRD","10 m above ground",82.25,25.25,-2.60689
"2025-05-12 06:00:00","2025-05-12 09:00:00","VGRD","10 m above ground",82.5,25.25,-3.00689
"2025-05-12 06:00:00","2025-05-12 09:00:00","VGRD","10 m above ground",82.75,25.25,-2.78689
"2025-05-12 06:00:00","2025-05-12 09:00:00","VGRD","10 m above ground",83,25.25,-2.78689
"2025-05-12 06:00:00","2025-05-12 09:00:00","VGRD","10 m above ground",83.25,25.25,-2.15689
"2025-05-12 06:00:00","2025-05-12 09:00:00","VGRD","10 m above ground",83.5,25.25,-2.74689
"2025-05-12 06:00:00","2025-05-12 09:00:00","VGRD","10 m above ground",83.75,25.25,-2.66689
"2025-05-12 06:00:00","2025-05-12 09:00:00","VGRD","10 m above ground",84,25.25,-1.81689
"2025-05-12 06:00:00","2025-05-12 09:00:00","VGRD","10 m above ground",84.25,25.25,-1.79689
"2025-05-12 06:00:00","2025-05-12 09:00:00","VGRD","10 m above ground",84.5,25.25,-0.746892
"2025-05-12 06:00:00","2025-05-12 09:00:00","VGRD","10 m above ground",84.75,25.25,0.223108
"2025-05-12 06:00:00","2025-05-12 09:00:00","VGRD","10 m above ground",85,25.25,0.00310791
"2025-05-12 06:00:00","2025-05-12 09:00:00","VGRD","10 m above ground",85.25,25.25,-0.626892
"2025-05-12 06:00:00","2025-05-12 09:00:00","VGRD","10 m above ground",85.5,25.25,-2.67689
"2025-05-12 06:00:00","2025-05-12 09:00:00","VGRD","10 m above ground",85.75,25.25,-1.48689
"2025-05-12 06:00:00","2025-05-12 09:00:00","VGRD","10 m above ground",86,25.25,-2.20689
"2025-05-12 06:00:00","2025-05-12 09:00:00","VGRD","10 m above ground",86.25,25.25,-3.56689
"2025-05-12 06:00:00","2025-05-12 09:00:00","VGRD","10 m above ground",86.5,25.25,-3.08689
"2025-05-12 06:00:00","2025-05-12 09:00:00","VGRD","10 m above ground",86.75,25.25,-2.73689
"2025-05-12 06:00:00","2025-05-12 09:00:00","VGRD","10 m above ground",87,25.25,0.0531079
"2025-05-12 06:00:00","2025-05-12 09:00:00","VGRD","10 m above ground",87.25,25.25,1.73311
"2025-05-12 06:00:00","2025-05-12 09:00:00","VGRD","10 m above ground",87.5,25.25,1.09311
"2025-05-12 06:00:00","2025-05-12 09:00:00","VGRD","10 m above ground",87.75,25.25,0.833108
"2025-05-12 06:00:00","2025-05-12 09:00:00","VGRD","10 m above ground",88,25.25,2.86311
"2025-05-12 06:00:00","2025-05-12 09:00:00","VGRD","10 m above ground",88.25,25.25,3.23311
"2025-05-12 06:00:00","2025-05-12 09:00:00","VGRD","10 m above ground",88.5,25.25,2.42311
"2025-05-12 06:00:00","2025-05-12 09:00:00","VGRD","10 m above ground",88.75,25.25,1.32311
"2025-05-12 06:00:00","2025-05-12 09:00:00","VGRD","10 m above ground",89,25.25,1.09311
"2025-05-12 06:00:00","2025-05-12 09:00:00","VGRD","10 m above ground",82,25.5,-2.33689
"2025-05-12 06:00:00","2025-05-12 09:00:00","VGRD","10 m above ground",82.25,25.5,-3.98689
"2025-05-12 06:00:00","2025-05-12 09:00:00","VGRD","10 m above ground",82.5,25.5,-4.66689
"2025-05-12 06:00:00","2025-05-12 09:00:00","VGRD","10 m above ground",82.75,25.5,-3.86689
"2025-05-12 06:00:00","2025-05-12 09:00:00","VGRD","10 m above ground",83,25.5,-3.06689
"2025-05-12 06:00:00","2025-05-12 09:00:00","VGRD","10 m above ground",83.25,25.5,-1.45689
"2025-05-12 06:00:00","2025-05-12 09:00:00","VGRD","10 m above ground",83.5,25.5,-0.636892
"2025-05-12 06:00:00","2025-05-12 09:00:00","VGRD","10 m above ground",83.75,25.5,-0.686892
"2025-05-12 06:00:00","2025-05-12 09:00:00","VGRD","10 m above ground",84,25.5,-0.516892
"2025-05-12 06:00:00","2025-05-12 09:00:00","VGRD","10 m above ground",84.25,25.5,-0.546892
"2025-05-12 06:00:00","2025-05-12 09:00:00","VGRD","10 m above ground",84.5,25.5,-1.33689
"2025-05-12 06:00:00","2025-05-12 09:00:00","VGRD","10 m above ground",84.75,25.5,-1.15689
"2025-05-12 06:00:00","2025-05-12 09:00:00","VGRD","10 m above ground",85,25.5,-1.44689
"2025-05-12 06:00:00","2025-05-12 09:00:00","VGRD","10 m above ground",85.25,25.5,-2.26689
"2025-05-12 06:00:00","2025-05-12 09:00:00","VGRD","10 m above ground",85.5,25.5,-2.77689
"2025-05-12 06:00:00","2025-05-12 09:00:00","VGRD","10 m above ground",85.75,25.5,-3.03689
"2025-05-12 06:00:00","2025-05-12 09:00:00","VGRD","10 m above ground",86,25.5,-2.17689
"2025-05-12 06:00:00","2025-05-12 09:00:00","VGRD","10 m above ground",86.25,25.5,-0.626892
"2025-05-12 06:00:00","2025-05-12 09:00:00","VGRD","10 m above ground",86.5,25.5,0.343108
"2025-05-12 06:00:00","2025-05-12 09:00:00","VGRD","10 m above ground",86.75,25.5,0.553108
"2025-05-12 06:00:00","2025-05-12 09:00:00","VGRD","10 m above ground",87,25.5,0.153108
"2025-05-12 06:00:00","2025-05-12 09:00:00","VGRD","10 m above ground",87.25,25.5,0.333108
"2025-05-12 06:00:00","2025-05-12 09:00:00","VGRD","10 m above ground",87.5,25.5,2.04311
"2025-05-12 06:00:00","2025-05-12 09:00:00","VGRD","10 m above ground",87.75,25.5,1.29311
"2025-05-12 06:00:00","2025-05-12 09:00:00","VGRD","10 m above ground",88,25.5,1.16311
"2025-05-12 06:00:00","2025-05-12 09:00:00","VGRD","10 m above ground",88.25,25.5,1.35311
"2025-05-12 06:00:00","2025-05-12 09:00:00","VGRD","10 m above ground",88.5,25.5,0.143108
"2025-05-12 06:00:00","2025-05-12 09:00:00","VGRD","10 m above ground",88.75,25.5,-0.686892
"2025-05-12 06:00:00","2025-05-12 09:00:00","VGRD","10 m above ground",89,25.5,-0.826892
"2025-05-12 06:00:00","2025-05-12 09:00:00","VGRD","10 m above ground",82,25.75,-3.97689
"2025-05-12 06:00:00","2025-05-12 09:00:00","VGRD","10 m above ground",82.25,25.75,-4.26689
"2025-05-12 06:00:00","2025-05-12 09:00:00","VGRD","10 m above ground",82.5,25.75,-3.84689
"2025-05-12 06:00:00","2025-05-12 09:00:00","VGRD","10 m above ground",82.75,25.75,-3.74689
"2025-05-12 06:00:00","2025-05-12 09:00:00","VGRD","10 m above ground",83,25.75,-3.16689
"2025-05-12 06:00:00","2025-05-12 09:00:00","VGRD","10 m above ground",83.25,25.75,-1.79689
"2025-05-12 06:00:00","2025-05-12 09:00:00","VGRD","10 m above ground",83.5,25.75,-0.576892
"2025-05-12 06:00:00","2025-05-12 09:00:00","VGRD","10 m above ground",83.75,25.75,-0.536892
"2025-05-12 06:00:00","2025-05-12 09:00:00","VGRD","10 m above ground",84,25.75,-0.676892
"2025-05-12 06:00:00","2025-05-12 09:00:00","VGRD","10 m above ground",84.25,25.75,-0.0368921
"2025-05-12 06:00:00","2025-05-12 09:00:00","VGRD","10 m above ground",84.5,25.75,-0.986892
"2025-05-12 06:00:00","2025-05-12 09:00:00","VGRD","10 m above ground",84.75,25.75,-1.40689
"2025-05-12 06:00:00","2025-05-12 09:00:00","VGRD","10 m above ground",85,25.75,-1.80689
"2025-05-12 06:00:00","2025-05-12 09:00:00","VGRD","10 m above ground",85.25,25.75,-0.516892
"2025-05-12 06:00:00","2025-05-12 09:00:00","VGRD","10 m above ground",85.5,25.75,-0.606892
"2025-05-12 06:00:00","2025-05-12 09:00:00","VGRD","10 m above ground",85.75,25.75,-1.25689
"2025-05-12 06:00:00","2025-05-12 09:00:00","VGRD","10 m above ground",86,25.75,-0.466892
"2025-05-12 06:00:00","2025-05-12 09:00:00","VGRD","10 m above ground",86.25,25.75,-0.326892
"2025-05-12 06:00:00","2025-05-12 09:00:00","VGRD","10 m above ground",86.5,25.75,-0.396892
"2025-05-12 06:00:00","2025-05-12 09:00:00","VGRD","10 m above ground",86.75,25.75,-0.0868921
"2025-05-12 06:00:00","2025-05-12 09:00:00","VGRD","10 m above ground",87,25.75,-0.716892
"2025-05-12 06:00:00","2025-05-12 09:00:00","VGRD","10 m above ground",87.25,25.75,-0.956892
"2025-05-12 06:00:00","2025-05-12 09:00:00","VGRD","10 m above ground",87.5,25.75,-1.09689
"2025-05-12 06:00:00","2025-05-12 09:00:00","VGRD","10 m above ground",87.75,25.75,-1.04689
"2025-05-12 06:00:00","2025-05-12 09:00:00","VGRD","10 m above ground",88,25.75,-0.266892
"2025-05-12 06:00:00","2025-05-12 09:00:00","VGRD","10 m above ground",88.25,25.75,0.483108
"2025-05-12 06:00:00","2025-05-12 09:00:00","VGRD","10 m above ground",88.5,25.75,0.413108
"2025-05-12 06:00:00","2025-05-12 09:00:00","VGRD","10 m above ground",88.75,25.75,1.43311
"2025-05-12 06:00:00","2025-05-12 09:00:00","VGRD","10 m above ground",89,25.75,2.32311
"2025-05-12 06:00:00","2025-05-12 09:00:00","VGRD","10 m above ground",82,26,-3.92689
"2025-05-12 06:00:00","2025-05-12 09:00:00","VGRD","10 m above ground",82.25,26,-4.15689
"2025-05-12 06:00:00","2025-05-12 09:00:00","VGRD","10 m above ground",82.5,26,-4.37689
"2025-05-12 06:00:00","2025-05-12 09:00:00","VGRD","10 m above ground",82.75,26,-4.29689
"2025-05-12 06:00:00","2025-05-12 09:00:00","VGRD","10 m above ground",83,26,-3.96689
"2025-05-12 06:00:00","2025-05-12 09:00:00","VGRD","10 m above ground",83.25,26,-3.45689
"2025-05-12 06:00:00","2025-05-12 09:00:00","VGRD","10 m above ground",83.5,26,-2.89689
"2025-05-12 06:00:00","2025-05-12 09:00:00","VGRD","10 m above ground",83.75,26,-2.39689
"2025-05-12 06:00:00","2025-05-12 09:00:00","VGRD","10 m above ground",84,26,-2.17689
"2025-05-12 06:00:00","2025-05-12 09:00:00","VGRD","10 m above ground",84.25,26,-1.98689
"2025-05-12 06:00:00","2025-05-12 09:00:00","VGRD","10 m above ground",84.5,26,-2.71689
"2025-05-12 06:00:00","2025-05-12 09:00:00","VGRD","10 m above ground",84.75,26,-3.18689
"2025-05-12 06:00:00","2025-05-12 09:00:00","VGRD","10 m above ground",85,26,-2.36689
"2025-05-12 06:00:00","2025-05-12 09:00:00","VGRD","10 m above ground",85.25,26,-2.64689
"2025-05-12 06:00:00","2025-05-12 09:00:00","VGRD","10 m above ground",85.5,26,-1.00689
"2025-05-12 06:00:00","2025-05-12 09:00:00","VGRD","10 m above ground",85.75,26,0.0731079
"2025-05-12 06:00:00","2025-05-12 09:00:00","VGRD","10 m above ground",86,26,-1.60689
"2025-05-12 06:00:00","2025-05-12 09:00:00","VGRD","10 m above ground",86.25,26,-1.55689
"2025-05-12 06:00:00","2025-05-12 09:00:00","VGRD","10 m above ground",86.5,26,-1.55689
"2025-05-12 06:00:00","2025-05-12 09:00:00","VGRD","10 m above ground",86.75,26,-1.39689
"2025-05-12 06:00:00","2025-05-12 09:00:00","VGRD","10 m above ground",87,26,-2.00689
"2025-05-12 06:00:00","2025-05-12 09:00:00","VGRD","10 m above ground",87.25,26,-2.35689
"2025-05-12 06:00:00","2025-05-12 09:00:00","VGRD","10 m above ground",87.5,26,-2.09689
"2025-05-12 06:00:00","2025-05-12 09:00:00","VGRD","10 m above ground",87.75,26,-2.76689
"2025-05-12 06:00:00","2025-05-12 09:00:00","VGRD","10 m above ground",88,26,-3.43689
"2025-05-12 06:00:00","2025-05-12 09:00:00","VGRD","10 m above ground",88.25,26,-0.446892
"2025-05-12 06:00:00","2025-05-12 09:00:00","VGRD","10 m above ground",88.5,26,0.153108
"2025-05-12 06:00:00","2025-05-12 09:00:00","VGRD","10 m above ground",88.75,26,-0.896892
"2025-05-12 06:00:00","2025-05-12 09:00:00","VGRD","10 m above ground",89,26,-0.446892
"2025-05-12 06:00:00","2025-05-12 09:00:00","VGRD","10 m above ground",82,26.25,-3.39689
"2025-05-12 06:00:00","2025-05-12 09:00:00","VGRD","10 m above ground",82.25,26.25,-4.50689
"2025-05-12 06:00:00","2025-05-12 09:00:00","VGRD","10 m above ground",82.5,26.25,-4.74689
"2025-05-12 06:00:00","2025-05-12 09:00:00","VGRD","10 m above ground",82.75,26.25,-4.29689
"2025-05-12 06:00:00","2025-05-12 09:00:00","VGRD","10 m above ground",83,26.25,-4.38689
"2025-05-12 06:00:00","2025-05-12 09:00:00","VGRD","10 m above ground",83.25,26.25,-4.79689
"2025-05-12 06:00:00","2025-05-12 09:00:00","VGRD","10 m above ground",83.5,26.25,-3.93689
"2025-05-12 06:00:00","2025-05-12 09:00:00","VGRD","10 m above ground",83.75,26.25,-3.01689
"2025-05-12 06:00:00","2025-05-12 09:00:00","VGRD","10 m above ground",84,26.25,-3.00689
"2025-05-12 06:00:00","2025-05-12 09:00:00","VGRD","10 m above ground",84.25,26.25,-3.16689
"2025-05-12 06:00:00","2025-05-12 09:00:00","VGRD","10 m above ground",84.5,26.25,-3.43689
"2025-05-12 06:00:00","2025-05-12 09:00:00","VGRD","10 m above ground",84.75,26.25,-3.63689
"2025-05-12 06:00:00","2025-05-12 09:00:00","VGRD","10 m above ground",85,26.25,-2.48689
"2025-05-12 06:00:00","2025-05-12 09:00:00","VGRD","10 m above ground",85.25,26.25,0.133108
"2025-05-12 06:00:00","2025-05-12 09:00:00","VGRD","10 m above ground",85.5,26.25,2.00311
"2025-05-12 06:00:00","2025-05-12 09:00:00","VGRD","10 m above ground",85.75,26.25,0.373108
"2025-05-12 06:00:00","2025-05-12 09:00:00","VGRD","10 m above ground",86,26.25,-0.686892
"2025-05-12 06:00:00","2025-05-12 09:00:00","VGRD","10 m above ground",86.25,26.25,-0.00689209
"2025-05-12 06:00:00","2025-05-12 09:00:00","VGRD","10 m above ground",86.5,26.25,-1.87689
"2025-05-12 06:00:00","2025-05-12 09:00:00","VGRD","10 m above ground",86.75,26.25,-2.92689
"2025-05-12 06:00:00","2025-05-12 09:00:00","VGRD","10 m above ground",87,26.25,-2.94689
"2025-05-12 06:00:00","2025-05-12 09:00:00","VGRD","10 m above ground",87.25,26.25,-3.31689
"2025-05-12 06:00:00","2025-05-12 09:00:00","VGRD","10 m above ground",87.5,26.25,-3.27689
"2025-05-12 06:00:00","2025-05-12 09:00:00","VGRD","10 m above ground",87.75,26.25,-2.61689
"2025-05-12 06:00:00","2025-05-12 09:00:00","VGRD","10 m above ground",88,26.25,-1.49689
"2025-05-12 06:00:00","2025-05-12 09:00:00","VGRD","10 m above ground",88.25,26.25,-0.906892
"2025-05-12 06:00:00","2025-05-12 09:00:00","VGRD","10 m above ground",88.5,26.25,0.123108
"2025-05-12 06:00:00","2025-05-12 09:00:00","VGRD","10 m above ground",88.75,26.25,0.893108
"2025-05-12 06:00:00","2025-05-12 09:00:00","VGRD","10 m above ground",89,26.25,0.403108
"2025-05-12 06:00:00","2025-05-12 09:00:00","VGRD","10 m above ground",82,26.5,-3.87689
"2025-05-12 06:00:00","2025-05-12 09:00:00","VGRD","10 m above ground",82.25,26.5,-3.97689
"2025-05-12 06:00:00","2025-05-12 09:00:00","VGRD","10 m above ground",82.5,26.5,-3.42689
"2025-05-12 06:00:00","2025-05-12 09:00:00","VGRD","10 m above ground",82.75,26.5,-2.95689
"2025-05-12 06:00:00","2025-05-12 09:00:00","VGRD","10 m above ground",83,26.5,-2.84689
"2025-05-12 06:00:00","2025-05-12 09:00:00","VGRD","10 m above ground",83.25,26.5,-2.32689
"2025-05-12 06:00:00","2025-05-12 09:00:00","VGRD","10 m above ground",83.5,26.5,-0.836892
"2025-05-12 06:00:00","2025-05-12 09:00:00","VGRD","10 m above ground",83.75,26.5,-0.196892
"2025-05-12 06:00:00","2025-05-12 09:00:00","VGRD","10 m above ground",84,26.5,-0.506892
"2025-05-12 06:00:00","2025-05-12 09:00:00","VGRD","10 m above ground",84.25,26.5,-0.796892
"2025-05-12 06:00:00","2025-05-12 09:00:00","VGRD","10 m above ground",84.5,26.5,-0.566892
"2025-05-12 06:00:00","2025-05-12 09:00:00","VGRD","10 m above ground",84.75,26.5,0.803108
"2025-05-12 06:00:00","2025-05-12 09:00:00","VGRD","10 m above ground",85,26.5,1.32311
"2025-05-12 06:00:00","2025-05-12 09:00:00","VGRD","10 m above ground",85.25,26.5,1.06311
"2025-05-12 06:00:00","2025-05-12 09:00:00","VGRD","10 m above ground",85.5,26.5,1.13311
"2025-05-12 06:00:00","2025-05-12 09:00:00","VGRD","10 m above ground",85.75,26.5,2.28311
"2025-05-12 06:00:00","2025-05-12 09:00:00","VGRD","10 m above ground",86,26.5,3.08311
"2025-05-12 06:00:00","2025-05-12 09:00:00","VGRD","10 m above ground",86.25,26.5,1.90311
"2025-05-12 06:00:00","2025-05-12 09:00:00","VGRD","10 m above ground",86.5,26.5,-0.646892
"2025-05-12 06:00:00","2025-05-12 09:00:00","VGRD","10 m above ground",86.75,26.5,-1.09689
"2025-05-12 06:00:00","2025-05-12 09:00:00","VGRD","10 m above ground",87,26.5,-0.856892
"2025-05-12 06:00:00","2025-05-12 09:00:00","VGRD","10 m above ground",87.25,26.5,0.0631079
"2025-05-12 06:00:00","2025-05-12 09:00:00","VGRD","10 m above ground",87.5,26.5,0.533108
"2025-05-12 06:00:00","2025-05-12 09:00:00","VGRD","10 m above ground",87.75,26.5,0.873108
"2025-05-12 06:00:00","2025-05-12 09:00:00","VGRD","10 m above ground",88,26.5,1.97311
"2025-05-12 06:00:00","2025-05-12 09:00:00","VGRD","10 m above ground",88.25,26.5,2.10311
"2025-05-12 06:00:00","2025-05-12 09:00:00","VGRD","10 m above ground",88.5,26.5,2.70311
"2025-05-12 06:00:00","2025-05-12 09:00:00","VGRD","10 m above ground",88.75,26.5,2.88311
"2025-05-12 06:00:00","2025-05-12 09:00:00","VGRD","10 m above ground",89,26.5,3.14311
"2025-05-12 06:00:00","2025-05-12 09:00:00","VGRD","10 m above ground",82,26.75,-3.50689
"2025-05-12 06:00:00","2025-05-12 09:00:00","VGRD","10 m above ground",82.25,26.75,-2.64689
"2025-05-12 06:00:00","2025-05-12 09:00:00","VGRD","10 m above ground",82.5,26.75,-2.29689
"2025-05-12 06:00:00","2025-05-12 09:00:00","VGRD","10 m above ground",82.75,26.75,-2.00689
"2025-05-12 06:00:00","2025-05-12 09:00:00","VGRD","10 m above ground",83,26.75,-2.37689
"2025-05-12 06:00:00","2025-05-12 09:00:00","VGRD","10 m above ground",83.25,26.75,-0.956892
"2025-05-12 06:00:00","2025-05-12 09:00:00","VGRD","10 m above ground",83.5,26.75,0.453108
"2025-05-12 06:00:00","2025-05-12 09:00:00","VGRD","10 m above ground",83.75,26.75,0.463108
"2025-05-12 06:00:00","2025-05-12 09:00:00","VGRD","10 m above ground",84,26.75,1.46311
"2025-05-12 06:00:00","2025-05-12 09:00:00","VGRD","10 m above ground",84.25,26.75,0.823108
"2025-05-12 06:00:00","2025-05-12 09:00:00","VGRD","10 m above ground",84.5,26.75,0.953108
"2025-05-12 06:00:00","2025-05-12 09:00:00","VGRD","10 m above ground",84.75,26.75,0.833108
"2025-05-12 06:00:00","2025-05-12 09:00:00","VGRD","10 m above ground",85,26.75,1.14311
"2025-05-12 06:00:00","2025-05-12 09:00:00","VGRD","10 m above ground",85.25,26.75,2.00311
"2025-05-12 06:00:00","2025-05-12 09:00:00","VGRD","10 m above ground",85.5,26.75,2.55311
"2025-05-12 06:00:00","2025-05-12 09:00:00","VGRD","10 m above ground",85.75,26.75,2.91311
"2025-05-12 06:00:00","2025-05-12 09:00:00","VGRD","10 m above ground",86,26.75,2.51311
"2025-05-12 06:00:00","2025-05-12 09:00:00","VGRD","10 m above ground",86.25,26.75,1.68311
"2025-05-12 06:00:00","2025-05-12 09:00:00","VGRD","10 m above ground",86.5,26.75,3.13311
"2025-05-12 06:00:00","2025-05-12 09:00:00","VGRD","10 m above ground",86.75,26.75,3.84311
"2025-05-12 06:00:00","2025-05-12 09:00:00","VGRD","10 m above ground",87,26.75,4.13311
"2025-05-12 06:00:00","2025-05-12 09:00:00","VGRD","10 m above ground",87.25,26.75,3.45311
"2025-05-12 06:00:00","2025-05-12 09:00:00","VGRD","10 m above ground",87.5,26.75,1.36311
"2025-05-12 06:00:00","2025-05-12 09:00:00","VGRD","10 m above ground",87.75,26.75,1.94311
"2025-05-12 06:00:00","2025-05-12 09:00:00","VGRD","10 m above ground",88,26.75,2.29311
"2025-05-12 06:00:00","2025-05-12 09:00:00","VGRD","10 m above ground",88.25,26.75,2.32311
"2025-05-12 06:00:00","2025-05-12 09:00:00","VGRD","10 m above ground",88.5,26.75,2.45311
"2025-05-12 06:00:00","2025-05-12 09:00:00","VGRD","10 m above ground",88.75,26.75,3.27311
"2025-05-12 06:00:00","2025-05-12 09:00:00","VGRD","10 m above ground",89,26.75,3.52311
"2025-05-12 06:00:00","2025-05-12 09:00:00","VGRD","10 m above ground",82,27,-2.07689
"2025-05-12 06:00:00","2025-05-12 09:00:00","VGRD","10 m above ground",82.25,27,-0.796892
"2025-05-12 06:00:00","2025-05-12 09:00:00","VGRD","10 m above ground",82.5,27,-2.67689
"2025-05-12 06:00:00","2025-05-12 09:00:00","VGRD","10 m above ground",82.75,27,-2.12689
"2025-05-12 06:00:00","2025-05-12 09:00:00","VGRD","10 m above ground",83,27,-0.986892
"2025-05-12 06:00:00","2025-05-12 09:00:00","VGRD","10 m above ground",83.25,27,-0.706892
"2025-05-12 06:00:00","2025-05-12 09:00:00","VGRD","10 m above ground",83.5,27,-0.776892
"2025-05-12 06:00:00","2025-05-12 09:00:00","VGRD","10 m above ground",83.75,27,-0.546892
"2025-05-12 06:00:00","2025-05-12 09:00:00","VGRD","10 m above ground",84,27,-0.436892
"2025-05-12 06:00:00","2025-05-12 09:00:00","VGRD","10 m above ground",84.25,27,-0.806892
"2025-05-12 06:00:00","2025-05-12 09:00:00","VGRD","10 m above ground",84.5,27,-0.876892
"2025-05-12 06:00:00","2025-05-12 09:00:00","VGRD","10 m above ground",84.75,27,-0.316892
"2025-05-12 06:00:00","2025-05-12 09:00:00","VGRD","10 m above ground",85,27,-0.226892
"2025-05-12 06:00:00","2025-05-12 09:00:00","VGRD","10 m above ground",85.25,27,1.40311
"2025-05-12 06:00:00","2025-05-12 09:00:00","VGRD","10 m above ground",85.5,27,2.95311
"2025-05-12 06:00:00","2025-05-12 09:00:00","VGRD","10 m above ground",85.75,27,4.48311
"2025-05-12 06:00:00","2025-05-12 09:00:00","VGRD","10 m above ground",86,27,3.97311
"2025-05-12 06:00:00","2025-05-12 09:00:00","VGRD","10 m above ground",86.25,27,4.00311
"2025-05-12 06:00:00","2025-05-12 09:00:00","VGRD","10 m above ground",86.5,27,3.50311
"2025-05-12 06:00:00","2025-05-12 09:00:00","VGRD","10 m above ground",86.75,27,2.18311
"2025-05-12 06:00:00","2025-05-12 09:00:00","VGRD","10 m above ground",87,27,2.26311
"2025-05-12 06:00:00","2025-05-12 09:00:00","VGRD","10 m above ground",87.25,27,3.02311
"2025-05-12 06:00:00","2025-05-12 09:00:00","VGRD","10 m above ground",87.5,27,2.88311
"2025-05-12 06:00:00","2025-05-12 09:00:00","VGRD","10 m above ground",87.75,27,2.64311
"2025-05-12 06:00:00","2025-05-12 09:00:00","VGRD","10 m above ground",88,27,2.16311
"2025-05-12 06:00:00","2025-05-12 09:00:00","VGRD","10 m above ground",88.25,27,1.78311
"2025-05-12 06:00:00","2025-05-12 09:00:00","VGRD","10 m above ground",88.5,27,0.833108
"2025-05-12 06:00:00","2025-05-12 09:00:00","VGRD","10 m above ground",88.75,27,1.19311
"2025-05-12 06:00:00","2025-05-12 09:00:00","VGRD","10 m above ground",89,27,1.44311
"2025-05-12 06:00:00","2025-05-12 09:00:00","VGRD","10 m above ground",82,27.25,-1.89689
"2025-05-12 06:00:00","2025-05-12 09:00:00","VGRD","10 m above ground",82.25,27.25,1.68311
"2025-05-12 06:00:00","2025-05-12 09:00:00","VGRD","10 m above ground",82.5,27.25,2.76311
"2025-05-12 06:00:00","2025-05-12 09:00:00","VGRD","10 m above ground",82.75,27.25,1.75311
"2025-05-12 06:00:00","2025-05-12 09:00:00","VGRD","10 m above ground",83,27.25,0.313108
"2025-05-12 06:00:00","2025-05-12 09:00:00","VGRD","10 m above ground",83.25,27.25,-1.32689
"2025-05-12 06:00:00","2025-05-12 09:00:00","VGRD","10 m above ground",83.5,27.25,-2.34689
"2025-05-12 06:00:00","2025-05-12 09:00:00","VGRD","10 m above ground",83.75,27.25,-1.71689
"2025-05-12 06:00:00","2025-05-12 09:00:00","VGRD","10 m above ground",84,27.25,-0.0868921
"2025-05-12 06:00:00","2025-05-12 09:00:00","VGRD","10 m above ground",84.25,27.25,2.13311
"2025-05-12 06:00:00","2025-05-12 09:00:00","VGRD","10 m above ground",84.5,27.25,1.94311
"2025-05-12 06:00:00","2025-05-12 09:00:00","VGRD","10 m above ground",84.75,27.25,2.25311
"2025-05-12 06:00:00","2025-05-12 09:00:00","VGRD","10 m above ground",85,27.25,3.52311
"2025-05-12 06:00:00","2025-05-12 09:00:00","VGRD","10 m above ground",85.25,27.25,4.32311
"2025-05-12 06:00:00","2025-05-12 09:00:00","VGRD","10 m above ground",85.5,27.25,2.78311
"2025-05-12 06:00:00","2025-05-12 09:00:00","VGRD","10 m above ground",85.75,27.25,1.80311
"2025-05-12 06:00:00","2025-05-12 09:00:00","VGRD","10 m above ground",86,27.25,3.52311
"2025-05-12 06:00:00","2025-05-12 09:00:00","VGRD","10 m above ground",86.25,27.25,2.56311
"2025-05-12 06:00:00","2025-05-12 09:00:00","VGRD","10 m above ground",86.5,27.25,1.65311
"2025-05-12 06:00:00","2025-05-12 09:00:00","VGRD","10 m above ground",86.75,27.25,2.00311
"2025-05-12 06:00:00","2025-05-12 09:00:00","VGRD","10 m above ground",87,27.25,1.85311
"2025-05-12 06:00:00","2025-05-12 09:00:00","VGRD","10 m above ground",87.25,27.25,3.99311
"2025-05-12 06:00:00","2025-05-12 09:00:00","VGRD","10 m above ground",87.5,27.25,2.47311
"2025-05-12 06:00:00","2025-05-12 09:00:00","VGRD","10 m above ground",87.75,27.25,2.63311
"2025-05-12 06:00:00","2025-05-12 09:00:00","VGRD","10 m above ground",88,27.25,0.933108
"2025-05-12 06:00:00","2025-05-12 09:00:00","VGRD","10 m above ground",88.25,27.25,1.81311
"2025-05-12 06:00:00","2025-05-12 09:00:00","VGRD","10 m above ground",88.5,27.25,2.14311
"2025-05-12 06:00:00","2025-05-12 09:00:00","VGRD","10 m above ground",88.75,27.25,2.01311
"2025-05-12 06:00:00","2025-05-12 09:00:00","VGRD","10 m above ground",89,27.25,1.85311
"2025-05-12 06:00:00","2025-05-12 09:00:00","VGRD","10 m above ground",82,27.5,-1.34689
"2025-05-12 06:00:00","2025-05-12 09:00:00","VGRD","10 m above ground",82.25,27.5,0.283108
"2025-05-12 06:00:00","2025-05-12 09:00:00","VGRD","10 m above ground",82.5,27.5,2.05311
"2025-05-12 06:00:00","2025-05-12 09:00:00","VGRD","10 m above ground",82.75,27.5,4.12311
"2025-05-12 06:00:00","2025-05-12 09:00:00","VGRD","10 m above ground",83,27.5,3.41311
"2025-05-12 06:00:00","2025-05-12 09:00:00","VGRD","10 m above ground",83.25,27.5,2.00311
"2025-05-12 06:00:00","2025-05-12 09:00:00","VGRD","10 m above ground",83.5,27.5,1.91311
"2025-05-12 06:00:00","2025-05-12 09:00:00","VGRD","10 m above ground",83.75,27.5,2.46311
"2025-05-12 06:00:00","2025-05-12 09:00:00","VGRD","10 m above ground",84,27.5,2.55311
"2025-05-12 06:00:00","2025-05-12 09:00:00","VGRD","10 m above ground",84.25,27.5,2.23311
"2025-05-12 06:00:00","2025-05-12 09:00:00","VGRD","10 m above ground",84.5,27.5,2.43311
"2025-05-12 06:00:00","2025-05-12 09:00:00","VGRD","10 m above ground",84.75,27.5,3.30311
"2025-05-12 06:00:00","2025-05-12 09:00:00","VGRD","10 m above ground",85,27.5,2.00311
"2025-05-12 06:00:00","2025-05-12 09:00:00","VGRD","10 m above ground",85.25,27.5,0.903108
"2025-05-12 06:00:00","2025-05-12 09:00:00","VGRD","10 m above ground",85.5,27.5,0.643108
"2025-05-12 06:00:00","2025-05-12 09:00:00","VGRD","10 m above ground",85.75,27.5,0.883108
"2025-05-12 06:00:00","2025-05-12 09:00:00","VGRD","10 m above ground",86,27.5,3.26311
"2025-05-12 06:00:00","2025-05-12 09:00:00","VGRD","10 m above ground",86.25,27.5,1.52311
"2025-05-12 06:00:00","2025-05-12 09:00:00","VGRD","10 m above ground",86.5,27.5,2.63311
"2025-05-12 06:00:00","2025-05-12 09:00:00","VGRD","10 m above ground",86.75,27.5,2.97311
"2025-05-12 06:00:00","2025-05-12 09:00:00","VGRD","10 m above ground",87,27.5,1.65311
"2025-05-12 06:00:00","2025-05-12 09:00:00","VGRD","10 m above ground",87.25,27.5,0.583108
"2025-05-12 06:00:00","2025-05-12 09:00:00","VGRD","10 m above ground",87.5,27.5,0.573108
"2025-05-12 06:00:00","2025-05-12 09:00:00","VGRD","10 m above ground",87.75,27.5,2.66311
"2025-05-12 06:00:00","2025-05-12 09:00:00","VGRD","10 m above ground",88,27.5,0.793108
"2025-05-12 06:00:00","2025-05-12 09:00:00","VGRD","10 m above ground",88.25,27.5,2.15311
"2025-05-12 06:00:00","2025-05-12 09:00:00","VGRD","10 m above ground",88.5,27.5,1.74311
"2025-05-12 06:00:00","2025-05-12 09:00:00","VGRD","10 m above ground",88.75,27.5,1.38311
"2025-05-12 06:00:00","2025-05-12 09:00:00","VGRD","10 m above ground",89,27.5,1.72311
"2025-05-12 06:00:00","2025-05-12 09:00:00","VGRD","10 m above ground",82,27.75,-0.206892
"2025-05-12 06:00:00","2025-05-12 09:00:00","VGRD","10 m above ground",82.25,27.75,1.92311
"2025-05-12 06:00:00","2025-05-12 09:00:00","VGRD","10 m above ground",82.5,27.75,2.49311
"2025-05-12 06:00:00","2025-05-12 09:00:00","VGRD","10 m above ground",82.75,27.75,4.72311
"2025-05-12 06:00:00","2025-05-12 09:00:00","VGRD","10 m above ground",83,27.75,4.72311
"2025-05-12 06:00:00","2025-05-12 09:00:00","VGRD","10 m above ground",83.25,27.75,4.18311
"2025-05-12 06:00:00","2025-05-12 09:00:00","VGRD","10 m above ground",83.5,27.75,3.23311
"2025-05-12 06:00:00","2025-05-12 09:00:00","VGRD","10 m above ground",83.75,27.75,3.68311
"2025-05-12 06:00:00","2025-05-12 09:00:00","VGRD","10 m above ground",84,27.75,3.25311
"2025-05-12 06:00:00","2025-05-12 09:00:00","VGRD","10 m above ground",84.25,27.75,3.32311
"2025-05-12 06:00:00","2025-05-12 09:00:00","VGRD","10 m above ground",84.5,27.75,3.36311
"2025-05-12 06:00:00","2025-05-12 09:00:00","VGRD","10 m above ground",84.75,27.75,2.91311
"2025-05-12 06:00:00","2025-05-12 09:00:00","VGRD","10 m above ground",85,27.75,2.91311
"2025-05-12 06:00:00","2025-05-12 09:00:00","VGRD","10 m above ground",85.25,27.75,2.90311
"2025-05-12 06:00:00","2025-05-12 09:00:00","VGRD","10 m above ground",85.5,27.75,3.33311
"2025-05-12 06:00:00","2025-05-12 09:00:00","VGRD","10 m above ground",85.75,27.75,1.36311
"2025-05-12 06:00:00","2025-05-12 09:00:00","VGRD","10 m above ground",86,27.75,0.623108
"2025-05-12 06:00:00","2025-05-12 09:00:00","VGRD","10 m above ground",86.25,27.75,1.71311
"2025-05-12 06:00:00","2025-05-12 09:00:00","VGRD","10 m above ground",86.5,27.75,1.68311
"2025-05-12 06:00:00","2025-05-12 09:00:00","VGRD","10 m above ground",86.75,27.75,1.76311
"2025-05-12 06:00:00","2025-05-12 09:00:00","VGRD","10 m above ground",87,27.75,1.55311
"2025-05-12 06:00:00","2025-05-12 09:00:00","VGRD","10 m above ground",87.25,27.75,2.37311
"2025-05-12 06:00:00","2025-05-12 09:00:00","VGRD","10 m above ground",87.5,27.75,2.06311
"2025-05-12 06:00:00","2025-05-12 09:00:00","VGRD","10 m above ground",87.75,27.75,2.08311
"2025-05-12 06:00:00","2025-05-12 09:00:00","VGRD","10 m above ground",88,27.75,1.19311
"2025-05-12 06:00:00","2025-05-12 09:00:00","VGRD","10 m above ground",88.25,27.75,2.79311
"2025-05-12 06:00:00","2025-05-12 09:00:00","VGRD","10 m above ground",88.5,27.75,1.78311
"2025-05-12 06:00:00","2025-05-12 09:00:00","VGRD","10 m above ground",88.75,27.75,2.00311
"2025-05-12 06:00:00","2025-05-12 09:00:00","VGRD","10 m above ground",89,27.75,3.15311
"2025-05-12 06:00:00","2025-05-12 09:00:00","VGRD","10 m above ground",82,28,1.70311
"2025-05-12 06:00:00","2025-05-12 09:00:00","VGRD","10 m above ground",82.25,28,-1.21689
"2025-05-12 06:00:00","2025-05-12 09:00:00","VGRD","10 m above ground",82.5,28,-2.94689
"2025-05-12 06:00:00","2025-05-12 09:00:00","VGRD","10 m above ground",82.75,28,0.863108
"2025-05-12 06:00:00","2025-05-12 09:00:00","VGRD","10 m above ground",83,28,-0.336892
"2025-05-12 06:00:00","2025-05-12 09:00:00","VGRD","10 m above ground",83.25,28,-1.54689
"2025-05-12 06:00:00","2025-05-12 09:00:00","VGRD","10 m above ground",83.5,28,-0.456892
"2025-05-12 06:00:00","2025-05-12 09:00:00","VGRD","10 m above ground",83.75,28,-0.336892
"2025-05-12 06:00:00","2025-05-12 09:00:00","VGRD","10 m above ground",84,28,0.963108
"2025-05-12 06:00:00","2025-05-12 09:00:00","VGRD","10 m above ground",84.25,28,4.41311
"2025-05-12 06:00:00","2025-05-12 09:00:00","VGRD","10 m above ground",84.5,28,0.893108
"2025-05-12 06:00:00","2025-05-12 09:00:00","VGRD","10 m above ground",84.75,28,-1.48689
"2025-05-12 06:00:00","2025-05-12 09:00:00","VGRD","10 m above ground",85,28,0.673108
"2025-05-12 06:00:00","2025-05-12 09:00:00","VGRD","10 m above ground",85.25,28,2.20311
"2025-05-12 06:00:00","2025-05-12 09:00:00","VGRD","10 m above ground",85.5,28,2.43311
"2025-05-12 06:00:00","2025-05-12 09:00:00","VGRD","10 m above ground",85.75,28,0.913108
"2025-05-12 06:00:00","2025-05-12 09:00:00","VGRD","10 m above ground",86,28,1.89311
"2025-05-12 06:00:00","2025-05-12 09:00:00","VGRD","10 m above ground",86.25,28,2.64311
"2025-05-12 06:00:00","2025-05-12 09:00:00","VGRD","10 m above ground",86.5,28,1.75311
"2025-05-12 06:00:00","2025-05-12 09:00:00","VGRD","10 m above ground",86.75,28,2.98311
"2025-05-12 06:00:00","2025-05-12 09:00:00","VGRD","10 m above ground",87,28,1.77311
"2025-05-12 06:00:00","2025-05-12 09:00:00","VGRD","10 m above ground",87.25,28,3.52311
"2025-05-12 06:00:00","2025-05-12 09:00:00","VGRD","10 m above ground",87.5,28,3.93311
"2025-05-12 06:00:00","2025-05-12 09:00:00","VGRD","10 m above ground",87.75,28,3.34311
"2025-05-12 06:00:00","2025-05-12 09:00:00","VGRD","10 m above ground",88,28,4.29311
"2025-05-12 06:00:00","2025-05-12 09:00:00","VGRD","10 m above ground",88.25,28,1.58311
"2025-05-12 06:00:00","2025-05-12 09:00:00","VGRD","10 m above ground",88.5,28,5.29311
"2025-05-12 06:00:00","2025-05-12 09:00:00","VGRD","10 m above ground",88.75,28,3.31311
"2025-05-12 06:00:00","2025-05-12 09:00:00","VGRD","10 m above ground",89,28,5.86311
"2025-05-12 06:00:00","2025-05-12 09:00:00","CAPE","surface",82,23,82
"2025-05-12 06:00:00","2025-05-12 09:00:00","CAPE","surface",82.25,23,80
"2025-05-12 06:00:00","2025-05-12 09:00:00","CAPE","surface",82.5,23,96
"2025-05-12 06:00:00","2025-05-12 09:00:00","CAPE","surface",82.75,23,160
"2025-05-12 06:00:00","2025-05-12 09:00:00","CAPE","surface",83,23,113
"2025-05-12 06:00:00","2025-05-12 09:00:00","CAPE","surface",83.25,23,60
"2025-05-12 06:00:00","2025-05-12 09:00:00","CAPE","surface",83.5,23,81
"2025-05-12 06:00:00","2025-05-12 09:00:00","CAPE","surface",83.75,23,52
"2025-05-12 06:00:00","2025-05-12 09:00:00","CAPE","surface",84,23,66
"2025-05-12 06:00:00","2025-05-12 09:00:00","CAPE","surface",84.25,23,46
"2025-05-12 06:00:00","2025-05-12 09:00:00","CAPE","surface",84.5,23,62
"2025-05-12 06:00:00","2025-05-12 09:00:00","CAPE","surface",84.75,23,56
"2025-05-12 06:00:00","2025-05-12 09:00:00","CAPE","surface",85,23,39
"2025-05-12 06:00:00","2025-05-12 09:00:00","CAPE","surface",85.25,23,96
"2025-05-12 06:00:00","2025-05-12 09:00:00","CAPE","surface",85.5,23,133
"2025-05-12 06:00:00","2025-05-12 09:00:00","CAPE","surface",85.75,23,157
"2025-05-12 06:00:00","2025-05-12 09:00:00","CAPE","surface",86,23,114
"2025-05-12 06:00:00","2025-05-12 09:00:00","CAPE","surface",86.25,23,129
"2025-05-12 06:00:00","2025-05-12 09:00:00","CAPE","surface",86.5,23,141
"2025-05-12 06:00:00","2025-05-12 09:00:00","CAPE","surface",86.75,23,143
"2025-05-12 06:00:00","2025-05-12 09:00:00","CAPE","surface",87,23,116
"2025-05-12 06:00:00","2025-05-12 09:00:00","CAPE","surface",87.25,23,102
"2025-05-12 06:00:00","2025-05-12 09:00:00","CAPE","surface",87.5,23,108
"2025-05-12 06:00:00","2025-05-12 09:00:00","CAPE","surface",87.75,23,110
"2025-05-12 06:00:00","2025-05-12 09:00:00","CAPE","surface",88,23,62
"2025-05-12 06:00:00","2025-05-12 09:00:00","CAPE","surface",88.25,23,87
"2025-05-12 06:00:00","2025-05-12 09:00:00","CAPE","surface",88.5,23,84
"2025-05-12 06:00:00","2025-05-12 09:00:00","CAPE","surface",88.75,23,84
"2025-05-12 06:00:00","2025-05-12 09:00:00","CAPE","surface",89,23,134
"2025-05-12 06:00:00","2025-05-12 09:00:00","CAPE","surface",82,23.25,99
"2025-05-12 06:00:00","2025-05-12 09:00:00","CAPE","surface",82.25,23.25,97
"2025-05-12 06:00:00","2025-05-12 09:00:00","CAPE","surface",82.5,23.25,110
"2025-05-12 06:00:00","2025-05-12 09:00:00","CAPE","surface",82.75,23.25,136
"2025-05-12 06:00:00","2025-05-12 09:00:00","CAPE","surface",83,23.25,130
"2025-05-12 06:00:00","2025-05-12 09:00:00","CAPE","surface",83.25,23.25,86
"2025-05-12 06:00:00","2025-05-12 09:00:00","CAPE","surface",83.5,23.25,110
"2025-05-12 06:00:00","2025-05-12 09:00:00","CAPE","surface",83.75,23.25,96
"2025-05-12 06:00:00","2025-05-12 09:00:00","CAPE","surface",84,23.25,100
"2025-05-12 06:00:00","2025-05-12 09:00:00","CAPE","surface",84.25,23.25,43
"2025-05-12 06:00:00","2025-05-12 09:00:00","CAPE","surface",84.5,23.25,12
"2025-05-12 06:00:00","2025-05-12 09:00:00","CAPE","surface",84.75,23.25,94
"2025-05-12 06:00:00","2025-05-12 09:00:00","CAPE","surface",85,23.25,108
"2025-05-12 06:00:00","2025-05-12 09:00:00","CAPE","surface",85.25,23.25,97
"2025-05-12 06:00:00","2025-05-12 09:00:00","CAPE","surface",85.5,23.25,76
"2025-05-12 06:00:00","2025-05-12 09:00:00","CAPE","surface",85.75,23.25,164
"2025-05-12 06:00:00","2025-05-12 09:00:00","CAPE","surface",86,23.25,136
"2025-05-12 06:00:00","2025-05-12 09:00:00","CAPE","surface",86.25,23.25,105
"2025-05-12 06:00:00","2025-05-12 09:00:00","CAPE","surface",86.5,23.25,149
"2025-05-12 06:00:00","2025-05-12 09:00:00","CAPE","surface",86.75,23.25,147
"2025-05-12 06:00:00","2025-05-12 09:00:00","CAPE","surface",87,23.25,118
"2025-05-12 06:00:00","2025-05-12 09:00:00","CAPE","surface",87.25,23.25,125
"2025-05-12 06:00:00","2025-05-12 09:00:00","CAPE","surface",87.5,23.25,150
"2025-05-12 06:00:00","2025-05-12 09:00:00","CAPE","surface",87.75,23.25,163
"2025-05-12 06:00:00","2025-05-12 09:00:00","CAPE","surface",88,23.25,142
"2025-05-12 06:00:00","2025-05-12 09:00:00","CAPE","surface",88.25,23.25,120
"2025-05-12 06:00:00","2025-05-12 09:00:00","CAPE","surface",88.5,23.25,46
"2025-05-12 06:00:00","2025-05-12 09:00:00","CAPE","surface",88.75,23.25,34
"2025-05-12 06:00:00","2025-05-12 09:00:00","CAPE","surface",89,23.25,107
"2025-05-12 06:00:00","2025-05-12 09:00:00","CAPE","surface",82,23.5,111
"2025-05-12 06:00:00","2025-05-12 09:00:00","CAPE","surface",82.25,23.5,80
"2025-05-12 06:00:00","2025-05-12 09:00:00","CAPE","surface",82.5,23.5,74
"2025-05-12 06:00:00","2025-05-12 09:00:00","CAPE","surface",82.75,23.5,56
"2025-05-12 06:00:00","2025-05-12 09:00:00","CAPE","surface",83,23.5,91
"2025-05-12 06:00:00","2025-05-12 09:00:00","CAPE","surface",83.25,23.5,68
"2025-05-12 06:00:00","2025-05-12 09:00:00","CAPE","surface",83.5,23.5,48
"2025-05-12 06:00:00","2025-05-12 09:00:00","CAPE","surface",83.75,23.5,75
"2025-05-12 06:00:00","2025-05-12 09:00:00","CAPE","surface",84,23.5,131
"2025-05-12 06:00:00","2025-05-12 09:00:00","CAPE","surface",84.25,23.5,111
"2025-05-12 06:00:00","2025-05-12 09:00:00","CAPE","surface",84.5,23.5,44
"2025-05-12 06:00:00","2025-05-12 09:00:00","CAPE","surface",84.75,23.5,33
"2025-05-12 06:00:00","2025-05-12 09:00:00","CAPE","surface",85,23.5,83
"2025-05-12 06:00:00","2025-05-12 09:00:00","CAPE","surface",85.25,23.5,122
"2025-05-12 06:00:00","2025-05-12 09:00:00","CAPE","surface",85.5,23.5,110
"2025-05-12 06:00:00","2025-05-12 09:00:00","CAPE","surface",85.75,23.5,125
"2025-05-12 06:00:00","2025-05-12 09:00:00","CAPE","surface",86,23.5,94
"2025-05-12 06:00:00","2025-05-12 09:00:00","CAPE","surface",86.25,23.5,73
"2025-05-12 06:00:00","2025-05-12 09:00:00","CAPE","surface",86.5,23.5,119
"2025-05-12 06:00:00","2025-05-12 09:00:00","CAPE","surface",86.75,23.5,115
"2025-05-12 06:00:00","2025-05-12 09:00:00","CAPE","surface",87,23.5,138
"2025-05-12 06:00:00","2025-05-12 09:00:00","CAPE","surface",87.25,23.5,201
"2025-05-12 06:00:00","2025-05-12 09:00:00","CAPE","surface",87.5,23.5,154
"2025-05-12 06:00:00","2025-05-12 09:00:00","CAPE","surface",87.75,23.5,178
"2025-05-12 06:00:00","2025-05-12 09:00:00","CAPE","surface",88,23.5,213
"2025-05-12 06:00:00","2025-05-12 09:00:00","CAPE","surface",88.25,23.5,125
"2025-05-12 06:00:00","2025-05-12 09:00:00","CAPE","surface",88.5,23.5,48
"2025-05-12 06:00:00","2025-05-12 09:00:00","CAPE","surface",88.75,23.5,41
"2025-05-12 06:00:00","2025-05-12 09:00:00","CAPE","surface",89,23.5,110
"2025-05-12 06:00:00","2025-05-12 09:00:00","CAPE","surface",82,23.75,116
"2025-05-12 06:00:00","2025-05-12 09:00:00","CAPE","surface",82.25,23.75,96
"2025-05-12 06:00:00","2025-05-12 09:00:00","CAPE","surface",82.5,23.75,85
"2025-05-12 06:00:00","2025-05-12 09:00:00","CAPE","surface",82.75,23.75,59
"2025-05-12 06:00:00","2025-05-12 09:00:00","CAPE","surface",83,23.75,62
"2025-05-12 06:00:00","2025-05-12 09:00:00","CAPE","surface",83.25,23.75,49
"2025-05-12 06:00:00","2025-05-12 09:00:00","CAPE","surface",83.5,23.75,35
"2025-05-12 06:00:00","2025-05-12 09:00:00","CAPE","surface",83.75,23.75,44
"2025-05-12 06:00:00","2025-05-12 09:00:00","CAPE","surface",84,23.75,51
"2025-05-12 06:00:00","2025-05-12 09:00:00","CAPE","surface",84.25,23.75,77
"2025-05-12 06:00:00","2025-05-12 09:00:00","CAPE","surface",84.5,23.75,70
"2025-05-12 06:00:00","2025-05-12 09:00:00","CAPE","surface",84.75,23.75,81
"2025-05-12 06:00:00","2025-05-12 09:00:00","CAPE","surface",85,23.75,101
"2025-05-12 06:00:00","2025-05-12 09:00:00","CAPE","surface",85.25,23.75,86
"2025-05-12 06:00:00","2025-05-12 09:00:00","CAPE","surface",85.5,23.75,87
"2025-05-12 06:00:00","2025-05-12 09:00:00","CAPE","surface",85.75,23.75,66
"2025-05-12 06:00:00","2025-05-12 09:00:00","CAPE","surface",86,23.75,75
"2025-05-12 06:00:00","2025-05-12 09:00:00","CAPE","surface",86.25,23.75,97
"2025-05-12 06:00:00","2025-05-12 09:00:00","CAPE","surface",86.5,23.75,132
"2025-05-12 06:00:00","2025-05-12 09:00:00","CAPE","surface",86.75,23.75,117
"2025-05-12 06:00:00","2025-05-12 09:00:00","CAPE","surface",87,23.75,169
"2025-05-12 06:00:00","2025-05-12 09:00:00","CAPE","surface",87.25,23.75,169
"2025-05-12 06:00:00","2025-05-12 09:00:00","CAPE","surface",87.5,23.75,175
"2025-05-12 06:00:00","2025-05-12 09:00:00","CAPE","surface",87.75,23.75,199
"2025-05-12 06:00:00","2025-05-12 09:00:00","CAPE","surface",88,23.75,241
"2025-05-12 06:00:00","2025-05-12 09:00:00","CAPE","surface",88.25,23.75,178
"2025-05-12 06:00:00","2025-05-12 09:00:00","CAPE","surface",88.5,23.75,134
"2025-05-12 06:00:00","2025-05-12 09:00:00","CAPE","surface",88.75,23.75,109
"2025-05-12 06:00:00","2025-05-12 09:00:00","CAPE","surface",89,23.75,186
"2025-05-12 06:00:00","2025-05-12 09:00:00","CAPE","surface",82,24,68
"2025-05-12 06:00:00","2025-05-12 09:00:00","CAPE","surface",82.25,24,70
"2025-05-12 06:00:00","2025-05-12 09:00:00","CAPE","surface",82.5,24,62
"2025-05-12 06:00:00","2025-05-12 09:00:00","CAPE","surface",82.75,24,54
"2025-05-12 06:00:00","2025-05-12 09:00:00","CAPE","surface",83,24,40
"2025-05-12 06:00:00","2025-05-12 09:00:00","CAPE","surface",83.25,24,30
"2025-05-12 06:00:00","2025-05-12 09:00:00","CAPE","surface",83.5,24,38
"2025-05-12 06:00:00","2025-05-12 09:00:00","CAPE","surface",83.75,24,48
"2025-05-12 06:00:00","2025-05-12 09:00:00","CAPE","surface",84,24,54
"2025-05-12 06:00:00","2025-05-12 09:00:00","CAPE","surface",84.25,24,63
"2025-05-12 06:00:00","2025-05-12 09:00:00","CAPE","surface",84.5,24,68
"2025-05-12 06:00:00","2025-05-12 09:00:00","CAPE","surface",84.75,24,89
"2025-05-12 06:00:00","2025-05-12 09:00:00","CAPE","surface",85,24,88
"2025-05-12 06:00:00","2025-05-12 09:00:00","CAPE","surface",85.25,24,101
"2025-05-12 06:00:00","2025-05-12 09:00:00","CAPE","surface",85.5,24,136
"2025-05-12 06:00:00","2025-05-12 09:00:00","CAPE","surface",85.75,24,100
"2025-05-12 06:00:00","2025-05-12 09:00:00","CAPE","surface",86,24,67
"2025-05-12 06:00:00","2025-05-12 09:00:00","CAPE","surface",86.25,24,122
"2025-05-12 06:00:00","2025-05-12 09:00:00","CAPE","surface",86.5,24,130
"2025-05-12 06:00:00","2025-05-12 09:00:00","CAPE","surface",86.75,24,158
"2025-05-12 06:00:00","2025-05-12 09:00:00","CAPE","surface",87,24,196
"2025-05-12 06:00:00","2025-05-12 09:00:00","CAPE","surface",87.25,24,176
"2025-05-12 06:00:00","2025-05-12 09:00:00","CAPE","surface",87.5,24,124
"2025-05-12 06:00:00","2025-05-12 09:00:00","CAPE","surface",87.75,24,126
"2025-05-12 06:00:00","2025-05-12 09:00:00","CAPE","surface",88,24,204
"2025-05-12 06:00:00","2025-05-12 09:00:00","CAPE","surface",88.25,24,203
"2025-05-12 06:00:00","2025-05-12 09:00:00","CAPE","surface",88.5,24,214
"2025-05-12 06:00:00","2025-05-12 09:00:00","CAPE","surface",88.75,24,188
"2025-05-12 06:00:00","2025-05-12 09:00:00","CAPE","surface",89,24,238
"2025-05-12 06:00:00","2025-05-12 09:00:00","CAPE","surface",82,24.25,50
"2025-05-12 06:00:00","2025-05-12 09:00:00","CAPE","surface",82.25,24.25,52
"2025-05-12 06:00:00","2025-05-12 09:00:00","CAPE","surface",82.5,24.25,54
"2025-05-12 06:00:00","2025-05-12 09:00:00","CAPE","surface",82.75,24.25,51
"2025-05-12 06:00:00","2025-05-12 09:00:00","CAPE","surface",83,24.25,61
"2025-05-12 06:00:00","2025-05-12 09:00:00","CAPE","surface",83.25,24.25,61
"2025-05-12 06:00:00","2025-05-12 09:00:00","CAPE","surface",83.5,24.25,57
"2025-05-12 06:00:00","2025-05-12 09:00:00","CAPE","surface",83.75,24.25,72
"2025-05-12 06:00:00","2025-05-12 09:00:00","CAPE","surface",84,24.25,109
"2025-05-12 06:00:00","2025-05-12 09:00:00","CAPE","surface",84.25,24.25,97
"2025-05-12 06:00:00","2025-05-12 09:00:00","CAPE","surface",84.5,24.25,89
"2025-05-12 06:00:00","2025-05-12 09:00:00","CAPE","surface",84.75,24.25,112
"2025-05-12 06:00:00","2025-05-12 09:00:00","CAPE","surface",85,24.25,96
"2025-05-12 06:00:00","2025-05-12 09:00:00","CAPE","surface",85.25,24.25,120
"2025-05-12 06:00:00","2025-05-12 09:00:00","CAPE","surface",85.5,24.25,79
"2025-05-12 06:00:00","2025-05-12 09:00:00","CAPE","surface",85.75,24.25,42
"2025-05-12 06:00:00","2025-05-12 09:00:00","CAPE","surface",86,24.25,50
"2025-05-12 06:00:00","2025-05-12 09:00:00","CAPE","surface",86.25,24.25,92
"2025-05-12 06:00:00","2025-05-12 09:00:00","CAPE","surface",86.5,24.25,134
"2025-05-12 06:00:00","2025-05-12 09:00:00","CAPE","surface",86.75,24.25,153
"2025-05-12 06:00:00","2025-05-12 09:00:00","CAPE","surface",87,24.25,148
"2025-05-12 06:00:00","2025-05-12 09:00:00","CAPE","surface",87.25,24.25,160
"2025-05-12 06:00:00","2025-05-12 09:00:00","CAPE","surface",87.5,24.25,149
"2025-05-12 06:00:00","2025-05-12 09:00:00","CAPE","surface",87.75,24.25,134
"2025-05-12 06:00:00","2025-05-12 09:00:00","CAPE","surface",88,24.25,159
"2025-05-12 06:00:00","2025-05-12 09:00:00","CAPE","surface",88.25,24.25,183
"2025-05-12 06:00:00","2025-05-12 09:00:00","CAPE","surface",88.5,24.25,247
"2025-05-12 06:00:00","2025-05-12 09:00:00","CAPE","surface",88.75,24.25,222
"2025-05-12 06:00:00","2025-05-12 09:00:00","CAPE","surface",89,24.25,192
"2025-05-12 06:00:00","2025-05-12 09:00:00","CAPE","surface",82,24.5,47
"2025-05-12 06:00:00","2025-05-12 09:00:00","CAPE","surface",82.25,24.5,37
"2025-05-12 06:00:00","2025-05-12 09:00:00","CAPE","surface",82.5,24.5,33
"2025-05-12 06:00:00","2025-05-12 09:00:00","CAPE","surface",82.75,24.5,37
"2025-05-12 06:00:00","2025-05-12 09:00:00","CAPE","surface",83,24.5,37
"2025-05-12 06:00:00","2025-05-12 09:00:00","CAPE","surface",83.25,24.5,39
"2025-05-12 06:00:00","2025-05-12 09:00:00","CAPE","surface",83.5,24.5,46
"2025-05-12 06:00:00","2025-05-12 09:00:00","CAPE","surface",83.75,24.5,51
"2025-05-12 06:00:00","2025-05-12 09:00:00","CAPE","surface",84,24.5,76
"2025-05-12 06:00:00","2025-05-12 09:00:00","CAPE","surface",84.25,24.5,77
"2025-05-12 06:00:00","2025-05-12 09:00:00","CAPE","surface",84.5,24.5,142
"2025-05-12 06:00:00","2025-05-12 09:00:00","CAPE","surface",84.75,24.5,162
"2025-05-12 06:00:00","2025-05-12 09:00:00","CAPE","surface",85,24.5,98
"2025-05-12 06:00:00","2025-05-12 09:00:00","CAPE","surface",85.25,24.5,76
"2025-05-12 06:00:00","2025-05-12 09:00:00","CAPE","surface",85.5,24.5,36
"2025-05-12 06:00:00","2025-05-12 09:00:00","CAPE","surface",85.75,24.5,30
"2025-05-12 06:00:00","2025-05-12 09:00:00","CAPE","surface",86,24.5,66
"2025-05-12 06:00:00","2025-05-12 09:00:00","CAPE","surface",86.25,24.5,157
"2025-05-12 06:00:00","2025-05-12 09:00:00","CAPE","surface",86.5,24.5,201
"2025-05-12 06:00:00","2025-05-12 09:00:00","CAPE","surface",86.75,24.5,204
"2025-05-12 06:00:00","2025-05-12 09:00:00","CAPE","surface",87,24.5,206
"2025-05-12 06:00:00","2025-05-12 09:00:00","CAPE","surface",87.25,24.5,136
"2025-05-12 06:00:00","2025-05-12 09:00:00","CAPE","surface",87.5,24.5,99
"2025-05-12 06:00:00","2025-05-12 09:00:00","CAPE","surface",87.75,24.5,100
"2025-05-12 06:00:00","2025-05-12 09:00:00","CAPE","surface",88,24.5,91
"2025-05-12 06:00:00","2025-05-12 09:00:00","CAPE","surface",88.25,24.5,106
"2025-05-12 06:00:00","2025-05-12 09:00:00","CAPE","surface",88.5,24.5,177
"2025-05-12 06:00:00","2025-05-12 09:00:00","CAPE","surface",88.75,24.5,247
"2025-05-12 06:00:00","2025-05-12 09:00:00","CAPE","surface",89,24.5,262
"2025-05-12 06:00:00","2025-05-12 09:00:00","CAPE","surface",82,24.75,38
"2025-05-12 06:00:00","2025-05-12 09:00:00","CAPE","surface",82.25,24.75,28
"2025-05-12 06:00:00","2025-05-12 09:00:00","CAPE","surface",82.5,24.75,20
"2025-05-12 06:00:00","2025-05-12 09:00:00","CAPE","surface",82.75,24.75,25
"2025-05-12 06:00:00","2025-05-12 09:00:00","CAPE","surface",83,24.75,46
"2025-05-12 06:00:00","2025-05-12 09:00:00","CAPE","surface",83.25,24.75,43
"2025-05-12 06:00:00","2025-05-12 09:00:00","CAPE","surface",83.5,24.75,34
"2025-05-12 06:00:00","2025-05-12 09:00:00","CAPE","surface",83.75,24.75,31
"2025-05-12 06:00:00","2025-05-12 09:00:00","CAPE","surface",84,24.75,52
"2025-05-12 06:00:00","2025-05-12 09:00:00","CAPE","surface",84.25,24.75,94
"2025-05-12 06:00:00","2025-05-12 09:00:00","CAPE","surface",84.5,24.75,194
"2025-05-12 06:00:00","2025-05-12 09:00:00","CAPE","surface",84.75,24.75,189
"2025-05-12 06:00:00","2025-05-12 09:00:00","CAPE","surface",85,24.75,92
"2025-05-12 06:00:00","2025-05-12 09:00:00","CAPE","surface",85.25,24.75,78
"2025-05-12 06:00:00","2025-05-12 09:00:00","CAPE","surface",85.5,24.75,78
"2025-05-12 06:00:00","2025-05-12 09:00:00","CAPE","surface",85.75,24.75,102
"2025-05-12 06:00:00","2025-05-12 09:00:00","CAPE","surface",86,24.75,218
"2025-05-12 06:00:00","2025-05-12 09:00:00","CAPE","surface",86.25,24.75,218
"2025-05-12 06:00:00","2025-05-12 09:00:00","CAPE","surface",86.5,24.75,265
"2025-05-12 06:00:00","2025-05-12 09:00:00","CAPE","surface",86.75,24.75,224
"2025-05-12 06:00:00","2025-05-12 09:00:00","CAPE","surface",87,24.75,194
"2025-05-12 06:00:00","2025-05-12 09:00:00","CAPE","surface",87.25,24.75,152
"2025-05-12 06:00:00","2025-05-12 09:00:00","CAPE","surface",87.5,24.75,95
"2025-05-12 06:00:00","2025-05-12 09:00:00","CAPE","surface",87.75,24.75,101
"2025-05-12 06:00:00","2025-05-12 09:00:00","CAPE","surface",88,24.75,89
"2025-05-12 06:00:00","2025-05-12 09:00:00","CAPE","surface",88.25,24.75,111
"2025-05-12 06:00:00","2025-05-12 09:00:00","CAPE","surface",88.5,24.75,159
"2025-05-12 06:00:00","2025-05-12 09:00:00","CAPE","surface",88.75,24.75,184
"2025-05-12 06:00:00","2025-05-12 09:00:00","CAPE","surface",89,24.75,243
"2025-05-12 06:00:00","2025-05-12 09:00:00","CAPE","surface",82,25,39
"2025-05-12 06:00:00","2025-05-12 09:00:00","CAPE","surface",82.25,25,37
"2025-05-12 06:00:00","2025-05-12 09:00:00","CAPE","surface",82.5,25,47
"2025-05-12 06:00:00","2025-05-12 09:00:00","CAPE","surface",82.75,25,47
"2025-05-12 06:00:00","2025-05-12 09:00:00","CAPE","surface",83,25,58
"2025-05-12 06:00:00","2025-05-12 09:00:00","CAPE","surface",83.25,25,47
"2025-05-12 06:00:00","2025-05-12 09:00:00","CAPE","surface",83.5,25,29
"2025-05-12 06:00:00","2025-05-12 09:00:00","CAPE","surface",83.75,25,22
"2025-05-12 06:00:00","2025-05-12 09:00:00","CAPE","surface",84,25,17
"2025-05-12 06:00:00","2025-05-12 09:00:00","CAPE","surface",84.25,25,64
"2025-05-12 06:00:00","2025-05-12 09:00:00","CAPE","surface",84.5,25,130
"2025-05-12 06:00:00","2025-05-12 09:00:00","CAPE","surface",84.75,25,138
"2025-05-12 06:00:00","2025-05-12 09:00:00","CAPE","surface",85,25,115
"2025-05-12 06:00:00","2025-05-12 09:00:00","CAPE","surface",85.25,25,118
"2025-05-12 06:00:00","2025-05-12 09:00:00","CAPE","surface",85.5,25,136
"2025-05-12 06:00:00","2025-05-12 09:00:00","CAPE","surface",85.75,25,181
"2025-05-12 06:00:00","2025-05-12 09:00:00","CAPE","surface",86,25,294
"2025-05-12 06:00:00","2025-05-12 09:00:00","CAPE","surface",86.25,25,291
"2025-05-12 06:00:00","2025-05-12 09:00:00","CAPE","surface",86.5,25,244
"2025-05-12 06:00:00","2025-05-12 09:00:00","CAPE","surface",86.75,25,191
"2025-05-12 06:00:00","2025-05-12 09:00:00","CAPE","surface",87,25,164
"2025-05-12 06:00:00","2025-05-12 09:00:00","CAPE","surface",87.25,25,109
"2025-05-12 06:00:00","2025-05-12 09:00:00","CAPE","surface",87.5,25,54
"2025-05-12 06:00:00","2025-05-12 09:00:00","CAPE","surface",87.75,25,38
"2025-05-12 06:00:00","2025-05-12 09:00:00","CAPE","surface",88,25,29
"2025-05-12 06:00:00","2025-05-12 09:00:00","CAPE","surface",88.25,25,83
"2025-05-12 06:00:00","2025-05-12 09:00:00","CAPE","surface",88.5,25,210
"2025-05-12 06:00:00","2025-05-12 09:00:00","CAPE","surface",88.75,25,207
"2025-05-12 06:00:00","2025-05-12 09:00:00","CAPE","surface",89,25,263
"2025-05-12 06:00:00","2025-05-12 09:00:00","CAPE","surface",82,25.25,48
"2025-05-12 06:00:00","2025-05-12 09:00:00","CAPE","surface",82.25,25.25,72
"2025-05-12 06:00:00","2025-05-12 09:00:00","CAPE","surface",82.5,25.25,95
"2025-05-12 06:00:00","2025-05-12 09:00:00","CAPE","surface",82.75,25.25,93
"2025-05-12 06:00:00","2025-05-12 09:00:00","CAPE","surface",83,25.25,94
"2025-05-12 06:00:00","2025-05-12 09:00:00","CAPE","surface",83.25,25.25,89
"2025-05-12 06:00:00","2025-05-12 09:00:00","CAPE","surface",83.5,25.25,65
"2025-05-12 06:00:00","2025-05-12 09:00:00","CAPE","surface",83.75,25.25,28
"2025-05-12 06:00:00","2025-05-12 09:00:00","CAPE","surface",84,25.25,13
"2025-05-12 06:00:00","2025-05-12 09:00:00","CAPE","surface",84.25,25.25,17
"2025-05-12 06:00:00","2025-05-12 09:00:00","CAPE","surface",84.5,25.25,118
"2025-05-12 06:00:00","2025-05-12 09:00:00","CAPE","surface",84.75,25.25,127
"2025-05-12 06:00:00","2025-05-12 09:00:00","CAPE","surface",85,25.25,180
"2025-05-12 06:00:00","2025-05-12 09:00:00","CAPE","surface",85.25,25.25,266
"2025-05-12 06:00:00","2025-05-12 09:00:00","CAPE","surface",85.5,25.25,321
"2025-05-12 06:00:00","2025-05-12 09:00:00","CAPE","surface",85.75,25.25,308
"2025-05-12 06:00:00","2025-05-12 09:00:00","CAPE","surface",86,25.25,273
"2025-05-12 06:00:00","2025-05-12 09:00:00","CAPE","surface",86.25,25.25,215
"2025-05-12 06:00:00","2025-05-12 09:00:00","CAPE","surface",86.5,25.25,209
"2025-05-12 06:00:00","2025-05-12 09:00:00","CAPE","surface",86.75,25.25,221
"2025-05-12 06:00:00","2025-05-12 09:00:00","CAPE","surface",87,25.25,202
"2025-05-12 06:00:00","2025-05-12 09:00:00","CAPE","surface",87.25,25.25,152
"2025-05-12 06:00:00","2025-05-12 09:00:00","CAPE","surface",87.5,25.25,86
"2025-05-12 06:00:00","2025-05-12 09:00:00","CAPE","surface",87.75,25.25,49
"2025-05-12 06:00:00","2025-05-12 09:00:00","CAPE","surface",88,25.25,58
"2025-05-12 06:00:00","2025-05-12 09:00:00","CAPE","surface",88.25,25.25,100
"2025-05-12 06:00:00","2025-05-12 09:00:00","CAPE","surface",88.5,25.25,253
"2025-05-12 06:00:00","2025-05-12 09:00:00","CAPE","surface",88.75,25.25,283
"2025-05-12 06:00:00","2025-05-12 09:00:00","CAPE","surface",89,25.25,390
"2025-05-12 06:00:00","2025-05-12 09:00:00","CAPE","surface",82,25.5,103
"2025-05-12 06:00:00","2025-05-12 09:00:00","CAPE","surface",82.25,25.5,115
"2025-05-12 06:00:00","2025-05-12 09:00:00","CAPE","surface",82.5,25.5,99
"2025-05-12 06:00:00","2025-05-12 09:00:00","CAPE","surface",82.75,25.5,95
"2025-05-12 06:00:00","2025-05-12 09:00:00","CAPE","surface",83,25.5,66
"2025-05-12 06:00:00","2025-05-12 09:00:00","CAPE","surface",83.25,25.5,88
"2025-05-12 06:00:00","2025-05-12 09:00:00","CAPE","surface",83.5,25.5,102
"2025-05-12 06:00:00","2025-05-12 09:00:00","CAPE","surface",83.75,25.5,101
"2025-05-12 06:00:00","2025-05-12 09:00:00","CAPE","surface",84,25.5,66
"2025-05-12 06:00:00","2025-05-12 09:00:00","CAPE","surface",84.25,25.5,24
"2025-05-12 06:00:00","2025-05-12 09:00:00","CAPE","surface",84.5,25.5,56
"2025-05-12 06:00:00","2025-05-12 09:00:00","CAPE","surface",84.75,25.5,133
"2025-05-12 06:00:00","2025-05-12 09:00:00","CAPE","surface",85,25.5,320
"2025-05-12 06:00:00","2025-05-12 09:00:00","CAPE","surface",85.25,25.5,319
"2025-05-12 06:00:00","2025-05-12 09:00:00","CAPE","surface",85.5,25.5,235
"2025-05-12 06:00:00","2025-05-12 09:00:00","CAPE","surface",85.75,25.5,216
"2025-05-12 06:00:00","2025-05-12 09:00:00","CAPE","surface",86,25.5,186
"2025-05-12 06:00:00","2025-05-12 09:00:00","CAPE","surface",86.25,25.5,185
"2025-05-12 06:00:00","2025-05-12 09:00:00","CAPE","surface",86.5,25.5,257
"2025-05-12 06:00:00","2025-05-12 09:00:00","CAPE","surface",86.75,25.5,244
"2025-05-12 06:00:00","2025-05-12 09:00:00","CAPE","surface",87,25.5,247
"2025-05-12 06:00:00","2025-05-12 09:00:00","CAPE","surface",87.25,25.5,226
"2025-05-12 06:00:00","2025-05-12 09:00:00","CAPE","surface",87.5,25.5,198
"2025-05-12 06:00:00","2025-05-12 09:00:00","CAPE","surface",87.75,25.5,162
"2025-05-12 06:00:00","2025-05-12 09:00:00","CAPE","surface",88,25.5,148
"2025-05-12 06:00:00","2025-05-12 09:00:00","CAPE","surface",88.25,25.5,254
"2025-05-12 06:00:00","2025-05-12 09:00:00","CAPE","surface",88.5,25.5,341
"2025-05-12 06:00:00","2025-05-12 09:00:00","CAPE","surface",88.75,25.5,355
"2025-05-12 06:00:00","2025-05-12 09:00:00","CAPE","surface",89,25.5,431
"2025-05-12 06:00:00","2025-05-12 09:00:00","CAPE","surface",82,25.75,139
"2025-05-12 06:00:00","2025-05-12 09:00:00","CAPE","surface",82.25,25.75,118
"2025-05-12 06:00:00","2025-05-12 09:00:00","CAPE","surface",82.5,25.75,123
"2025-05-12 06:00:00","2025-05-12 09:00:00","CAPE","surface",82.75,25.75,118
"2025-05-12 06:00:00","2025-05-12 09:00:00","CAPE","surface",83,25.75,72
"2025-05-12 06:00:00","2025-05-12 09:00:00","CAPE","surface",83.25,25.75,89
"2025-05-12 06:00:00","2025-05-12 09:00:00","CAPE","surface",83.5,25.75,138
"2025-05-12 06:00:00","2025-05-12 09:00:00","CAPE","surface",83.75,25.75,137
"2025-05-12 06:00:00","2025-05-12 09:00:00","CAPE","surface",84,25.75,122
"2025-05-12 06:00:00","2025-05-12 09:00:00","CAPE","surface",84.25,25.75,76
"2025-05-12 06:00:00","2025-05-12 09:00:00","CAPE","surface",84.5,25.75,76
"2025-05-12 06:00:00","2025-05-12 09:00:00","CAPE","surface",84.75,25.75,282
"2025-05-12 06:00:00","2025-05-12 09:00:00","CAPE","surface",85,25.75,344
"2025-05-12 06:00:00","2025-05-12 09:00:00","CAPE","surface",85.25,25.75,211
"2025-05-12 06:00:00","2025-05-12 09:00:00","CAPE","surface",85.5,25.75,97
"2025-05-12 06:00:00","2025-05-12 09:00:00","CAPE","surface",85.75,25.75,103
"2025-05-12 06:00:00","2025-05-12 09:00:00","CAPE","surface",86,25.75,199
"2025-05-12 06:00:00","2025-05-12 09:00:00","CAPE","surface",86.25,25.75,257
"2025-05-12 06:00:00","2025-05-12 09:00:00","CAPE","surface",86.5,25.75,268
"2025-05-12 06:00:00","2025-05-12 09:00:00","CAPE","surface",86.75,25.75,286
"2025-05-12 06:00:00","2025-05-12 09:00:00","CAPE","surface",87,25.75,277
"2025-05-12 06:00:00","2025-05-12 09:00:00","CAPE","surface",87.25,25.75,263
"2025-05-12 06:00:00","2025-05-12 09:00:00","CAPE","surface",87.5,25.75,244
"2025-05-12 06:00:00","2025-05-12 09:00:00","CAPE","surface",87.75,25.75,232
"2025-05-12 06:00:00","2025-05-12 09:00:00","CAPE","surface",88,25.75,321
"2025-05-12 06:00:00","2025-05-12 09:00:00","CAPE","surface",88.25,25.75,451
"2025-05-12 06:00:00","2025-05-12 09:00:00","CAPE","surface",88.5,25.75,411
"2025-05-12 06:00:00","2025-05-12 09:00:00","CAPE","surface",88.75,25.75,375
"2025-05-12 06:00:00","2025-05-12 09:00:00","CAPE","surface",89,25.75,424
"2025-05-12 06:00:00","2025-05-12 09:00:00","CAPE","surface",82,26,143
"2025-05-12 06:00:00","2025-05-12 09:00:00","CAPE","surface",82.25,26,137
"2025-05-12 06:00:00","2025-05-12 09:00:00","CAPE","surface",82.5,26,163
"2025-05-12 06:00:00","2025-05-12 09:00:00","CAPE","surface",82.75,26,158
"2025-05-12 06:00:00","2025-05-12 09:00:00","CAPE","surface",83,26,145
"2025-05-12 06:00:00","2025-05-12 09:00:00","CAPE","surface",83.25,26,161
"2025-05-12 06:00:00","2025-05-12 09:00:00","CAPE","surface",83.5,26,169
"2025-05-12 06:00:00","2025-05-12 09:00:00","CAPE","surface",83.75,26,139
"2025-05-12 06:00:00","2025-05-12 09:00:00","CAPE","surface",84,26,133
"2025-05-12 06:00:00","2025-05-12 09:00:00","CAPE","surface",84.25,26,156
"2025-05-12 06:00:00","2025-05-12 09:00:00","CAPE","surface",84.5,26,184
"2025-05-12 06:00:00","2025-05-12 09:00:00","CAPE","surface",84.75,26,274
"2025-05-12 06:00:00","2025-05-12 09:00:00","CAPE","surface",85,26,198
"2025-05-12 06:00:00","2025-05-12 09:00:00","CAPE","surface",85.25,26,102
"2025-05-12 06:00:00","2025-05-12 09:00:00","CAPE","surface",85.5,26,63
"2025-05-12 06:00:00","2025-05-12 09:00:00","CAPE","surface",85.75,26,140
"2025-05-12 06:00:00","2025-05-12 09:00:00","CAPE","surface",86,26,241
"2025-05-12 06:00:00","2025-05-12 09:00:00","CAPE","surface",86.25,26,252
"2025-05-12 06:00:00","2025-05-12 09:00:00","CAPE","surface",86.5,26,322
"2025-05-12 06:00:00","2025-05-12 09:00:00","CAPE","surface",86.75,26,333
"2025-05-12 06:00:00","2025-05-12 09:00:00","CAPE","surface",87,26,347
"2025-05-12 06:00:00","2025-05-12 09:00:00","CAPE","surface",87.25,26,372
"2025-05-12 06:00:00","2025-05-12 09:00:00","CAPE","surface",87.5,26,440
"2025-05-12 06:00:00","2025-05-12 09:00:00","CAPE","surface",87.75,26,630
"2025-05-12 06:00:00","2025-05-12 09:00:00","CAPE","surface",88,26,726
"2025-05-12 06:00:00","2025-05-12 09:00:00","CAPE","surface",88.25,26,579
"2025-05-12 06:00:00","2025-05-12 09:00:00","CAPE","surface",88.5,26,554
"2025-05-12 06:00:00","2025-05-12 09:00:00","CAPE","surface",88.75,26,615
"2025-05-12 06:00:00","2025-05-12 09:00:00","CAPE","surface",89,26,555
"2025-05-12 06:00:00","2025-05-12 09:00:00","CAPE","surface",82,26.25,185
"2025-05-12 06:00:00","2025-05-12 09:00:00","CAPE","surface",82.25,26.25,168
"2025-05-12 06:00:00","2025-05-12 09:00:00","CAPE","surface",82.5,26.25,190
"2025-05-12 06:00:00","2025-05-12 09:00:00","CAPE","surface",82.75,26.25,170
"2025-05-12 06:00:00","2025-05-12 09:00:00","CAPE","surface",83,26.25,159
"2025-05-12 06:00:00","2025-05-12 09:00:00","CAPE","surface",83.25,26.25,179
"2025-05-12 06:00:00","2025-05-12 09:00:00","CAPE","surface",83.5,26.25,156
"2025-05-12 06:00:00","2025-05-12 09:00:00","CAPE","surface",83.75,26.25,120
"2025-05-12 06:00:00","2025-05-12 09:00:00","CAPE","surface",84,26.25,107
"2025-05-12 06:00:00","2025-05-12 09:00:00","CAPE","surface",84.25,26.25,94
"2025-05-12 06:00:00","2025-05-12 09:00:00","CAPE","surface",84.5,26.25,89
"2025-05-12 06:00:00","2025-05-12 09:00:00","CAPE","surface",84.75,26.25,85
"2025-05-12 06:00:00","2025-05-12 09:00:00","CAPE","surface",85,26.25,55
"2025-05-12 06:00:00","2025-05-12 09:00:00","CAPE","surface",85.25,26.25,52
"2025-05-12 06:00:00","2025-05-12 09:00:00","CAPE","surface",85.5,26.25,166
"2025-05-12 06:00:00","2025-05-12 09:00:00","CAPE","surface",85.75,26.25,230
"2025-05-12 06:00:00","2025-05-12 09:00:00","CAPE","surface",86,26.25,286
"2025-05-12 06:00:00","2025-05-12 09:00:00","CAPE","surface",86.25,26.25,399
"2025-05-12 06:00:00","2025-05-12 09:00:00","CAPE","surface",86.5,26.25,434
"2025-05-12 06:00:00","2025-05-12 09:00:00","CAPE","surface",86.75,26.25,493
"2025-05-12 06:00:00","2025-05-12 09:00:00","CAPE","surface",87,26.25,559
"2025-05-12 06:00:00","2025-05-12 09:00:00","CAPE","surface",87.25,26.25,623
"2025-05-12 06:00:00","2025-05-12 09:00:00","CAPE","surface",87.5,26.25,707
"2025-05-12 06:00:00","2025-05-12 09:00:00","CAPE","surface",87.75,26.25,751
"2025-05-12 06:00:00","2025-05-12 09:00:00","CAPE","surface",88,26.25,726
"2025-05-12 06:00:00","2025-05-12 09:00:00","CAPE","surface",88.25,26.25,701
"2025-05-12 06:00:00","2025-05-12 09:00:00","CAPE","surface",88.5,26.25,626
"2025-05-12 06:00:00","2025-05-12 09:00:00","CAPE","surface",88.75,26.25,488
"2025-05-12 06:00:00","2025-05-12 09:00:00","CAPE","surface",89,26.25,344
"2025-05-12 06:00:00","2025-05-12 09:00:00","CAPE","surface",82,26.5,202
"2025-05-12 06:00:00","2025-05-12 09:00:00","CAPE","surface",82.25,26.5,174
"2025-05-12 06:00:00","2025-05-12 09:00:00","CAPE","surface",82.5,26.5,208
"2025-05-12 06:00:00","2025-05-12 09:00:00","CAPE","surface",82.75,26.5,213
"2025-05-12 06:00:00","2025-05-12 09:00:00","CAPE","surface",83,26.5,183
"2025-05-12 06:00:00","2025-05-12 09:00:00","CAPE","surface",83.25,26.5,136
"2025-05-12 06:00:00","2025-05-12 09:00:00","CAPE","surface",83.5,26.5,121
"2025-05-12 06:00:00","2025-05-12 09:00:00","CAPE","surface",83.75,26.5,128
"2025-05-12 06:00:00","2025-05-12 09:00:00","CAPE","surface",84,26.5,114
"2025-05-12 06:00:00","2025-05-12 09:00:00","CAPE","surface",84.25,26.5,111
"2025-05-12 06:00:00","2025-05-12 09:00:00","CAPE","surface",84.5,26.5,98
"2025-05-12 06:00:00","2025-05-12 09:00:00","CAPE","surface",84.75,26.5,109
"2025-05-12 06:00:00","2025-05-12 09:00:00","CAPE","surface",85,26.5,131
"2025-05-12 06:00:00","2025-05-12 09:00:00","CAPE","surface",85.25,26.5,173
"2025-05-12 06:00:00","2025-05-12 09:00:00","CAPE","surface",85.5,26.5,222
"2025-05-12 06:00:00","2025-05-12 09:00:00","CAPE","surface",85.75,26.5,294
"2025-05-12 06:00:00","2025-05-12 09:00:00","CAPE","surface",86,26.5,395
"2025-05-12 06:00:00","2025-05-12 09:00:00","CAPE","surface",86.25,26.5,455
"2025-05-12 06:00:00","2025-05-12 09:00:00","CAPE","surface",86.5,26.5,483
"2025-05-12 06:00:00","2025-05-12 09:00:00","CAPE","surface",86.75,26.5,481
"2025-05-12 06:00:00","2025-05-12 09:00:00","CAPE","surface",87,26.5,417
"2025-05-12 06:00:00","2025-05-12 09:00:00","CAPE","surface",87.25,26.5,369
"2025-05-12 06:00:00","2025-05-12 09:00:00","CAPE","surface",87.5,26.5,391
"2025-05-12 06:00:00","2025-05-12 09:00:00","CAPE","surface",87.75,26.5,388
"2025-05-12 06:00:00","2025-05-12 09:00:00","CAPE","surface",88,26.5,394
"2025-05-12 06:00:00","2025-05-12 09:00:00","CAPE","surface",88.25,26.5,353
"2025-05-12 06:00:00","2025-05-12 09:00:00","CAPE","surface",88.5,26.5,262
"2025-05-12 06:00:00","2025-05-12 09:00:00","CAPE","surface",88.75,26.5,172
"2025-05-12 06:00:00","2025-05-12 09:00:00","CAPE","surface",89,26.5,148
"2025-05-12 06:00:00","2025-05-12 09:00:00","CAPE","surface",82,26.75,178
"2025-05-12 06:00:00","2025-05-12 09:00:00","CAPE","surface",82.25,26.75,194
"2025-05-12 06:00:00","2025-05-12 09:00:00","CAPE","surface",82.5,26.75,285
"2025-05-12 06:00:00","2025-05-12 09:00:00","CAPE","surface",82.75,26.75,276
"2025-05-12 06:00:00","2025-05-12 09:00:00","CAPE","surface",83,26.75,219
"2025-05-12 06:00:00","2025-05-12 09:00:00","CAPE","surface",83.25,26.75,199
"2025-05-12 06:00:00","2025-05-12 09:00:00","CAPE","surface",83.5,26.75,254
"2025-05-12 06:00:00","2025-05-12 09:00:00","CAPE","surface",83.75,26.75,206
"2025-05-12 06:00:00","2025-05-12 09:00:00","CAPE","surface",84,26.75,195
"2025-05-12 06:00:00","2025-05-12 09:00:00","CAPE","surface",84.25,26.75,175
"2025-05-12 06:00:00","2025-05-12 09:00:00","CAPE","surface",84.5,26.75,173
"2025-05-12 06:00:00","2025-05-12 09:00:00","CAPE","surface",84.75,26.75,204
"2025-05-12 06:00:00","2025-05-12 09:00:00","CAPE","surface",85,26.75,293
"2025-05-12 06:00:00","2025-05-12 09:00:00","CAPE","surface",85.25,26.75,319
"2025-05-12 06:00:00","2025-05-12 09:00:00","CAPE","surface",85.5,26.75,330
"2025-05-12 06:00:00","2025-05-12 09:00:00","CAPE","surface",85.75,26.75,387
"2025-05-12 06:00:00","2025-05-12 09:00:00","CAPE","surface",86,26.75,463
"2025-05-12 06:00:00","2025-05-12 09:00:00","CAPE","surface",86.25,26.75,489
"2025-05-12 06:00:00","2025-05-12 09:00:00","CAPE","surface",86.5,26.75,424
"2025-05-12 06:00:00","2025-05-12 09:00:00","CAPE","surface",86.75,26.75,385
"2025-05-12 06:00:00","2025-05-12 09:00:00","CAPE","surface",87,26.75,307
"2025-05-12 06:00:00","2025-05-12 09:00:00","CAPE","surface",87.25,26.75,266
"2025-05-12 06:00:00","2025-05-12 09:00:00","CAPE","surface",87.5,26.75,192
"2025-05-12 06:00:00","2025-05-12 09:00:00","CAPE","surface",87.75,26.75,150
"2025-05-12 06:00:00","2025-05-12 09:00:00","CAPE","surface",88,26.75,138
"2025-05-12 06:00:00","2025-05-12 09:00:00","CAPE","surface",88.25,26.75,157
"2025-05-12 06:00:00","2025-05-12 09:00:00","CAPE","surface",88.5,26.75,217
"2025-05-12 06:00:00","2025-05-12 09:00:00","CAPE","surface",88.75,26.75,219
"2025-05-12 06:00:00","2025-05-12 09:00:00","CAPE","surface",89,26.75,232
"2025-05-12 06:00:00","2025-05-12 09:00:00","CAPE","surface",82,27,196
"2025-05-12 06:00:00","2025-05-12 09:00:00","CAPE","surface",82.25,27,253
"2025-05-12 06:00:00","2025-05-12 09:00:00","CAPE","surface",82.5,27,238
"2025-05-12 06:00:00","2025-05-12 09:00:00","CAPE","surface",82.75,27,320
"2025-05-12 06:00:00","2025-05-12 09:00:00","CAPE","surface",83,27,242
"2025-05-12 06:00:00","2025-05-12 09:00:00","CAPE","surface",83.25,27,233
"2025-05-12 06:00:00","2025-05-12 09:00:00","CAPE","surface",83.5,27,289
"2025-05-12 06:00:00","2025-05-12 09:00:00","CAPE","surface",83.75,27,224
"2025-05-12 06:00:00","2025-05-12 09:00:00","CAPE","surface",84,27,233
"2025-05-12 06:00:00","2025-05-12 09:00:00","CAPE","surface",84.25,27,246
"2025-05-12 06:00:00","2025-05-12 09:00:00","CAPE","surface",84.5,27,354
"2025-05-12 06:00:00","2025-05-12 09:00:00","CAPE","surface",84.75,27,435
"2025-05-12 06:00:00","2025-05-12 09:00:00","CAPE","surface",85,27,399
"2025-05-12 06:00:00","2025-05-12 09:00:00","CAPE","surface",85.25,27,363
"2025-05-12 06:00:00","2025-05-12 09:00:00","CAPE","surface",85.5,27,380
"2025-05-12 06:00:00","2025-05-12 09:00:00","CAPE","surface",85.75,27,446
"2025-05-12 06:00:00","2025-05-12 09:00:00","CAPE","surface",86,27,480
"2025-05-12 06:00:00","2025-05-12 09:00:00","CAPE","surface",86.25,27,401
"2025-05-12 06:00:00","2025-05-12 09:00:00","CAPE","surface",86.5,27,377
"2025-05-12 06:00:00","2025-05-12 09:00:00","CAPE","surface",86.75,27,322
"2025-05-12 06:00:00","2025-05-12 09:00:00","CAPE","surface",87,27,340
"2025-05-12 06:00:00","2025-05-12 09:00:00","CAPE","surface",87.25,27,304
"2025-05-12 06:00:00","2025-05-12 09:00:00","CAPE","surface",87.5,27,308
"2025-05-12 06:00:00","2025-05-12 09:00:00","CAPE","surface",87.75,27,284
"2025-05-12 06:00:00","2025-05-12 09:00:00","CAPE","surface",88,27,259
"2025-05-12 06:00:00","2025-05-12 09:00:00","CAPE","surface",88.25,27,293
"2025-05-12 06:00:00","2025-05-12 09:00:00","CAPE","surface",88.5,27,451
"2025-05-12 06:00:00","2025-05-12 09:00:00","CAPE","surface",88.75,27,260
"2025-05-12 06:00:00","2025-05-12 09:00:00","CAPE","surface",89,27,241
"2025-05-12 06:00:00","2025-05-12 09:00:00","CAPE","surface",82,27.25,183
"2025-05-12 06:00:00","2025-05-12 09:00:00","CAPE","surface",82.25,27.25,337
"2025-05-12 06:00:00","2025-05-12 09:00:00","CAPE","surface",82.5,27.25,343
"2025-05-12 06:00:00","2025-05-12 09:00:00","CAPE","surface",82.75,27.25,245
"2025-05-12 06:00:00","2025-05-12 09:00:00","CAPE","surface",83,27.25,205
"2025-05-12 06:00:00","2025-05-12 09:00:00","CAPE","surface",83.25,27.25,193
"2025-05-12 06:00:00","2025-05-12 09:00:00","CAPE","surface",83.5,27.25,190
"2025-05-12 06:00:00","2025-05-12 09:00:00","CAPE","surface",83.75,27.25,200
"2025-05-12 06:00:00","2025-05-12 09:00:00","CAPE","surface",84,27.25,263
"2025-05-12 06:00:00","2025-05-12 09:00:00","CAPE","surface",84.25,27.25,360
"2025-05-12 06:00:00","2025-05-12 09:00:00","CAPE","surface",84.5,27.25,483
"2025-05-12 06:00:00","2025-05-12 09:00:00","CAPE","surface",84.75,27.25,445
"2025-05-12 06:00:00","2025-05-12 09:00:00","CAPE","surface",85,27.25,389
"2025-05-12 06:00:00","2025-05-12 09:00:00","CAPE","surface",85.25,27.25,375
"2025-05-12 06:00:00","2025-05-12 09:00:00","CAPE","surface",85.5,27.25,404
"2025-05-12 06:00:00","2025-05-12 09:00:00","CAPE","surface",85.75,27.25,455
"2025-05-12 06:00:00","2025-05-12 09:00:00","CAPE","surface",86,27.25,363
"2025-05-12 06:00:00","2025-05-12 09:00:00","CAPE","surface",86.25,27.25,323
"2025-05-12 06:00:00","2025-05-12 09:00:00","CAPE","surface",86.5,27.25,207
"2025-05-12 06:00:00","2025-05-12 09:00:00","CAPE","surface",86.75,27.25,210
"2025-05-12 06:00:00","2025-05-12 09:00:00","CAPE","surface",87,27.25,222
"2025-05-12 06:00:00","2025-05-12 09:00:00","CAPE","surface",87.25,27.25,340
"2025-05-12 06:00:00","2025-05-12 09:00:00","CAPE","surface",87.5,27.25,452
"2025-05-12 06:00:00","2025-05-12 09:00:00","CAPE","surface",87.75,27.25,386
"2025-05-12 06:00:00","2025-05-12 09:00:00","CAPE","surface",88,27.25,231
"2025-05-12 06:00:00","2025-05-12 09:00:00","CAPE","surface",88.25,27.25,467
"2025-05-12 06:00:00","2025-05-12 09:00:00","CAPE","surface",88.5,27.25,426
"2025-05-12 06:00:00","2025-05-12 09:00:00","CAPE","surface",88.75,27.25,245
"2025-05-12 06:00:00","2025-05-12 09:00:00","CAPE","surface",89,27.25,125
"2025-05-12 06:00:00","2025-05-12 09:00:00","CAPE","surface",82,27.5,184
"2025-05-12 06:00:00","2025-05-12 09:00:00","CAPE","surface",82.25,27.5,265
"2025-05-12 06:00:00","2025-05-12 09:00:00","CAPE","surface",82.5,27.5,302
"2025-05-12 06:00:00","2025-05-12 09:00:00","CAPE","surface",82.75,27.5,305
"2025-05-12 06:00:00","2025-05-12 09:00:00","CAPE","surface",83,27.5,133
"2025-05-12 06:00:00","2025-05-12 09:00:00","CAPE","surface",83.25,27.5,77
"2025-05-12 06:00:00","2025-05-12 09:00:00","CAPE","surface",83.5,27.5,127
"2025-05-12 06:00:00","2025-05-12 09:00:00","CAPE","surface",83.75,27.5,201
"2025-05-12 06:00:00","2025-05-12 09:00:00","CAPE","surface",84,27.5,397
"2025-05-12 06:00:00","2025-05-12 09:00:00","CAPE","surface",84.25,27.5,485
"2025-05-12 06:00:00","2025-05-12 09:00:00","CAPE","surface",84.5,27.5,497
"2025-05-12 06:00:00","2025-05-12 09:00:00","CAPE","surface",84.75,27.5,542
"2025-05-12 06:00:00","2025-05-12 09:00:00","CAPE","surface",85,27.5,418
"2025-05-12 06:00:00","2025-05-12 09:00:00","CAPE","surface",85.25,27.5,440
"2025-05-12 06:00:00","2025-05-12 09:00:00","CAPE","surface",85.5,27.5,449
"2025-05-12 06:00:00","2025-05-12 09:00:00","CAPE","surface",85.75,27.5,371
"2025-05-12 06:00:00","2025-05-12 09:00:00","CAPE","surface",86,27.5,433
"2025-05-12 06:00:00","2025-05-12 09:00:00","CAPE","surface",86.25,27.5,309
"2025-05-12 06:00:00","2025-05-12 09:00:00","CAPE","surface",86.5,27.5,224
"2025-05-12 06:00:00","2025-05-12 09:00:00","CAPE","surface",86.75,27.5,235
"2025-05-12 06:00:00","2025-05-12 09:00:00","CAPE","surface",87,27.5,206
"2025-05-12 06:00:00","2025-05-12 09:00:00","CAPE","surface",87.25,27.5,249
"2025-05-12 06:00:00","2025-05-12 09:00:00","CAPE","surface",87.5,27.5,162
"2025-05-12 06:00:00","2025-05-12 09:00:00","CAPE","surface",87.75,27.5,213
"2025-05-12 06:00:00","2025-05-12 09:00:00","CAPE","surface",88,27.5,61
"2025-05-12 06:00:00","2025-05-12 09:00:00","CAPE","surface",88.25,27.5,96
"2025-05-12 06:00:00","2025-05-12 09:00:00","CAPE","surface",88.5,27.5,197
"2025-05-12 06:00:00","2025-05-12 09:00:00","CAPE","surface",88.75,27.5,102
"2025-05-12 06:00:00","2025-05-12 09:00:00","CAPE","surface",89,27.5,59
"2025-05-12 06:00:00","2025-05-12 09:00:00","CAPE","surface",82,27.75,196
"2025-05-12 06:00:00","2025-05-12 09:00:00","CAPE","surface",82.25,27.75,309
"2025-05-12 06:00:00","2025-05-12 09:00:00","CAPE","surface",82.5,27.75,234
"2025-05-12 06:00:00","2025-05-12 09:00:00","CAPE","surface",82.75,27.75,357
"2025-05-12 06:00:00","2025-05-12 09:00:00","CAPE","surface",83,27.75,326
"2025-05-12 06:00:00","2025-05-12 09:00:00","CAPE","surface",83.25,27.75,298
"2025-05-12 06:00:00","2025-05-12 09:00:00","CAPE","surface",83.5,27.75,280
"2025-05-12 06:00:00","2025-05-12 09:00:00","CAPE","surface",83.75,27.75,280
"2025-05-12 06:00:00","2025-05-12 09:00:00","CAPE","surface",84,27.75,397
"2025-05-12 06:00:00","2025-05-12 09:00:00","CAPE","surface",84.25,27.75,462
"2025-05-12 06:00:00","2025-05-12 09:00:00","CAPE","surface",84.5,27.75,504
"2025-05-12 06:00:00","2025-05-12 09:00:00","CAPE","surface",84.75,27.75,451
"2025-05-12 06:00:00","2025-05-12 09:00:00","CAPE","surface",85,27.75,348
"2025-05-12 06:00:00","2025-05-12 09:00:00","CAPE","surface",85.25,27.75,346
"2025-05-12 06:00:00","2025-05-12 09:00:00","CAPE","surface",85.5,27.75,399
"2025-05-12 06:00:00","2025-05-12 09:00:00","CAPE","surface",85.75,27.75,390
"2025-05-12 06:00:00","2025-05-12 09:00:00","CAPE","surface",86,27.75,278
"2025-05-12 06:00:00","2025-05-12 09:00:00","CAPE","surface",86.25,27.75,171
"2025-05-12 06:00:00","2025-05-12 09:00:00","CAPE","surface",86.5,27.75,59
"2025-05-12 06:00:00","2025-05-12 09:00:00","CAPE","surface",86.75,27.75,51
"2025-05-12 06:00:00","2025-05-12 09:00:00","CAPE","surface",87,27.75,48
"2025-05-12 06:00:00","2025-05-12 09:00:00","CAPE","surface",87.25,27.75,154
"2025-05-12 06:00:00","2025-05-12 09:00:00","CAPE","surface",87.5,27.75,99
"2025-05-12 06:00:00","2025-05-12 09:00:00","CAPE","surface",87.75,27.75,47
"2025-05-12 06:00:00","2025-05-12 09:00:00","CAPE","surface",88,27.75,11
"2025-05-12 06:00:00","2025-05-12 09:00:00","CAPE","surface",88.25,27.75,48
"2025-05-12 06:00:00","2025-05-12 09:00:00","CAPE","surface",88.5,27.75,67
"2025-05-12 06:00:00","2025-05-12 09:00:00","CAPE","surface",88.75,27.75,61
"2025-05-12 06:00:00","2025-05-12 09:00:00","CAPE","surface",89,27.75,34
"2025-05-12 06:00:00","2025-05-12 09:00:00","CAPE","surface",82,28,222
"2025-05-12 06:00:00","2025-05-12 09:00:00","CAPE","surface",82.25,28,304
"2025-05-12 06:00:00","2025-05-12 09:00:00","CAPE","surface",82.5,28,341
"2025-05-12 06:00:00","2025-05-12 09:00:00","CAPE","surface",82.75,28,338
"2025-05-12 06:00:00","2025-05-12 09:00:00","CAPE","surface",83,28,317
"2025-05-12 06:00:00","2025-05-12 09:00:00","CAPE","surface",83.25,28,370
"2025-05-12 06:00:00","2025-05-12 09:00:00","CAPE","surface",83.5,28,308
"2025-05-12 06:00:00","2025-05-12 09:00:00","CAPE","surface",83.75,28,352
"2025-05-12 06:00:00","2025-05-12 09:00:00","CAPE","surface",84,28,380
"2025-05-12 06:00:00","2025-05-12 09:00:00","CAPE","surface",84.25,28,355
"2025-05-12 06:00:00","2025-05-12 09:00:00","CAPE","surface",84.5,28,288
"2025-05-12 06:00:00","2025-05-12 09:00:00","CAPE","surface",84.75,28,323
"2025-05-12 06:00:00","2025-05-12 09:00:00","CAPE","surface",85,28,349
"2025-05-12 06:00:00","2025-05-12 09:00:00","CAPE","surface",85.25,28,207
"2025-05-12 06:00:00","2025-05-12 09:00:00","CAPE","surface",85.5,28,161
"2025-05-12 06:00:00","2025-05-12 09:00:00","CAPE","surface",85.75,28,121
"2025-05-12 06:00:00","2025-05-12 09:00:00","CAPE","surface",86,28,90
"2025-05-12 06:00:00","2025-05-12 09:00:00","CAPE","surface",86.25,28,98
"2025-05-12 06:00:00","2025-05-12 09:00:00","CAPE","surface",86.5,28,30
"2025-05-12 06:00:00","2025-05-12 09:00:00","CAPE","surface",86.75,28,12
"2025-05-12 06:00:00","2025-05-12 09:00:00","CAPE","surface",87,28,2
"2025-05-12 06:00:00","2025-05-12 09:00:00","CAPE","surface",87.25,28,48
"2025-05-12 06:00:00","2025-05-12 09:00:00","CAPE","surface",87.5,28,46
"2025-05-12 06:00:00","2025-05-12 09:00:00","CAPE","surface",87.75,28,9
"2025-05-12 06:00:00","2025-05-12 09:00:00","CAPE","surface",88,28,2
"2025-05-12 06:00:00","2025-05-12 09:00:00","CAPE","surface",88.25,28,7
"2025-05-12 06:00:00","2025-05-12 09:00:00","CAPE","surface",88.5,28,7
"2025-05-12 06:00:00","2025-05-12 09:00:00","CAPE","surface",88.75,28,4
"2025-05-12 06:00:00","2025-05-12 09:00:00","CAPE","surface",89,28,7
"2025-05-12 06:00:00","2025-05-12 09:00:00","CIN","surface",82,23,-4.06042
"2025-05-12 06:00:00","2025-05-12 09:00:00","CIN","surface",82.25,23,-3.06042
"2025-05-12 06:00:00","2025-05-12 09:00:00","CIN","surface",82.5,23,-1.06042
"2025-05-12 06:00:00","2025-05-12 09:00:00","CIN","surface",82.75,23,-0.0604248
"2025-05-12 06:00:00","2025-05-12 09:00:00","CIN","surface",83,23,-1.06042
"2025-05-12 06:00:00","2025-05-12 09:00:00","CIN","surface",83.25,23,-7.06042
"2025-05-12 06:00:00","2025-05-12 09:00:00","CIN","surface",83.5,23,-4.06042
"2025-05-12 06:00:00","2025-05-12 09:00:00","CIN","surface",83.75,23,-13.0604
"2025-05-12 06:00:00","2025-05-12 09:00:00","CIN","surface",84,23,-4.06042
"2025-05-12 06:00:00","2025-05-12 09:00:00","CIN","surface",84.25,23,-2.06042
"2025-05-12 06:00:00","2025-05-12 09:00:00","CIN","surface",84.5,23,-3.06042
"2025-05-12 06:00:00","2025-05-12 09:00:00","CIN","surface",84.75,23,-34.0604
"2025-05-12 06:00:00","2025-05-12 09:00:00","CIN","surface",85,23,-29.0604
"2025-05-12 06:00:00","2025-05-12 09:00:00","CIN","surface",85.25,23,-3.06042
"2025-05-12 06:00:00","2025-05-12 09:00:00","CIN","surface",85.5,23,-2.06042
"2025-05-12 06:00:00","2025-05-12 09:00:00","CIN","surface",85.75,23,-3.06042
"2025-05-12 06:00:00","2025-05-12 09:00:00","CIN","surface",86,23,-25.0604
"2025-05-12 06:00:00","2025-05-12 09:00:00","CIN","surface",86.25,23,-1.06042
"2025-05-12 06:00:00","2025-05-12 09:00:00","CIN","surface",86.5,23,-2.06042
"2025-05-12 06:00:00","2025-05-12 09:00:00","CIN","surface",86.75,23,-2.06042
"2025-05-12 06:00:00","2025-05-12 09:00:00","CIN","surface",87,23,-3.06042
"2025-05-12 06:00:00","2025-05-12 09:00:00","CIN","surface",87.25,23,-2.06042
"2025-05-12 06:00:00","2025-05-12 09:00:00","CIN","surface",87.5,23,-0.0604248
"2025-05-12 06:00:00","2025-05-12 09:00:00","CIN","surface",87.75,23,-0.0604248
"2025-05-12 06:00:00","2025-05-12 09:00:00","CIN","surface",88,23,-2.06042
"2025-05-12 06:00:00","2025-05-12 09:00:00","CIN","surface",88.25,23,-2.06042
"2025-05-12 06:00:00","2025-05-12 09:00:00","CIN","surface",88.5,23,-9.06042
"2025-05-12 06:00:00","2025-05-12 09:00:00","CIN","surface",88.75,23,-19.0604
"2025-05-12 06:00:00","2025-05-12 09:00:00","CIN","surface",89,23,-12.0604
"2025-05-12 06:00:00","2025-05-12 09:00:00","CIN","surface",82,23.25,-0.0604248
"2025-05-12 06:00:00","2025-05-12 09:00:00","CIN","surface",82.25,23.25,-0.0604248
"2025-05-12 06:00:00","2025-05-12 09:00:00","CIN","surface",82.5,23.25,-0.0604248
"2025-05-12 06:00:00","2025-05-12 09:00:00","CIN","surface",82.75,23.25,-2.06042
"2025-05-12 06:00:00","2025-05-12 09:00:00","CIN","surface",83,23.25,-1.06042
"2025-05-12 06:00:00","2025-05-12 09:00:00","CIN","surface",83.25,23.25,-2.06042
"2025-05-12 06:00:00","2025-05-12 09:00:00","CIN","surface",83.5,23.25,-2.06042
"2025-05-12 06:00:00","2025-05-12 09:00:00","CIN","surface",83.75,23.25,-3.06042
"2025-05-12 06:00:00","2025-05-12 09:00:00","CIN","surface",84,23.25,-0.0604248
"2025-05-12 06:00:00","2025-05-12 09:00:00","CIN","surface",84.25,23.25,-11.0604
"2025-05-12 06:00:00","2025-05-12 09:00:00","CIN","surface",84.5,23.25,-11.0604
"2025-05-12 06:00:00","2025-05-12 09:00:00","CIN","surface",84.75,23.25,-5.06042
"2025-05-12 06:00:00","2025-05-12 09:00:00","CIN","surface",85,23.25,-5.06042
"2025-05-12 06:00:00","2025-05-12 09:00:00","CIN","surface",85.25,23.25,-0.0604248
"2025-05-12 06:00:00","2025-05-12 09:00:00","CIN","surface",85.5,23.25,-2.06042
"2025-05-12 06:00:00","2025-05-12 09:00:00","CIN","surface",85.75,23.25,-2.06042
"2025-05-12 06:00:00","2025-05-12 09:00:00","CIN","surface",86,23.25,-2.06042
"2025-05-12 06:00:00","2025-05-12 09:00:00","CIN","surface",86.25,23.25,-12.0604
"2025-05-12 06:00:00","2025-05-12 09:00:00","CIN","surface",86.5,23.25,-1.06042
"2025-05-12 06:00:00","2025-05-12 09:00:00","CIN","surface",86.75,23.25,-0.0604248
"2025-05-12 06:00:00","2025-05-12 09:00:00","CIN","surface",87,23.25,-1.06042
"2025-05-12 06:00:00","2025-05-12 09:00:00","CIN","surface",87.25,23.25,-0.0604248
"2025-05-12 06:00:00","2025-05-12 09:00:00","CIN","surface",87.5,23.25,-0.0604248
"2025-05-12 06:00:00","2025-05-12 09:00:00","CIN","surface",87.75,23.25,-0.0604248
"2025-05-12 06:00:00","2025-05-12 09:00:00","CIN","surface",88,23.25,-0.0604248
"2025-05-12 06:00:00","2025-05-12 09:00:00","CIN","surface",88.25,23.25,-3.06042
"2025-05-12 06:00:00","2025-05-12 09:00:00","CIN","surface",88.5,23.25,-17.0604
"2025-05-12 06:00:00","2025-05-12 09:00:00","CIN","surface",88.75,23.25,-43.0604
"2025-05-12 06:00:00","2025-05-12 09:00:00","CIN","surface",89,23.25,-29.0604
"2025-05-12 06:00:00","2025-05-12 09:00:00","CIN","surface",82,23.5,-2.06042
"2025-05-12 06:00:00","2025-05-12 09:00:00","CIN","surface",82.25,23.5,-0.0604248
"2025-05-12 06:00:00","2025-05-12 09:00:00","CIN","surface",82.5,23.5,-1.06042
"2025-05-12 06:00:00","2025-05-12 09:00:00","CIN","surface",82.75,23.5,-7.06042
"2025-05-12 06:00:00","2025-05-12 09:00:00","CIN","surface",83,23.5,-0.0604248
"2025-05-12 06:00:00","2025-05-12 09:00:00","CIN","surface",83.25,23.5,-2.06042
"2025-05-12 06:00:00","2025-05-12 09:00:00","CIN","surface",83.5,23.5,-1.06042
"2025-05-12 06:00:00","2025-05-12 09:00:00","CIN","surface",83.75,23.5,-4.06042
"2025-05-12 06:00:00","2025-05-12 09:00:00","CIN","surface",84,23.5,-1.06042
"2025-05-12 06:00:00","2025-05-12 09:00:00","CIN","surface",84.25,23.5,-2.06042
"2025-05-12 06:00:00","2025-05-12 09:00:00","CIN","surface",84.5,23.5,-8.06042
"2025-05-12 06:00:00","2025-05-12 09:00:00","CIN","surface",84.75,23.5,-19.0604
"2025-05-12 06:00:00","2025-05-12 09:00:00","CIN","surface",85,23.5,-7.06042
"2025-05-12 06:00:00","2025-05-12 09:00:00","CIN","surface",85.25,23.5,-0.0604248
"2025-05-12 06:00:00","2025-05-12 09:00:00","CIN","surface",85.5,23.5,-6.06042
"2025-05-12 06:00:00","2025-05-12 09:00:00","CIN","surface",85.75,23.5,-2.06042
"2025-05-12 06:00:00","2025-05-12 09:00:00","CIN","surface",86,23.5,-2.06042
"2025-05-12 06:00:00","2025-05-12 09:00:00","CIN","surface",86.25,23.5,-3.06042
"2025-05-12 06:00:00","2025-05-12 09:00:00","CIN","surface",86.5,23.5,-0.0604248
"2025-05-12 06:00:00","2025-05-12 09:00:00","CIN","surface",86.75,23.5,-2.06042
"2025-05-12 06:00:00","2025-05-12 09:00:00","CIN","surface",87,23.5,-2.06042
"2025-05-12 06:00:00","2025-05-12 09:00:00","CIN","surface",87.25,23.5,-1.06042
"2025-05-12 06:00:00","2025-05-12 09:00:00","CIN","surface",87.5,23.5,-2.06042
"2025-05-12 06:00:00","2025-05-12 09:00:00","CIN","surface",87.75,23.5,-3.06042
"2025-05-12 06:00:00","2025-05-12 09:00:00","CIN","surface",88,23.5,-0.0604248
"2025-05-12 06:00:00","2025-05-12 09:00:00","CIN","surface",88.25,23.5,-2.06042
"2025-05-12 06:00:00","2025-05-12 09:00:00","CIN","surface",88.5,23.5,-13.0604
"2025-05-12 06:00:00","2025-05-12 09:00:00","CIN","surface",88.75,23.5,-23.0604
"2025-05-12 06:00:00","2025-05-12 09:00:00","CIN","surface",89,23.5,-19.0604
"2025-05-12 06:00:00","2025-05-12 09:00:00","CIN","surface",82,23.75,-0.0604248
"2025-05-12 06:00:00","2025-05-12 09:00:00","CIN","surface",82.25,23.75,-0.0604248
"2025-05-12 06:00:00","2025-05-12 09:00:00","CIN","surface",82.5,23.75,-0.0604248
"2025-05-12 06:00:00","2025-05-12 09:00:00","CIN","surface",82.75,23.75,-3.06042
"2025-05-12 06:00:00","2025-05-12 09:00:00","CIN","surface",83,23.75,-1.06042
"2025-05-12 06:00:00","2025-05-12 09:00:00","CIN","surface",83.25,23.75,-0.0604248
"2025-05-12 06:00:00","2025-05-12 09:00:00","CIN","surface",83.5,23.75,-0.0604248
"2025-05-12 06:00:00","2025-05-12 09:00:00","CIN","surface",83.75,23.75,-0.0604248
"2025-05-12 06:00:00","2025-05-12 09:00:00","CIN","surface",84,23.75,-13.0604
"2025-05-12 06:00:00","2025-05-12 09:00:00","CIN","surface",84.25,23.75,-7.06042
"2025-05-12 06:00:00","2025-05-12 09:00:00","CIN","surface",84.5,23.75,-6.06042
"2025-05-12 06:00:00","2025-05-12 09:00:00","CIN","surface",84.75,23.75,-12.0604
"2025-05-12 06:00:00","2025-05-12 09:00:00","CIN","surface",85,23.75,-14.0604
"2025-05-12 06:00:00","2025-05-12 09:00:00","CIN","surface",85.25,23.75,-25.0604
"2025-05-12 06:00:00","2025-05-12 09:00:00","CIN","surface",85.5,23.75,-18.0604
"2025-05-12 06:00:00","2025-05-12 09:00:00","CIN","surface",85.75,23.75,-10.0604
"2025-05-12 06:00:00","2025-05-12 09:00:00","CIN","surface",86,23.75,-21.0604
"2025-05-12 06:00:00","2025-05-12 09:00:00","CIN","surface",86.25,23.75,-13.0604
"2025-05-12 06:00:00","2025-05-12 09:00:00","CIN","surface",86.5,23.75,-1.06042
"2025-05-12 06:00:00","2025-05-12 09:00:00","CIN","surface",86.75,23.75,-1.06042
"2025-05-12 06:00:00","2025-05-12 09:00:00","CIN","surface",87,23.75,-1.06042
"2025-05-12 06:00:00","2025-05-12 09:00:00","CIN","surface",87.25,23.75,-5.06042
"2025-05-12 06:00:00","2025-05-12 09:00:00","CIN","surface",87.5,23.75,-1.06042
"2025-05-12 06:00:00","2025-05-12 09:00:00","CIN","surface",87.75,23.75,-1.06042
"2025-05-12 06:00:00","2025-05-12 09:00:00","CIN","surface",88,23.75,-2.06042
"2025-05-12 06:00:00","2025-05-12 09:00:00","CIN","surface",88.25,23.75,-1.06042
"2025-05-12 06:00:00","2025-05-12 09:00:00","CIN","surface",88.5,23.75,-0.0604248
"2025-05-12 06:00:00","2025-05-12 09:00:00","CIN","surface",88.75,23.75,-2.06042
"2025-05-12 06:00:00","2025-05-12 09:00:00","CIN","surface",89,23.75,-1.06042
"2025-05-12 06:00:00","2025-05-12 09:00:00","CIN","surface",82,24,-0.0604248
"2025-05-12 06:00:00","2025-05-12 09:00:00","CIN","surface",82.25,24,-0.0604248
"2025-05-12 06:00:00","2025-05-12 09:00:00","CIN","surface",82.5,24,-0.0604248
"2025-05-12 06:00:00","2025-05-12 09:00:00","CIN","surface",82.75,24,-5.06042
"2025-05-12 06:00:00","2025-05-12 09:00:00","CIN","surface",83,24,-8.06042
"2025-05-12 06:00:00","2025-05-12 09:00:00","CIN","surface",83.25,24,-2.06042
"2025-05-12 06:00:00","2025-05-12 09:00:00","CIN","surface",83.5,24,-1.06042
"2025-05-12 06:00:00","2025-05-12 09:00:00","CIN","surface",83.75,24,-1.06042
"2025-05-12 06:00:00","2025-05-12 09:00:00","CIN","surface",84,24,-2.06042
"2025-05-12 06:00:00","2025-05-12 09:00:00","CIN","surface",84.25,24,-15.0604
"2025-05-12 06:00:00","2025-05-12 09:00:00","CIN","surface",84.5,24,-15.0604
"2025-05-12 06:00:00","2025-05-12 09:00:00","CIN","surface",84.75,24,-17.0604
"2025-05-12 06:00:00","2025-05-12 09:00:00","CIN","surface",85,24,-29.0604
"2025-05-12 06:00:00","2025-05-12 09:00:00","CIN","surface",85.25,24,-26.0604
"2025-05-12 06:00:00","2025-05-12 09:00:00","CIN","surface",85.5,24,-8.06042
"2025-05-12 06:00:00","2025-05-12 09:00:00","CIN","surface",85.75,24,-19.0604
"2025-05-12 06:00:00","2025-05-12 09:00:00","CIN","surface",86,24,-9.06042
"2025-05-12 06:00:00","2025-05-12 09:00:00","CIN","surface",86.25,24,-14.0604
"2025-05-12 06:00:00","2025-05-12 09:00:00","CIN","surface",86.5,24,-4.06042
"2025-05-12 06:00:00","2025-05-12 09:00:00","CIN","surface",86.75,24,-5.06042
"2025-05-12 06:00:00","2025-05-12 09:00:00","CIN","surface",87,24,-0.0604248
"2025-05-12 06:00:00","2025-05-12 09:00:00","CIN","surface",87.25,24,-1.06042
"2025-05-12 06:00:00","2025-05-12 09:00:00","CIN","surface",87.5,24,-9.06042
"2025-05-12 06:00:00","2025-05-12 09:00:00","CIN","surface",87.75,24,-2.06042
"2025-05-12 06:00:00","2025-05-12 09:00:00","CIN","surface",88,24,-2.06042
"2025-05-12 06:00:00","2025-05-12 09:00:00","CIN","surface",88.25,24,-4.06042
"2025-05-12 06:00:00","2025-05-12 09:00:00","CIN","surface",88.5,24,-2.06042
"2025-05-12 06:00:00","2025-05-12 09:00:00","CIN","surface",88.75,24,-1.06042
"2025-05-12 06:00:00","2025-05-12 09:00:00","CIN","surface",89,24,-1.06042
"2025-05-12 06:00:00","2025-05-12 09:00:00","CIN","surface",82,24.25,-1.06042
"2025-05-12 06:00:00","2025-05-12 09:00:00","CIN","surface",82.25,24.25,-0.0604248
"2025-05-12 06:00:00","2025-05-12 09:00:00","CIN","surface",82.5,24.25,-0.0604248
"2025-05-12 06:00:00","2025-05-12 09:00:00","CIN","surface",82.75,24.25,-5.06042
"2025-05-12 06:00:00","2025-05-12 09:00:00","CIN","surface",83,24.25,-4.06042
"2025-05-12 06:00:00","2025-05-12 09:00:00","CIN","surface",83.25,24.25,-2.06042
"2025-05-12 06:00:00","2025-05-12 09:00:00","CIN","surface",83.5,24.25,-1.06042
"2025-05-12 06:00:00","2025-05-12 09:00:00","CIN","surface",83.75,24.25,-1.06042
"2025-05-12 06:00:00","2025-05-12 09:00:00","CIN","surface",84,24.25,-2.06042
"2025-05-12 06:00:00","2025-05-12 09:00:00","CIN","surface",84.25,24.25,-4.06042
"2025-05-12 06:00:00","2025-05-12 09:00:00","CIN","surface",84.5,24.25,-3.06042
"2025-05-12 06:00:00","2025-05-12 09:00:00","CIN","surface",84.75,24.25,-7.06042
"2025-05-12 06:00:00","2025-05-12 09:00:00","CIN","surface",85,24.25,-19.0604
"2025-05-12 06:00:00","2025-05-12 09:00:00","CIN","surface",85.25,24.25,-5.06042
"2025-05-12 06:00:00","2025-05-12 09:00:00","CIN","surface",85.5,24.25,-5.06042
"2025-05-12 06:00:00","2025-05-12 09:00:00","CIN","surface",85.75,24.25,-17.0604
"2025-05-12 06:00:00","2025-05-12 09:00:00","CIN","surface",86,24.25,-25.0604
"2025-05-12 06:00:00","2025-05-12 09:00:00","CIN","surface",86.25,24.25,-20.0604
"2025-05-12 06:00:00","2025-05-12 09:00:00","CIN","surface",86.5,24.25,-15.0604
"2025-05-12 06:00:00","2025-05-12 09:00:00","CIN","surface",86.75,24.25,-4.06042
"2025-05-12 06:00:00","2025-05-12 09:00:00","CIN","surface",87,24.25,-0.0604248
"2025-05-12 06:00:00","2025-05-12 09:00:00","CIN","surface",87.25,24.25,-0.0604248
"2025-05-12 06:00:00","2025-05-12 09:00:00","CIN","surface",87.5,24.25,-2.06042
"2025-05-12 06:00:00","2025-05-12 09:00:00","CIN","surface",87.75,24.25,-4.06042
"2025-05-12 06:00:00","2025-05-12 09:00:00","CIN","surface",88,24.25,-2.06042
"2025-05-12 06:00:00","2025-05-12 09:00:00","CIN","surface",88.25,24.25,-2.06042
"2025-05-12 06:00:00","2025-05-12 09:00:00","CIN","surface",88.5,24.25,-4.06042
"2025-05-12 06:00:00","2025-05-12 09:00:00","CIN","surface",88.75,24.25,-1.06042
"2025-05-12 06:00:00","2025-05-12 09:00:00","CIN","surface",89,24.25,-2.06042
"2025-05-12 06:00:00","2025-05-12 09:00:00","CIN","surface",82,24.5,-0.0604248
"2025-05-12 06:00:00","2025-05-12 09:00:00","CIN","surface",82.25,24.5,-1.06042
"2025-05-12 06:00:00","2025-05-12 09:00:00","CIN","surface",82.5,24.5,-0.0604248
"2025-05-12 06:00:00","2025-05-12 09:00:00","CIN","surface",82.75,24.5,-0.0604248
"2025-05-12 06:00:00","2025-05-12 09:00:00","CIN","surface",83,24.5,-0.0604248
"2025-05-12 06:00:00","2025-05-12 09:00:00","CIN","surface",83.25,24.5,-0.0604248
"2025-05-12 06:00:00","2025-05-12 09:00:00","CIN","surface",83.5,24.5,-1.06042
"2025-05-12 06:00:00","2025-05-12 09:00:00","CIN","surface",83.75,24.5,-1.06042
"2025-05-12 06:00:00","2025-05-12 09:00:00","CIN","surface",84,24.5,-1.06042
"2025-05-12 06:00:00","2025-05-12 09:00:00","CIN","surface",84.25,24.5,-4.06042
"2025-05-12 06:00:00","2025-05-12 09:00:00","CIN","surface",84.5,24.5,-4.06042
"2025-05-12 06:00:00","2025-05-12 09:00:00","CIN","surface",84.75,24.5,-0.0604248
"2025-05-12 06:00:00","2025-05-12 09:00:00","CIN","surface",85,24.5,-5.06042
"2025-05-12 06:00:00","2025-05-12 09:00:00","CIN","surface",85.25,24.5,-20.0604
"2025-05-12 06:00:00","2025-05-12 09:00:00","CIN","surface",85.5,24.5,-22.0604
"2025-05-12 06:00:00","2025-05-12 09:00:00","CIN","surface",85.75,24.5,-4.06042
"2025-05-12 06:00:00","2025-05-12 09:00:00","CIN","surface",86,24.5,-7.06042
"2025-05-12 06:00:00","2025-05-12 09:00:00","CIN","surface",86.25,24.5,-8.06042
"2025-05-12 06:00:00","2025-05-12 09:00:00","CIN","surface",86.5,24.5,-3.06042
"2025-05-12 06:00:00","2025-05-12 09:00:00","CIN","surface",86.75,24.5,-7.06042
"2025-05-12 06:00:00","2025-05-12 09:00:00","CIN","surface",87,24.5,-1.06042
"2025-05-12 06:00:00","2025-05-12 09:00:00","CIN","surface",87.25,24.5,-4.06042
"2025-05-12 06:00:00","2025-05-12 09:00:00","CIN","surface",87.5,24.5,-9.06042
"2025-05-12 06:00:00","2025-05-12 09:00:00","CIN","surface",87.75,24.5,-15.0604
"2025-05-12 06:00:00","2025-05-12 09:00:00","CIN","surface",88,24.5,-8.06042
"2025-05-12 06:00:00","2025-05-12 09:00:00","CIN","surface",88.25,24.5,-17.0604
"2025-05-12 06:00:00","2025-05-12 09:00:00","CIN","surface",88.5,24.5,-14.0604
"2025-05-12 06:00:00","2025-05-12 09:00:00","CIN","surface",88.75,24.5,-1.06042
"2025-05-12 06:00:00","2025-05-12 09:00:00","CIN","surface",89,24.5,-1.06042
"2025-05-12 06:00:00","2025-05-12 09:00:00","CIN","surface",82,24.75,-0.0604248
"2025-05-12 06:00:00","2025-05-12 09:00:00","CIN","surface",82.25,24.75,-0.0604248
"2025-05-12 06:00:00","2025-05-12 09:00:00","CIN","surface",82.5,24.75,-0.0604248
"2025-05-12 06:00:00","2025-05-12 09:00:00","CIN","surface",82.75,24.75,-1.06042
"2025-05-12 06:00:00","2025-05-12 09:00:00","CIN","surface",83,24.75,-2.06042
"2025-05-12 06:00:00","2025-05-12 09:00:00","CIN","surface",83.25,24.75,-1.06042
"2025-05-12 06:00:00","2025-05-12 09:00:00","CIN","surface",83.5,24.75,-1.06042
"2025-05-12 06:00:00","2025-05-12 09:00:00","CIN","surface",83.75,24.75,-0.0604248
"2025-05-12 06:00:00","2025-05-12 09:00:00","CIN","surface",84,24.75,-0.0604248
"2025-05-12 06:00:00","2025-05-12 09:00:00","CIN","surface",84.25,24.75,-4.06042
"2025-05-12 06:00:00","2025-05-12 09:00:00","CIN","surface",84.5,24.75,-3.06042
"2025-05-12 06:00:00","2025-05-12 09:00:00","CIN","surface",84.75,24.75,-2.06042
"2025-05-12 06:00:00","2025-05-12 09:00:00","CIN","surface",85,24.75,-7.06042
"2025-05-12 06:00:00","2025-05-12 09:00:00","CIN","surface",85.25,24.75,-9.06042
"2025-05-12 06:00:00","2025-05-12 09:00:00","CIN","surface",85.5,24.75,-10.0604
"2025-05-12 06:00:00","2025-05-12 09:00:00","CIN","surface",85.75,24.75,-4.06042
"2025-05-12 06:00:00","2025-05-12 09:00:00","CIN","surface",86,24.75,-7.06042
"2025-05-12 06:00:00","2025-05-12 09:00:00","CIN","surface",86.25,24.75,-13.0604
"2025-05-12 06:00:00","2025-05-12 09:00:00","CIN","surface",86.5,24.75,-1.06042
"2025-05-12 06:00:00","2025-05-12 09:00:00","CIN","surface",86.75,24.75,-1.06042
"2025-05-12 06:00:00","2025-05-12 09:00:00","CIN","surface",87,24.75,-0.0604248
"2025-05-12 06:00:00","2025-05-12 09:00:00","CIN","surface",87.25,24.75,-1.06042
"2025-05-12 06:00:00","2025-05-12 09:00:00","CIN","surface",87.5,24.75,-2.06042
"2025-05-12 06:00:00","2025-05-12 09:00:00","CIN","surface",87.75,24.75,-3.06042
"2025-05-12 06:00:00","2025-05-12 09:00:00","CIN","surface",88,24.75,-2.06042
"2025-05-12 06:00:00","2025-05-12 09:00:00","CIN","surface",88.25,24.75,-5.06042
"2025-05-12 06:00:00","2025-05-12 09:00:00","CIN","surface",88.5,24.75,-3.06042
"2025-05-12 06:00:00","2025-05-12 09:00:00","CIN","surface",88.75,24.75,-3.06042
"2025-05-12 06:00:00","2025-05-12 09:00:00","CIN","surface",89,24.75,-2.06042
"2025-05-12 06:00:00","2025-05-12 09:00:00","CIN","surface",82,25,-1.06042
"2025-05-12 06:00:00","2025-05-12 09:00:00","CIN","surface",82.25,25,-0.0604248
"2025-05-12 06:00:00","2025-05-12 09:00:00","CIN","surface",82.5,25,-4.06042
"2025-05-12 06:00:00","2025-05-12 09:00:00","CIN","surface",82.75,25,-1.06042
"2025-05-12 06:00:00","2025-05-12 09:00:00","CIN","surface",83,25,-1.06042
"2025-05-12 06:00:00","2025-05-12 09:00:00","CIN","surface",83.25,25,-1.06042
"2025-05-12 06:00:00","2025-05-12 09:00:00","CIN","surface",83.5,25,-0.0604248
"2025-05-12 06:00:00","2025-05-12 09:00:00","CIN","surface",83.75,25,-0.0604248
"2025-05-12 06:00:00","2025-05-12 09:00:00","CIN","surface",84,25,-0.0604248
"2025-05-12 06:00:00","2025-05-12 09:00:00","CIN","surface",84.25,25,-3.06042
"2025-05-12 06:00:00","2025-05-12 09:00:00","CIN","surface",84.5,25,-1.06042
"2025-05-12 06:00:00","2025-05-12 09:00:00","CIN","surface",84.75,25,-3.06042
"2025-05-12 06:00:00","2025-05-12 09:00:00","CIN","surface",85,25,-11.0604
"2025-05-12 06:00:00","2025-05-12 09:00:00","CIN","surface",85.25,25,-12.0604
"2025-05-12 06:00:00","2025-05-12 09:00:00","CIN","surface",85.5,25,-3.06042
"2025-05-12 06:00:00","2025-05-12 09:00:00","CIN","surface",85.75,25,-2.06042
"2025-05-12 06:00:00","2025-05-12 09:00:00","CIN","surface",86,25,-2.06042
"2025-05-12 06:00:00","2025-05-12 09:00:00","CIN","surface",86.25,25,-2.06042
"2025-05-12 06:00:00","2025-05-12 09:00:00","CIN","surface",86.5,25,-0.0604248
"2025-05-12 06:00:00","2025-05-12 09:00:00","CIN","surface",86.75,25,-1.06042
"2025-05-12 06:00:00","2025-05-12 09:00:00","CIN","surface",87,25,-1.06042
"2025-05-12 06:00:00","2025-05-12 09:00:00","CIN","surface",87.25,25,-0.0604248
"2025-05-12 06:00:00","2025-05-12 09:00:00","CIN","surface",87.5,25,-6.06042
"2025-05-12 06:00:00","2025-05-12 09:00:00","CIN","surface",87.75,25,-6.06042
"2025-05-12 06:00:00","2025-05-12 09:00:00","CIN","surface",88,25,-11.0604
"2025-05-12 06:00:00","2025-05-12 09:00:00","CIN","surface",88.25,25,-7.06042
"2025-05-12 06:00:00","2025-05-12 09:00:00","CIN","surface",88.5,25,-6.06042
"2025-05-12 06:00:00","2025-05-12 09:00:00","CIN","surface",88.75,25,-3.06042
"2025-05-12 06:00:00","2025-05-12 09:00:00","CIN","surface",89,25,-3.06042
"2025-05-12 06:00:00","2025-05-12 09:00:00","CIN","surface",82,25.25,-3.06042
"2025-05-12 06:00:00","2025-05-12 09:00:00","CIN","surface",82.25,25.25,-5.06042
"2025-05-12 06:00:00","2025-05-12 09:00:00","CIN","surface",82.5,25.25,-4.06042
"2025-05-12 06:00:00","2025-05-12 09:00:00","CIN","surface",82.75,25.25,-2.06042
"2025-05-12 06:00:00","2025-05-12 09:00:00","CIN","surface",83,25.25,-1.06042
"2025-05-12 06:00:00","2025-05-12 09:00:00","CIN","surface",83.25,25.25,-1.06042
"2025-05-12 06:00:00","2025-05-12 09:00:00","CIN","surface",83.5,25.25,-0.0604248
"2025-05-12 06:00:00","2025-05-12 09:00:00","CIN","surface",83.75,25.25,-0.0604248
"2025-05-12 06:00:00","2025-05-12 09:00:00","CIN","surface",84,25.25,-0.0604248
"2025-05-12 06:00:00","2025-05-12 09:00:00","CIN","surface",84.25,25.25,-1.06042
"2025-05-12 06:00:00","2025-05-12 09:00:00","CIN","surface",84.5,25.25,-0.0604248
"2025-05-12 06:00:00","2025-05-12 09:00:00","CIN","surface",84.75,25.25,-6.06042
"2025-05-12 06:00:00","2025-05-12 09:00:00","CIN","surface",85,25.25,-8.06042
"2025-05-12 06:00:00","2025-05-12 09:00:00","CIN","surface",85.25,25.25,-3.06042
"2025-05-12 06:00:00","2025-05-12 09:00:00","CIN","surface",85.5,25.25,-0.0604248
"2025-05-12 06:00:00","2025-05-12 09:00:00","CIN","surface",85.75,25.25,-3.06042
"2025-05-12 06:00:00","2025-05-12 09:00:00","CIN","surface",86,25.25,-7.06042
"2025-05-12 06:00:00","2025-05-12 09:00:00","CIN","surface",86.25,25.25,-11.0604
"2025-05-12 06:00:00","2025-05-12 09:00:00","CIN","surface",86.5,25.25,-0.0604248
"2025-05-12 06:00:00","2025-05-12 09:00:00","CIN","surface",86.75,25.25,-1.06042
"2025-05-12 06:00:00","2025-05-12 09:00:00","CIN","surface",87,25.25,-1.06042
"2025-05-12 06:00:00","2025-05-12 09:00:00","CIN","surface",87.25,25.25,-0.0604248
"2025-05-12 06:00:00","2025-05-12 09:00:00","CIN","surface",87.5,25.25,-2.06042
"2025-05-12 06:00:00","2025-05-12 09:00:00","CIN","surface",87.75,25.25,-5.06042
"2025-05-12 06:00:00","2025-05-12 09:00:00","CIN","surface",88,25.25,-1.06042
"2025-05-12 06:00:00","2025-05-12 09:00:00","CIN","surface",88.25,25.25,-8.06042
"2025-05-12 06:00:00","2025-05-12 09:00:00","CIN","surface",88.5,25.25,-0.0604248
"2025-05-12 06:00:00","2025-05-12 09:00:00","CIN","surface",88.75,25.25,-0.0604248
"2025-05-12 06:00:00","2025-05-12 09:00:00","CIN","surface",89,25.25,-4.06042
"2025-05-12 06:00:00","2025-05-12 09:00:00","CIN","surface",82,25.5,-0.0604248
"2025-05-12 06:00:00","2025-05-12 09:00:00","CIN","surface",82.25,25.5,-0.0604248
"2025-05-12 06:00:00","2025-05-12 09:00:00","CIN","surface",82.5,25.5,-2.06042
"2025-05-12 06:00:00","2025-05-12 09:00:00","CIN","surface",82.75,25.5,-1.06042
"2025-05-12 06:00:00","2025-05-12 09:00:00","CIN","surface",83,25.5,-0.0604248
"2025-05-12 06:00:00","2025-05-12 09:00:00","CIN","surface",83.25,25.5,-0.0604248
"2025-05-12 06:00:00","2025-05-12 09:00:00","CIN","surface",83.5,25.5,-1.06042
"2025-05-12 06:00:00","2025-05-12 09:00:00","CIN","surface",83.75,25.5,-1.06042
"2025-05-12 06:00:00","2025-05-12 09:00:00","CIN","surface",84,25.5,-0.0604248
"2025-05-12 06:00:00","2025-05-12 09:00:00","CIN","surface",84.25,25.5,-0.0604248
"2025-05-12 06:00:00","2025-05-12 09:00:00","CIN","surface",84.5,25.5,-4.06042
"2025-05-12 06:00:00","2025-05-12 09:00:00","CIN","surface",84.75,25.5,-5.06042
"2025-05-12 06:00:00","2025-05-12 09:00:00","CIN","surface",85,25.5,-2.06042
"2025-05-12 06:00:00","2025-05-12 09:00:00","CIN","surface",85.25,25.5,-11.0604
"2025-05-12 06:00:00","2025-05-12 09:00:00","CIN","surface",85.5,25.5,-1.06042
"2025-05-12 06:00:00","2025-05-12 09:00:00","CIN","surface",85.75,25.5,-0.0604248
"2025-05-12 06:00:00","2025-05-12 09:00:00","CIN","surface",86,25.5,-1.06042
"2025-05-12 06:00:00","2025-05-12 09:00:00","CIN","surface",86.25,25.5,-0.0604248
"2025-05-12 06:00:00","2025-05-12 09:00:00","CIN","surface",86.5,25.5,-0.0604248
"2025-05-12 06:00:00","2025-05-12 09:00:00","CIN","surface",86.75,25.5,-0.0604248
"2025-05-12 06:00:00","2025-05-12 09:00:00","CIN","surface",87,25.5,-0.0604248
"2025-05-12 06:00:00","2025-05-12 09:00:00","CIN","surface",87.25,25.5,-0.0604248
"2025-05-12 06:00:00","2025-05-12 09:00:00","CIN","surface",87.5,25.5,-1.06042
"2025-05-12 06:00:00","2025-05-12 09:00:00","CIN","surface",87.75,25.5,-1.06042
"2025-05-12 06:00:00","2025-05-12 09:00:00","CIN","surface",88,25.5,-0.0604248
"2025-05-12 06:00:00","2025-05-12 09:00:00","CIN","surface",88.25,25.5,-1.06042
"2025-05-12 06:00:00","2025-05-12 09:00:00","CIN","surface",88.5,25.5,-3.06042
"2025-05-12 06:00:00","2025-05-12 09:00:00","CIN","surface",88.75,25.5,-3.06042
"2025-05-12 06:00:00","2025-05-12 09:00:00","CIN","surface",89,25.5,-0.0604248
"2025-05-12 06:00:00","2025-05-12 09:00:00","CIN","surface",82,25.75,-2.06042
"2025-05-12 06:00:00","2025-05-12 09:00:00","CIN","surface",82.25,25.75,-2.06042
"2025-05-12 06:00:00","2025-05-12 09:00:00","CIN","surface",82.5,25.75,-0.0604248
"2025-05-12 06:00:00","2025-05-12 09:00:00","CIN","surface",82.75,25.75,-0.0604248
"2025-05-12 06:00:00","2025-05-12 09:00:00","CIN","surface",83,25.75,-0.0604248
"2025-05-12 06:00:00","2025-05-12 09:00:00","CIN","surface",83.25,25.75,-0.0604248
"2025-05-12 06:00:00","2025-05-12 09:00:00","CIN","surface",83.5,25.75,-1.06042
"2025-05-12 06:00:00","2025-05-12 09:00:00","CIN","surface",83.75,25.75,-2.06042
"2025-05-12 06:00:00","2025-05-12 09:00:00","CIN","surface",84,25.75,-2.06042
"2025-05-12 06:00:00","2025-05-12 09:00:00","CIN","surface",84.25,25.75,-4.06042
"2025-05-12 06:00:00","2025-05-12 09:00:00","CIN","surface",84.5,25.75,-10.0604
"2025-05-12 06:00:00","2025-05-12 09:00:00","CIN","surface",84.75,25.75,-1.06042
"2025-05-12 06:00:00","2025-05-12 09:00:00","CIN","surface",85,25.75,-5.06042
"2025-05-12 06:00:00","2025-05-12 09:00:00","CIN","surface",85.25,25.75,-13.0604
"2025-05-12 06:00:00","2025-05-12 09:00:00","CIN","surface",85.5,25.75,-23.0604
"2025-05-12 06:00:00","2025-05-12 09:00:00","CIN","surface",85.75,25.75,-9.06042
"2025-05-12 06:00:00","2025-05-12 09:00:00","CIN","surface",86,25.75,-5.06042
"2025-05-12 06:00:00","2025-05-12 09:00:00","CIN","surface",86.25,25.75,-0.0604248
"2025-05-12 06:00:00","2025-05-12 09:00:00","CIN","surface",86.5,25.75,-0.0604248
"2025-05-12 06:00:00","2025-05-12 09:00:00","CIN","surface",86.75,25.75,-0.0604248
"2025-05-12 06:00:00","2025-05-12 09:00:00","CIN","surface",87,25.75,-0.0604248
"2025-05-12 06:00:00","2025-05-12 09:00:00","CIN","surface",87.25,25.75,-1.06042
"2025-05-12 06:00:00","2025-05-12 09:00:00","CIN","surface",87.5,25.75,-1.06042
"2025-05-12 06:00:00","2025-05-12 09:00:00","CIN","surface",87.75,25.75,-1.06042
"2025-05-12 06:00:00","2025-05-12 09:00:00","CIN","surface",88,25.75,-1.06042
"2025-05-12 06:00:00","2025-05-12 09:00:00","CIN","surface",88.25,25.75,-0.0604248
"2025-05-12 06:00:00","2025-05-12 09:00:00","CIN","surface",88.5,25.75,-2.06042
"2025-05-12 06:00:00","2025-05-12 09:00:00","CIN","surface",88.75,25.75,-1.06042
"2025-05-12 06:00:00","2025-05-12 09:00:00","CIN","surface",89,25.75,-0.0604248
"2025-05-12 06:00:00","2025-05-12 09:00:00","CIN","surface",82,26,-2.06042
"2025-05-12 06:00:00","2025-05-12 09:00:00","CIN","surface",82.25,26,-1.06042
"2025-05-12 06:00:00","2025-05-12 09:00:00","CIN","surface",82.5,26,-0.0604248
"2025-05-12 06:00:00","2025-05-12 09:00:00","CIN","surface",82.75,26,-0.0604248
"2025-05-12 06:00:00","2025-05-12 09:00:00","CIN","surface",83,26,-0.0604248
"2025-05-12 06:00:00","2025-05-12 09:00:00","CIN","surface",83.25,26,-1.06042
"2025-05-12 06:00:00","2025-05-12 09:00:00","CIN","surface",83.5,26,-1.06042
"2025-05-12 06:00:00","2025-05-12 09:00:00","CIN","surface",83.75,26,-3.06042
"2025-05-12 06:00:00","2025-05-12 09:00:00","CIN","surface",84,26,-6.06042
"2025-05-12 06:00:00","2025-05-12 09:00:00","CIN","surface",84.25,26,-7.06042
"2025-05-12 06:00:00","2025-05-12 09:00:00","CIN","surface",84.5,26,-9.06042
"2025-05-12 06:00:00","2025-05-12 09:00:00","CIN","surface",84.75,26,-9.06042
"2025-05-12 06:00:00","2025-05-12 09:00:00","CIN","surface",85,26,-28.0604
"2025-05-12 06:00:00","2025-05-12 09:00:00","CIN","surface",85.25,26,-44.0604
"2025-05-12 06:00:00","2025-05-12 09:00:00","CIN","surface",85.5,26,-47.0604
"2025-05-12 06:00:00","2025-05-12 09:00:00","CIN","surface",85.75,26,-18.0604
"2025-05-12 06:00:00","2025-05-12 09:00:00","CIN","surface",86,26,-6.06042
"2025-05-12 06:00:00","2025-05-12 09:00:00","CIN","surface",86.25,26,-1.06042
"2025-05-12 06:00:00","2025-05-12 09:00:00","CIN","surface",86.5,26,-1.06042
"2025-05-12 06:00:00","2025-05-12 09:00:00","CIN","surface",86.75,26,-6.06042
"2025-05-12 06:00:00","2025-05-12 09:00:00","CIN","surface",87,26,-1.06042
"2025-05-12 06:00:00","2025-05-12 09:00:00","CIN","surface",87.25,26,-0.0604248
"2025-05-12 06:00:00","2025-05-12 09:00:00","CIN","surface",87.5,26,-2.06042
"2025-05-12 06:00:00","2025-05-12 09:00:00","CIN","surface",87.75,26,-0.0604248
"2025-05-12 06:00:00","2025-05-12 09:00:00","CIN","surface",88,26,-2.06042
"2025-05-12 06:00:00","2025-05-12 09:00:00","CIN","surface",88.25,26,-0.0604248
"2025-05-12 06:00:00","2025-05-12 09:00:00","CIN","surface",88.5,26,-1.06042
"2025-05-12 06:00:00","2025-05-12 09:00:00","CIN","surface",88.75,26,-7.06042
"2025-05-12 06:00:00","2025-05-12 09:00:00","CIN","surface",89,26,-3.06042
"2025-05-12 06:00:00","2025-05-12 09:00:00","CIN","surface",82,26.25,-1.06042
"2025-05-12 06:00:00","2025-05-12 09:00:00","CIN","surface",82.25,26.25,-1.06042
"2025-05-12 06:00:00","2025-05-12 09:00:00","CIN","surface",82.5,26.25,-0.0604248
"2025-05-12 06:00:00","2025-05-12 09:00:00","CIN","surface",82.75,26.25,-1.06042
"2025-05-12 06:00:00","2025-05-12 09:00:00","CIN","surface",83,26.25,-1.06042
"2025-05-12 06:00:00","2025-05-12 09:00:00","CIN","surface",83.25,26.25,-3.06042
"2025-05-12 06:00:00","2025-05-12 09:00:00","CIN","surface",83.5,26.25,-8.06042
"2025-05-12 06:00:00","2025-05-12 09:00:00","CIN","surface",83.75,26.25,-19.0604
"2025-05-12 06:00:00","2025-05-12 09:00:00","CIN","surface",84,26.25,-31.0604
"2025-05-12 06:00:00","2025-05-12 09:00:00","CIN","surface",84.25,26.25,-41.0604
"2025-05-12 06:00:00","2025-05-12 09:00:00","CIN","surface",84.5,26.25,-47.0604
"2025-05-12 06:00:00","2025-05-12 09:00:00","CIN","surface",84.75,26.25,-43.0604
"2025-05-12 06:00:00","2025-05-12 09:00:00","CIN","surface",85,26.25,-51.0604
"2025-05-12 06:00:00","2025-05-12 09:00:00","CIN","surface",85.25,26.25,-56.0604
"2025-05-12 06:00:00","2025-05-12 09:00:00","CIN","surface",85.5,26.25,-16.0604
"2025-05-12 06:00:00","2025-05-12 09:00:00","CIN","surface",85.75,26.25,-10.0604
"2025-05-12 06:00:00","2025-05-12 09:00:00","CIN","surface",86,26.25,-2.06042
"2025-05-12 06:00:00","2025-05-12 09:00:00","CIN","surface",86.25,26.25,-0.0604248
"2025-05-12 06:00:00","2025-05-12 09:00:00","CIN","surface",86.5,26.25,-6.06042
"2025-05-12 06:00:00","2025-05-12 09:00:00","CIN","surface",86.75,26.25,-0.0604248
"2025-05-12 06:00:00","2025-05-12 09:00:00","CIN","surface",87,26.25,-0.0604248
"2025-05-12 06:00:00","2025-05-12 09:00:00","CIN","surface",87.25,26.25,-0.0604248
"2025-05-12 06:00:00","2025-05-12 09:00:00","CIN","surface",87.5,26.25,-0.0604248
"2025-05-12 06:00:00","2025-05-12 09:00:00","CIN","surface",87.75,26.25,-1.06042
"2025-05-12 06:00:00","2025-05-12 09:00:00","CIN","surface",88,26.25,-6.06042
"2025-05-12 06:00:00","2025-05-12 09:00:00","CIN","surface",88.25,26.25,-0.0604248
"2025-05-12 06:00:00","2025-05-12 09:00:00","CIN","surface",88.5,26.25,-3.06042
"2025-05-12 06:00:00","2025-05-12 09:00:00","CIN","surface",88.75,26.25,-10.0604
"2025-05-12 06:00:00","2025-05-12 09:00:00","CIN","surface",89,26.25,-19.0604
"2025-05-12 06:00:00","2025-05-12 09:00:00","CIN","surface",82,26.5,-0.0604248
"2025-05-12 06:00:00","2025-05-12 09:00:00","CIN","surface",82.25,26.5,-1.06042
"2025-05-12 06:00:00","2025-05-12 09:00:00","CIN","surface",82.5,26.5,-1.06042
"2025-05-12 06:00:00","2025-05-12 09:00:00","CIN","surface",82.75,26.5,-0.0604248
"2025-05-12 06:00:00","2025-05-12 09:00:00","CIN","surface",83,26.5,-5.06042
"2025-05-12 06:00:00","2025-05-12 09:00:00","CIN","surface",83.25,26.5,-24.0604
"2025-05-12 06:00:00","2025-05-12 09:00:00","CIN","surface",83.5,26.5,-30.0604
"2025-05-12 06:00:00","2025-05-12 09:00:00","CIN","surface",83.75,26.5,-40.0604
"2025-05-12 06:00:00","2025-05-12 09:00:00","CIN","surface",84,26.5,-62.0604
"2025-05-12 06:00:00","2025-05-12 09:00:00","CIN","surface",84.25,26.5,-64.0604
"2025-05-12 06:00:00","2025-05-12 09:00:00","CIN","surface",84.5,26.5,-63.0604
"2025-05-12 06:00:00","2025-05-12 09:00:00","CIN","surface",84.75,26.5,-52.0604
"2025-05-12 06:00:00","2025-05-12 09:00:00","CIN","surface",85,26.5,-35.0604
"2025-05-12 06:00:00","2025-05-12 09:00:00","CIN","surface",85.25,26.5,-12.0604
"2025-05-12 06:00:00","2025-05-12 09:00:00","CIN","surface",85.5,26.5,-2.06042
"2025-05-12 06:00:00","2025-05-12 09:00:00","CIN","surface",85.75,26.5,-1.06042
"2025-05-12 06:00:00","2025-05-12 09:00:00","CIN","surface",86,26.5,-0.0604248
"2025-05-12 06:00:00","2025-05-12 09:00:00","CIN","surface",86.25,26.5,-0.0604248
"2025-05-12 06:00:00","2025-05-12 09:00:00","CIN","surface",86.5,26.5,-0.0604248
"2025-05-12 06:00:00","2025-05-12 09:00:00","CIN","surface",86.75,26.5,-0.0604248
"2025-05-12 06:00:00","2025-05-12 09:00:00","CIN","surface",87,26.5,-2.06042
"2025-05-12 06:00:00","2025-05-12 09:00:00","CIN","surface",87.25,26.5,-4.06042
"2025-05-12 06:00:00","2025-05-12 09:00:00","CIN","surface",87.5,26.5,-2.06042
"2025-05-12 06:00:00","2025-05-12 09:00:00","CIN","surface",87.75,26.5,-2.06042
"2025-05-12 06:00:00","2025-05-12 09:00:00","CIN","surface",88,26.5,-0.0604248
"2025-05-12 06:00:00","2025-05-12 09:00:00","CIN","surface",88.25,26.5,-6.06042
"2025-05-12 06:00:00","2025-05-12 09:00:00","CIN","surface",88.5,26.5,-24.0604
"2025-05-12 06:00:00","2025-05-12 09:00:00","CIN","surface",88.75,26.5,-18.0604
"2025-05-12 06:00:00","2025-05-12 09:00:00","CIN","surface",89,26.5,-22.0604
"2025-05-12 06:00:00","2025-05-12 09:00:00","CIN","surface",82,26.75,-2.06042
"2025-05-12 06:00:00","2025-05-12 09:00:00","CIN","surface",82.25,26.75,-0.0604248
"2025-05-12 06:00:00","2025-05-12 09:00:00","CIN","surface",82.5,26.75,-0.0604248
"2025-05-12 06:00:00","2025-05-12 09:00:00","CIN","surface",82.75,26.75,-0.0604248
"2025-05-12 06:00:00","2025-05-12 09:00:00","CIN","surface",83,26.75,-9.06042
"2025-05-12 06:00:00","2025-05-12 09:00:00","CIN","surface",83.25,26.75,-21.0604
"2025-05-12 06:00:00","2025-05-12 09:00:00","CIN","surface",83.5,26.75,-18.0604
"2025-05-12 06:00:00","2025-05-12 09:00:00","CIN","surface",83.75,26.75,-41.0604
"2025-05-12 06:00:00","2025-05-12 09:00:00","CIN","surface",84,26.75,-53.0604
"2025-05-12 06:00:00","2025-05-12 09:00:00","CIN","surface",84.25,26.75,-45.0604
"2025-05-12 06:00:00","2025-05-12 09:00:00","CIN","surface",84.5,26.75,-33.0604
"2025-05-12 06:00:00","2025-05-12 09:00:00","CIN","surface",84.75,26.75,-16.0604
"2025-05-12 06:00:00","2025-05-12 09:00:00","CIN","surface",85,26.75,-3.06042
"2025-05-12 06:00:00","2025-05-12 09:00:00","CIN","surface",85.25,26.75,-1.06042
"2025-05-12 06:00:00","2025-05-12 09:00:00","CIN","surface",85.5,26.75,-0.0604248
"2025-05-12 06:00:00","2025-05-12 09:00:00","CIN","surface",85.75,26.75,-0.0604248
"2025-05-12 06:00:00","2025-05-12 09:00:00","CIN","surface",86,26.75,-0.0604248
"2025-05-12 06:00:00","2025-05-12 09:00:00","CIN","surface",86.25,26.75,-0.0604248
"2025-05-12 06:00:00","2025-05-12 09:00:00","CIN","surface",86.5,26.75,-0.0604248
"2025-05-12 06:00:00","2025-05-12 09:00:00","CIN","surface",86.75,26.75,-0.0604248
"2025-05-12 06:00:00","2025-05-12 09:00:00","CIN","surface",87,26.75,-1.06042
"2025-05-12 06:00:00","2025-05-12 09:00:00","CIN","surface",87.25,26.75,-3.06042
"2025-05-12 06:00:00","2025-05-12 09:00:00","CIN","surface",87.5,26.75,-10.0604
"2025-05-12 06:00:00","2025-05-12 09:00:00","CIN","surface",87.75,26.75,-12.0604
"2025-05-12 06:00:00","2025-05-12 09:00:00","CIN","surface",88,26.75,-5.06042
"2025-05-12 06:00:00","2025-05-12 09:00:00","CIN","surface",88.25,26.75,-1.06042
"2025-05-12 06:00:00","2025-05-12 09:00:00","CIN","surface",88.5,26.75,-0.0604248
"2025-05-12 06:00:00","2025-05-12 09:00:00","CIN","surface",88.75,26.75,-0.0604248
"2025-05-12 06:00:00","2025-05-12 09:00:00","CIN","surface",89,26.75,-0.0604248
"2025-05-12 06:00:00","2025-05-12 09:00:00","CIN","surface",82,27,-1.06042
"2025-05-12 06:00:00","2025-05-12 09:00:00","CIN","surface",82.25,27,-1.06042
"2025-05-12 06:00:00","2025-05-12 09:00:00","CIN","surface",82.5,27,-0.0604248
"2025-05-12 06:00:00","2025-05-12 09:00:00","CIN","surface",82.75,27,-1.06042
"2025-05-12 06:00:00","2025-05-12 09:00:00","CIN","surface",83,27,-18.0604
"2025-05-12 06:00:00","2025-05-12 09:00:00","CIN","surface",83.25,27,-19.0604
"2025-05-12 06:00:00","2025-05-12 09:00:00","CIN","surface",83.5,27,-15.0604
"2025-05-12 06:00:00","2025-05-12 09:00:00","CIN","surface",83.75,27,-28.0604
"2025-05-12 06:00:00","2025-05-12 09:00:00","CIN","surface",84,27,-20.0604
"2025-05-12 06:00:00","2025-05-12 09:00:00","CIN","surface",84.25,27,-3.06042
"2025-05-12 06:00:00","2025-05-12 09:00:00","CIN","surface",84.5,27,-0.0604248
"2025-05-12 06:00:00","2025-05-12 09:00:00","CIN","surface",84.75,27,-0.0604248
"2025-05-12 06:00:00","2025-05-12 09:00:00","CIN","surface",85,27,-0.0604248
"2025-05-12 06:00:00","2025-05-12 09:00:00","CIN","surface",85.25,27,-0.0604248
"2025-05-12 06:00:00","2025-05-12 09:00:00","CIN","surface",85.5,27,-0.0604248
"2025-05-12 06:00:00","2025-05-12 09:00:00","CIN","surface",85.75,27,-0.0604248
"2025-05-12 06:00:00","2025-05-12 09:00:00","CIN","surface",86,27,-0.0604248
"2025-05-12 06:00:00","2025-05-12 09:00:00","CIN","surface",86.25,27,-0.0604248
"2025-05-12 06:00:00","2025-05-12 09:00:00","CIN","surface",86.5,27,-0.0604248
"2025-05-12 06:00:00","2025-05-12 09:00:00","CIN","surface",86.75,27,-1.06042
"2025-05-12 06:00:00","2025-05-12 09:00:00","CIN","surface",87,27,-1.06042
"2025-05-12 06:00:00","2025-05-12 09:00:00","CIN","surface",87.25,27,-0.0604248
"2025-05-12 06:00:00","2025-05-12 09:00:00","CIN","surface",87.5,27,-0.0604248
"2025-05-12 06:00:00","2025-05-12 09:00:00","CIN","surface",87.75,27,-0.0604248
"2025-05-12 06:00:00","2025-05-12 09:00:00","CIN","surface",88,27,-0.0604248
"2025-05-12 06:00:00","2025-05-12 09:00:00","CIN","surface",88.25,27,-0.0604248
"2025-05-12 06:00:00","2025-05-12 09:00:00","CIN","surface",88.5,27,-5.06042
"2025-05-12 06:00:00","2025-05-12 09:00:00","CIN","surface",88.75,27,-1.06042
"2025-05-12 06:00:00","2025-05-12 09:00:00","CIN","surface",89,27,-0.0604248
"2025-05-12 06:00:00","2025-05-12 09:00:00","CIN","surface",82,27.25,-0.0604248
"2025-05-12 06:00:00","2025-05-12 09:00:00","CIN","surface",82.25,27.25,-0.0604248
"2025-05-12 06:00:00","2025-05-12 09:00:00","CIN","surface",82.5,27.25,-2.06042
"2025-05-12 06:00:00","2025-05-12 09:00:00","CIN","surface",82.75,27.25,-10.0604
"2025-05-12 06:00:00","2025-05-12 09:00:00","CIN","surface",83,27.25,-16.0604
"2025-05-12 06:00:00","2025-05-12 09:00:00","CIN","surface",83.25,27.25,-15.0604
"2025-05-12 06:00:00","2025-05-12 09:00:00","CIN","surface",83.5,27.25,-5.06042
"2025-05-12 06:00:00","2025-05-12 09:00:00","CIN","surface",83.75,27.25,-1.06042
"2025-05-12 06:00:00","2025-05-12 09:00:00","CIN","surface",84,27.25,-0.0604248
"2025-05-12 06:00:00","2025-05-12 09:00:00","CIN","surface",84.25,27.25,-0.0604248
"2025-05-12 06:00:00","2025-05-12 09:00:00","CIN","surface",84.5,27.25,-0.0604248
"2025-05-12 06:00:00","2025-05-12 09:00:00","CIN","surface",84.75,27.25,-2.06042
"2025-05-12 06:00:00","2025-05-12 09:00:00","CIN","surface",85,27.25,-0.0604248
"2025-05-12 06:00:00","2025-05-12 09:00:00","CIN","surface",85.25,27.25,-0.0604248
"2025-05-12 06:00:00","2025-05-12 09:00:00","CIN","surface",85.5,27.25,-1.06042
"2025-05-12 06:00:00","2025-05-12 09:00:00","CIN","surface",85.75,27.25,-1.06042
"2025-05-12 06:00:00","2025-05-12 09:00:00","CIN","surface",86,27.25,-1.06042
"2025-05-12 06:00:00","2025-05-12 09:00:00","CIN","surface",86.25,27.25,-0.0604248
"2025-05-12 06:00:00","2025-05-12 09:00:00","CIN","surface",86.5,27.25,-2.06042
"2025-05-12 06:00:00","2025-05-12 09:00:00","CIN","surface",86.75,27.25,-5.06042
"2025-05-12 06:00:00","2025-05-12 09:00:00","CIN","surface",87,27.25,-4.06042
"2025-05-12 06:00:00","2025-05-12 09:00:00","CIN","surface",87.25,27.25,-1.06042
"2025-05-12 06:00:00","2025-05-12 09:00:00","CIN","surface",87.5,27.25,-0.0604248
"2025-05-12 06:00:00","2025-05-12 09:00:00","CIN","surface",87.75,27.25,-1.06042
"2025-05-12 06:00:00","2025-05-12 09:00:00","CIN","surface",88,27.25,-0.0604248
"2025-05-12 06:00:00","2025-05-12 09:00:00","CIN","surface",88.25,27.25,-0.0604248
"2025-05-12 06:00:00","2025-05-12 09:00:00","CIN","surface",88.5,27.25,-3.06042
"2025-05-12 06:00:00","2025-05-12 09:00:00","CIN","surface",88.75,27.25,-0.0604248
"2025-05-12 06:00:00","2025-05-12 09:00:00","CIN","surface",89,27.25,-0.0604248
"2025-05-12 06:00:00","2025-05-12 09:00:00","CIN","surface",82,27.5,-4.06042
"2025-05-12 06:00:00","2025-05-12 09:00:00","CIN","surface",82.25,27.5,-1.06042
"2025-05-12 06:00:00","2025-05-12 09:00:00","CIN","surface",82.5,27.5,-2.06042
"2025-05-12 06:00:00","2025-05-12 09:00:00","CIN","surface",82.75,27.5,-10.0604
"2025-05-12 06:00:00","2025-05-12 09:00:00","CIN","surface",83,27.5,-15.0604
"2025-05-12 06:00:00","2025-05-12 09:00:00","CIN","surface",83.25,27.5,-28.0604
"2025-05-12 06:00:00","2025-05-12 09:00:00","CIN","surface",83.5,27.5,-10.0604
"2025-05-12 06:00:00","2025-05-12 09:00:00","CIN","surface",83.75,27.5,-1.06042
"2025-05-12 06:00:00","2025-05-12 09:00:00","CIN","surface",84,27.5,-0.0604248
"2025-05-12 06:00:00","2025-05-12 09:00:00","CIN","surface",84.25,27.5,-1.06042
"2025-05-12 06:00:00","2025-05-12 09:00:00","CIN","surface",84.5,27.5,-0.0604248
"2025-05-12 06:00:00","2025-05-12 09:00:00","CIN","surface",84.75,27.5,-0.0604248
"2025-05-12 06:00:00","2025-05-12 09:00:00","CIN","surface",85,27.5,-0.0604248
"2025-05-12 06:00:00","2025-05-12 09:00:00","CIN","surface",85.25,27.5,-3.06042
"2025-05-12 06:00:00","2025-05-12 09:00:00","CIN","surface",85.5,27.5,-29.0604
"2025-05-12 06:00:00","2025-05-12 09:00:00","CIN","surface",85.75,27.5,-18.0604
"2025-05-12 06:00:00","2025-05-12 09:00:00","CIN","surface",86,27.5,-0.0604248
"2025-05-12 06:00:00","2025-05-12 09:00:00","CIN","surface",86.25,27.5,-1.06042
"2025-05-12 06:00:00","2025-05-12 09:00:00","CIN","surface",86.5,27.5,-0.0604248
"2025-05-12 06:00:00","2025-05-12 09:00:00","CIN","surface",86.75,27.5,-0.0604248
"2025-05-12 06:00:00","2025-05-12 09:00:00","CIN","surface",87,27.5,-0.0604248
"2025-05-12 06:00:00","2025-05-12 09:00:00","CIN","surface",87.25,27.5,-5.06042
"2025-05-12 06:00:00","2025-05-12 09:00:00","CIN","surface",87.5,27.5,-1.06042
"2025-05-12 06:00:00","2025-05-12 09:00:00","CIN","surface",87.75,27.5,-0.0604248
"2025-05-12 06:00:00","2025-05-12 09:00:00","CIN","surface",88,27.5,-0.0604248
"2025-05-12 06:00:00","2025-05-12 09:00:00","CIN","surface",88.25,27.5,-0.0604248
"2025-05-12 06:00:00","2025-05-12 09:00:00","CIN","surface",88.5,27.5,-1.06042
"2025-05-12 06:00:00","2025-05-12 09:00:00","CIN","surface",88.75,27.5,-0.0604248
"2025-05-12 06:00:00","2025-05-12 09:00:00","CIN","surface",89,27.5,-0.0604248
"2025-05-12 06:00:00","2025-05-12 09:00:00","CIN","surface",82,27.75,-0.0604248
"2025-05-12 06:00:00","2025-05-12 09:00:00","CIN","surface",82.25,27.75,-0.0604248
"2025-05-12 06:00:00","2025-05-12 09:00:00","CIN","surface",82.5,27.75,-2.06042
"2025-05-12 06:00:00","2025-05-12 09:00:00","CIN","surface",82.75,27.75,-1.06042
"2025-05-12 06:00:00","2025-05-12 09:00:00","CIN","surface",83,27.75,-1.06042
"2025-05-12 06:00:00","2025-05-12 09:00:00","CIN","surface",83.25,27.75,-0.0604248
"2025-05-12 06:00:00","2025-05-12 09:00:00","CIN","surface",83.5,27.75,-2.06042
"2025-05-12 06:00:00","2025-05-12 09:00:00","CIN","surface",83.75,27.75,-0.0604248
"2025-05-12 06:00:00","2025-05-12 09:00:00","CIN","surface",84,27.75,-0.0604248
"2025-05-12 06:00:00","2025-05-12 09:00:00","CIN","surface",84.25,27.75,-0.0604248
"2025-05-12 06:00:00","2025-05-12 09:00:00","CIN","surface",84.5,27.75,-0.0604248
"2025-05-12 06:00:00","2025-05-12 09:00:00","CIN","surface",84.75,27.75,-0.0604248
"2025-05-12 06:00:00","2025-05-12 09:00:00","CIN","surface",85,27.75,-14.0604
"2025-05-12 06:00:00","2025-05-12 09:00:00","CIN","surface",85.25,27.75,-21.0604
"2025-05-12 06:00:00","2025-05-12 09:00:00","CIN","surface",85.5,27.75,-12.0604
"2025-05-12 06:00:00","2025-05-12 09:00:00","CIN","surface",85.75,27.75,-3.06042
"2025-05-12 06:00:00","2025-05-12 09:00:00","CIN","surface",86,27.75,-2.06042
"2025-05-12 06:00:00","2025-05-12 09:00:00","CIN","surface",86.25,27.75,-1.06042
"2025-05-12 06:00:00","2025-05-12 09:00:00","CIN","surface",86.5,27.75,-3.06042
"2025-05-12 06:00:00","2025-05-12 09:00:00","CIN","surface",86.75,27.75,-2.06042
"2025-05-12 06:00:00","2025-05-12 09:00:00","CIN","surface",87,27.75,-6.06042
"2025-05-12 06:00:00","2025-05-12 09:00:00","CIN","surface",87.25,27.75,-0.0604248
"2025-05-12 06:00:00","2025-05-12 09:00:00","CIN","surface",87.5,27.75,-0.0604248
"2025-05-12 06:00:00","2025-05-12 09:00:00","CIN","surface",87.75,27.75,-0.0604248
"2025-05-12 06:00:00","2025-05-12 09:00:00","CIN","surface",88,27.75,-1.06042
"2025-05-12 06:00:00","2025-05-12 09:00:00","CIN","surface",88.25,27.75,-0.0604248
"2025-05-12 06:00:00","2025-05-12 09:00:00","CIN","surface",88.5,27.75,-0.0604248
"2025-05-12 06:00:00","2025-05-12 09:00:00","CIN","surface",88.75,27.75,-0.0604248
"2025-05-12 06:00:00","2025-05-12 09:00:00","CIN","surface",89,27.75,-0.0604248
"2025-05-12 06:00:00","2025-05-12 09:00:00","CIN","surface",82,28,-0.0604248
"2025-05-12 06:00:00","2025-05-12 09:00:00","CIN","surface",82.25,28,-11.0604
"2025-05-12 06:00:00","2025-05-12 09:00:00","CIN","surface",82.5,28,-11.0604
"2025-05-12 06:00:00","2025-05-12 09:00:00","CIN","surface",82.75,28,-1.06042
"2025-05-12 06:00:00","2025-05-12 09:00:00","CIN","surface",83,28,-11.0604
"2025-05-12 06:00:00","2025-05-12 09:00:00","CIN","surface",83.25,28,-7.06042
"2025-05-12 06:00:00","2025-05-12 09:00:00","CIN","surface",83.5,28,-6.06042
"2025-05-12 06:00:00","2025-05-12 09:00:00","CIN","surface",83.75,28,-6.06042
"2025-05-12 06:00:00","2025-05-12 09:00:00","CIN","surface",84,28,-3.06042
"2025-05-12 06:00:00","2025-05-12 09:00:00","CIN","surface",84.25,28,-0.0604248
"2025-05-12 06:00:00","2025-05-12 09:00:00","CIN","surface",84.5,28,-0.0604248
"2025-05-12 06:00:00","2025-05-12 09:00:00","CIN","surface",84.75,28,-2.06042
"2025-05-12 06:00:00","2025-05-12 09:00:00","CIN","surface",85,28,-0.0604248
"2025-05-12 06:00:00","2025-05-12 09:00:00","CIN","surface",85.25,28,-0.0604248
"2025-05-12 06:00:00","2025-05-12 09:00:00","CIN","surface",85.5,28,-2.06042
"2025-05-12 06:00:00","2025-05-12 09:00:00","CIN","surface",85.75,28,-3.06042
"2025-05-12 06:00:00","2025-05-12 09:00:00","CIN","surface",86,28,-0.0604248
"2025-05-12 06:00:00","2025-05-12 09:00:00","CIN","surface",86.25,28,-0.0604248
"2025-05-12 06:00:00","2025-05-12 09:00:00","CIN","surface",86.5,28,-0.0604248
"2025-05-12 06:00:00","2025-05-12 09:00:00","CIN","surface",86.75,28,-0.0604248
"2025-05-12 06:00:00","2025-05-12 09:00:00","CIN","surface",87,28,-0.0604248
"2025-05-12 06:00:00","2025-05-12 09:00:00","CIN","surface",87.25,28,-0.0604248
"2025-05-12 06:00:00","2025-05-12 09:00:00","CIN","surface",87.5,28,-0.0604248
"2025-05-12 06:00:00","2025-05-12 09:00:00","CIN","surface",87.75,28,-0.0604248
"2025-05-12 06:00:00","2025-05-12 09:00:00","CIN","surface",88,28,-0.0604248
"2025-05-12 06:00:00","2025-05-12 09:00:00","CIN","surface",88.25,28,-2.06042
"2025-05-12 06:00:00","2025-05-12 09:00:00","CIN","surface",88.5,28,-12.0604
"2025-05-12 06:00:00","2025-05-12 09:00:00","CIN","surface",88.75,28,-9.06042
"2025-05-12 06:00:00","2025-05-12 09:00:00","CIN","surface",89,28,-1.06042
"2025-05-12 06:00:00","2025-05-12 09:00:00","PWAT","entire atmosphere (considered as a single layer)",82,23,38.9137
"2025-05-12 06:00:00","2025-05-12 09:00:00","PWAT","entire atmosphere (considered as a single layer)",82.25,23,39.2417
"2025-05-12 06:00:00","2025-05-12 09:00:00","PWAT","entire atmosphere (considered as a single layer)",82.5,23,38.2801
"2025-05-12 06:00:00","2025-05-12 09:00:00","PWAT","entire atmosphere (considered as a single layer)",82.75,23,38.4705
"2025-05-12 06:00:00","2025-05-12 09:00:00","PWAT","entire atmosphere (considered as a single layer)",83,23,37.0033
"2025-05-12 06:00:00","2025-05-12 09:00:00","PWAT","entire atmosphere (considered as a single layer)",83.25,23,35.2113
"2025-05-12 06:00:00","2025-05-12 09:00:00","PWAT","entire atmosphere (considered as a single layer)",83.5,23,35.2401
"2025-05-12 06:00:00","2025-05-12 09:00:00","PWAT","entire atmosphere (considered as a single layer)",83.75,23,35.1217
"2025-05-12 06:00:00","2025-05-12 09:00:00","PWAT","entire atmosphere (considered as a single layer)",84,23,34.8945
"2025-05-12 06:00:00","2025-05-12 09:00:00","PWAT","entire atmosphere (considered as a single layer)",84.25,23,35.5233
"2025-05-12 06:00:00","2025-05-12 09:00:00","PWAT","entire atmosphere (considered as a single layer)",84.5,23,35.8769
"2025-05-12 06:00:00","2025-05-12 09:00:00","PWAT","entire atmosphere (considered as a single layer)",84.75,23,35.8193
"2025-05-12 06:00:00","2025-05-12 09:00:00","PWAT","entire atmosphere (considered as a single layer)",85,23,39.5761
"2025-05-12 06:00:00","2025-05-12 09:00:00","PWAT","entire atmosphere (considered as a single layer)",85.25,23,40.2689
"2025-05-12 06:00:00","2025-05-12 09:00:00","PWAT","entire atmosphere (considered as a single layer)",85.5,23,39.7473
"2025-05-12 06:00:00","2025-05-12 09:00:00","PWAT","entire atmosphere (considered as a single layer)",85.75,23,40.9169
"2025-05-12 06:00:00","2025-05-12 09:00:00","PWAT","entire atmosphere (considered as a single layer)",86,23,41.7633
"2025-05-12 06:00:00","2025-05-12 09:00:00","PWAT","entire atmosphere (considered as a single layer)",86.25,23,43.6353
"2025-05-12 06:00:00","2025-05-12 09:00:00","PWAT","entire atmosphere (considered as a single layer)",86.5,23,42.4641
"2025-05-12 06:00:00","2025-05-12 09:00:00","PWAT","entire atmosphere (considered as a single layer)",86.75,23,42.4897
"2025-05-12 06:00:00","2025-05-12 09:00:00","PWAT","entire atmosphere (considered as a single layer)",87,23,43.1905
"2025-05-12 06:00:00","2025-05-12 09:00:00","PWAT","entire atmosphere (considered as a single layer)",87.25,23,43.3985
"2025-05-12 06:00:00","2025-05-12 09:00:00","PWAT","entire atmosphere (considered as a single layer)",87.5,23,44.3553
"2025-05-12 06:00:00","2025-05-12 09:00:00","PWAT","entire atmosphere (considered as a single layer)",87.75,23,45.3665
"2025-05-12 06:00:00","2025-05-12 09:00:00","PWAT","entire atmosphere (considered as a single layer)",88,23,44.9761
"2025-05-12 06:00:00","2025-05-12 09:00:00","PWAT","entire atmosphere (considered as a single layer)",88.25,23,45.4081
"2025-05-12 06:00:00","2025-05-12 09:00:00","PWAT","entire atmosphere (considered as a single layer)",88.5,23,46.2785
"2025-05-12 06:00:00","2025-05-12 09:00:00","PWAT","entire atmosphere (considered as a single layer)",88.75,23,46.4545
"2025-05-12 06:00:00","2025-05-12 09:00:00","PWAT","entire atmosphere (considered as a single layer)",89,23,47.4545
"2025-05-12 06:00:00","2025-05-12 09:00:00","PWAT","entire atmosphere (considered as a single layer)",82,23.25,38.4881
"2025-05-12 06:00:00","2025-05-12 09:00:00","PWAT","entire atmosphere (considered as a single layer)",82.25,23.25,38.0673
"2025-05-12 06:00:00","2025-05-12 09:00:00","PWAT","entire atmosphere (considered as a single layer)",82.5,23.25,37.4785
"2025-05-12 06:00:00","2025-05-12 09:00:00","PWAT","entire atmosphere (considered as a single layer)",82.75,23.25,38.6753
"2025-05-12 06:00:00","2025-05-12 09:00:00","PWAT","entire atmosphere (considered as a single layer)",83,23.25,37.9761
"2025-05-12 06:00:00","2025-05-12 09:00:00","PWAT","entire atmosphere (considered as a single layer)",83.25,23.25,36.1425
"2025-05-12 06:00:00","2025-05-12 09:00:00","PWAT","entire atmosphere (considered as a single layer)",83.5,23.25,36.1313
"2025-05-12 06:00:00","2025-05-12 09:00:00","PWAT","entire atmosphere (considered as a single layer)",83.75,23.25,34.7825
"2025-05-12 06:00:00","2025-05-12 09:00:00","PWAT","entire atmosphere (considered as a single layer)",84,23.25,34.0849
"2025-05-12 06:00:00","2025-05-12 09:00:00","PWAT","entire atmosphere (considered as a single layer)",84.25,23.25,33.9089
"2025-05-12 06:00:00","2025-05-12 09:00:00","PWAT","entire atmosphere (considered as a single layer)",84.5,23.25,37.3441
"2025-05-12 06:00:00","2025-05-12 09:00:00","PWAT","entire atmosphere (considered as a single layer)",84.75,23.25,37.9697
"2025-05-12 06:00:00","2025-05-12 09:00:00","PWAT","entire atmosphere (considered as a single layer)",85,23.25,37.8913
"2025-05-12 06:00:00","2025-05-12 09:00:00","PWAT","entire atmosphere (considered as a single layer)",85.25,23.25,38.8913
"2025-05-12 06:00:00","2025-05-12 09:00:00","PWAT","entire atmosphere (considered as a single layer)",85.5,23.25,39.4449
"2025-05-12 06:00:00","2025-05-12 09:00:00","PWAT","entire atmosphere (considered as a single layer)",85.75,23.25,43.1121
"2025-05-12 06:00:00","2025-05-12 09:00:00","PWAT","entire atmosphere (considered as a single layer)",86,23.25,42.0337
"2025-05-12 06:00:00","2025-05-12 09:00:00","PWAT","entire atmosphere (considered as a single layer)",86.25,23.25,42.4145
"2025-05-12 06:00:00","2025-05-12 09:00:00","PWAT","entire atmosphere (considered as a single layer)",86.5,23.25,44.2385
"2025-05-12 06:00:00","2025-05-12 09:00:00","PWAT","entire atmosphere (considered as a single layer)",86.75,23.25,44.2609
"2025-05-12 06:00:00","2025-05-12 09:00:00","PWAT","entire atmosphere (considered as a single layer)",87,23.25,44.0321
"2025-05-12 06:00:00","2025-05-12 09:00:00","PWAT","entire atmosphere (considered as a single layer)",87.25,23.25,43.9585
"2025-05-12 06:00:00","2025-05-12 09:00:00","PWAT","entire atmosphere (considered as a single layer)",87.5,23.25,45.3473
"2025-05-12 06:00:00","2025-05-12 09:00:00","PWAT","entire atmosphere (considered as a single layer)",87.75,23.25,47.3921
"2025-05-12 06:00:00","2025-05-12 09:00:00","PWAT","entire atmosphere (considered as a single layer)",88,23.25,48.1489
"2025-05-12 06:00:00","2025-05-12 09:00:00","PWAT","entire atmosphere (considered as a single layer)",88.25,23.25,47.0305
"2025-05-12 06:00:00","2025-05-12 09:00:00","PWAT","entire atmosphere (considered as a single layer)",88.5,23.25,46.2369
"2025-05-12 06:00:00","2025-05-12 09:00:00","PWAT","entire atmosphere (considered as a single layer)",88.75,23.25,45.6081
"2025-05-12 06:00:00","2025-05-12 09:00:00","PWAT","entire atmosphere (considered as a single layer)",89,23.25,46.3297
"2025-05-12 06:00:00","2025-05-12 09:00:00","PWAT","entire atmosphere (considered as a single layer)",82,23.5,37.1537
"2025-05-12 06:00:00","2025-05-12 09:00:00","PWAT","entire atmosphere (considered as a single layer)",82.25,23.5,35.7185
"2025-05-12 06:00:00","2025-05-12 09:00:00","PWAT","entire atmosphere (considered as a single layer)",82.5,23.5,35.4049
"2025-05-12 06:00:00","2025-05-12 09:00:00","PWAT","entire atmosphere (considered as a single layer)",82.75,23.5,36.7921
"2025-05-12 06:00:00","2025-05-12 09:00:00","PWAT","entire atmosphere (considered as a single layer)",83,23.5,39.1953
"2025-05-12 06:00:00","2025-05-12 09:00:00","PWAT","entire atmosphere (considered as a single layer)",83.25,23.5,35.9297
"2025-05-12 06:00:00","2025-05-12 09:00:00","PWAT","entire atmosphere (considered as a single layer)",83.5,23.5,34.2785
"2025-05-12 06:00:00","2025-05-12 09:00:00","PWAT","entire atmosphere (considered as a single layer)",83.75,23.5,35.2769
"2025-05-12 06:00:00","2025-05-12 09:00:00","PWAT","entire atmosphere (considered as a single layer)",84,23.5,35.5329
"2025-05-12 06:00:00","2025-05-12 09:00:00","PWAT","entire atmosphere (considered as a single layer)",84.25,23.5,35.7281
"2025-05-12 06:00:00","2025-05-12 09:00:00","PWAT","entire atmosphere (considered as a single layer)",84.5,23.5,36.4001
"2025-05-12 06:00:00","2025-05-12 09:00:00","PWAT","entire atmosphere (considered as a single layer)",84.75,23.5,38.4833
"2025-05-12 06:00:00","2025-05-12 09:00:00","PWAT","entire atmosphere (considered as a single layer)",85,23.5,38.9585
"2025-05-12 06:00:00","2025-05-12 09:00:00","PWAT","entire atmosphere (considered as a single layer)",85.25,23.5,38.3473
"2025-05-12 06:00:00","2025-05-12 09:00:00","PWAT","entire atmosphere (considered as a single layer)",85.5,23.5,38.3761
"2025-05-12 06:00:00","2025-05-12 09:00:00","PWAT","entire atmosphere (considered as a single layer)",85.75,23.5,40.9457
"2025-05-12 06:00:00","2025-05-12 09:00:00","PWAT","entire atmosphere (considered as a single layer)",86,23.5,42.5313
"2025-05-12 06:00:00","2025-05-12 09:00:00","PWAT","entire atmosphere (considered as a single layer)",86.25,23.5,44.7473
"2025-05-12 06:00:00","2025-05-12 09:00:00","PWAT","entire atmosphere (considered as a single layer)",86.5,23.5,46.1409
"2025-05-12 06:00:00","2025-05-12 09:00:00","PWAT","entire atmosphere (considered as a single layer)",86.75,23.5,45.2257
"2025-05-12 06:00:00","2025-05-12 09:00:00","PWAT","entire atmosphere (considered as a single layer)",87,23.5,45.0129
"2025-05-12 06:00:00","2025-05-12 09:00:00","PWAT","entire atmosphere (considered as a single layer)",87.25,23.5,46.9409
"2025-05-12 06:00:00","2025-05-12 09:00:00","PWAT","entire atmosphere (considered as a single layer)",87.5,23.5,46.2481
"2025-05-12 06:00:00","2025-05-12 09:00:00","PWAT","entire atmosphere (considered as a single layer)",87.75,23.5,48.2129
"2025-05-12 06:00:00","2025-05-12 09:00:00","PWAT","entire atmosphere (considered as a single layer)",88,23.5,49.5137
"2025-05-12 06:00:00","2025-05-12 09:00:00","PWAT","entire atmosphere (considered as a single layer)",88.25,23.5,47.5313
"2025-05-12 06:00:00","2025-05-12 09:00:00","PWAT","entire atmosphere (considered as a single layer)",88.5,23.5,46.7585
"2025-05-12 06:00:00","2025-05-12 09:00:00","PWAT","entire atmosphere (considered as a single layer)",88.75,23.5,46.1921
"2025-05-12 06:00:00","2025-05-12 09:00:00","PWAT","entire atmosphere (considered as a single layer)",89,23.5,46.3985
"2025-05-12 06:00:00","2025-05-12 09:00:00","PWAT","entire atmosphere (considered as a single layer)",82,23.75,36.7121
"2025-05-12 06:00:00","2025-05-12 09:00:00","PWAT","entire atmosphere (considered as a single layer)",82.25,23.75,35.5441
"2025-05-12 06:00:00","2025-05-12 09:00:00","PWAT","entire atmosphere (considered as a single layer)",82.5,23.75,36.3681
"2025-05-12 06:00:00","2025-05-12 09:00:00","PWAT","entire atmosphere (considered as a single layer)",82.75,23.75,37.2769
"2025-05-12 06:00:00","2025-05-12 09:00:00","PWAT","entire atmosphere (considered as a single layer)",83,23.75,36.9233
"2025-05-12 06:00:00","2025-05-12 09:00:00","PWAT","entire atmosphere (considered as a single layer)",83.25,23.75,35.8545
"2025-05-12 06:00:00","2025-05-12 09:00:00","PWAT","entire atmosphere (considered as a single layer)",83.5,23.75,34.5457
"2025-05-12 06:00:00","2025-05-12 09:00:00","PWAT","entire atmosphere (considered as a single layer)",83.75,23.75,35.6273
"2025-05-12 06:00:00","2025-05-12 09:00:00","PWAT","entire atmosphere (considered as a single layer)",84,23.75,37.5137
"2025-05-12 06:00:00","2025-05-12 09:00:00","PWAT","entire atmosphere (considered as a single layer)",84.25,23.75,38.9777
"2025-05-12 06:00:00","2025-05-12 09:00:00","PWAT","entire atmosphere (considered as a single layer)",84.5,23.75,38.3137
"2025-05-12 06:00:00","2025-05-12 09:00:00","PWAT","entire atmosphere (considered as a single layer)",84.75,23.75,37.8817
"2025-05-12 06:00:00","2025-05-12 09:00:00","PWAT","entire atmosphere (considered as a single layer)",85,23.75,38.6945
"2025-05-12 06:00:00","2025-05-12 09:00:00","PWAT","entire atmosphere (considered as a single layer)",85.25,23.75,38.7297
"2025-05-12 06:00:00","2025-05-12 09:00:00","PWAT","entire atmosphere (considered as a single layer)",85.5,23.75,39.6049
"2025-05-12 06:00:00","2025-05-12 09:00:00","PWAT","entire atmosphere (considered as a single layer)",85.75,23.75,41.2993
"2025-05-12 06:00:00","2025-05-12 09:00:00","PWAT","entire atmosphere (considered as a single layer)",86,23.75,43.2609
"2025-05-12 06:00:00","2025-05-12 09:00:00","PWAT","entire atmosphere (considered as a single layer)",86.25,23.75,43.3969
"2025-05-12 06:00:00","2025-05-12 09:00:00","PWAT","entire atmosphere (considered as a single layer)",86.5,23.75,45.4017
"2025-05-12 06:00:00","2025-05-12 09:00:00","PWAT","entire atmosphere (considered as a single layer)",86.75,23.75,44.8049
"2025-05-12 06:00:00","2025-05-12 09:00:00","PWAT","entire atmosphere (considered as a single layer)",87,23.75,45.7265
"2025-05-12 06:00:00","2025-05-12 09:00:00","PWAT","entire atmosphere (considered as a single layer)",87.25,23.75,47.2049
"2025-05-12 06:00:00","2025-05-12 09:00:00","PWAT","entire atmosphere (considered as a single layer)",87.5,23.75,47.3089
"2025-05-12 06:00:00","2025-05-12 09:00:00","PWAT","entire atmosphere (considered as a single layer)",87.75,23.75,47.2625
"2025-05-12 06:00:00","2025-05-12 09:00:00","PWAT","entire atmosphere (considered as a single layer)",88,23.75,48.9777
"2025-05-12 06:00:00","2025-05-12 09:00:00","PWAT","entire atmosphere (considered as a single layer)",88.25,23.75,48.8129
"2025-05-12 06:00:00","2025-05-12 09:00:00","PWAT","entire atmosphere (considered as a single layer)",88.5,23.75,47.6129
"2025-05-12 06:00:00","2025-05-12 09:00:00","PWAT","entire atmosphere (considered as a single layer)",88.75,23.75,47.4145
"2025-05-12 06:00:00","2025-05-12 09:00:00","PWAT","entire atmosphere (considered as a single layer)",89,23.75,48.3281
"2025-05-12 06:00:00","2025-05-12 09:00:00","PWAT","entire atmosphere (considered as a single layer)",82,24,35.5793
"2025-05-12 06:00:00","2025-05-12 09:00:00","PWAT","entire atmosphere (considered as a single layer)",82.25,24,35.4625
"2025-05-12 06:00:00","2025-05-12 09:00:00","PWAT","entire atmosphere (considered as a single layer)",82.5,24,37.1505
"2025-05-12 06:00:00","2025-05-12 09:00:00","PWAT","entire atmosphere (considered as a single layer)",82.75,24,38.6449
"2025-05-12 06:00:00","2025-05-12 09:00:00","PWAT","entire atmosphere (considered as a single layer)",83,24,37.1985
"2025-05-12 06:00:00","2025-05-12 09:00:00","PWAT","entire atmosphere (considered as a single layer)",83.25,24,35.9537
"2025-05-12 06:00:00","2025-05-12 09:00:00","PWAT","entire atmosphere (considered as a single layer)",83.5,24,36.0017
"2025-05-12 06:00:00","2025-05-12 09:00:00","PWAT","entire atmosphere (considered as a single layer)",83.75,24,37.1873
"2025-05-12 06:00:00","2025-05-12 09:00:00","PWAT","entire atmosphere (considered as a single layer)",84,24,38.6033
"2025-05-12 06:00:00","2025-05-12 09:00:00","PWAT","entire atmosphere (considered as a single layer)",84.25,24,39.0513
"2025-05-12 06:00:00","2025-05-12 09:00:00","PWAT","entire atmosphere (considered as a single layer)",84.5,24,38.5953
"2025-05-12 06:00:00","2025-05-12 09:00:00","PWAT","entire atmosphere (considered as a single layer)",84.75,24,37.7009
"2025-05-12 06:00:00","2025-05-12 09:00:00","PWAT","entire atmosphere (considered as a single layer)",85,24,37.8513
"2025-05-12 06:00:00","2025-05-12 09:00:00","PWAT","entire atmosphere (considered as a single layer)",85.25,24,38.8865
"2025-05-12 06:00:00","2025-05-12 09:00:00","PWAT","entire atmosphere (considered as a single layer)",85.5,24,40.0977
"2025-05-12 06:00:00","2025-05-12 09:00:00","PWAT","entire atmosphere (considered as a single layer)",85.75,24,41.0961
"2025-05-12 06:00:00","2025-05-12 09:00:00","PWAT","entire atmosphere (considered as a single layer)",86,24,43.4465
"2025-05-12 06:00:00","2025-05-12 09:00:00","PWAT","entire atmosphere (considered as a single layer)",86.25,24,42.6609
"2025-05-12 06:00:00","2025-05-12 09:00:00","PWAT","entire atmosphere (considered as a single layer)",86.5,24,43.7473
"2025-05-12 06:00:00","2025-05-12 09:00:00","PWAT","entire atmosphere (considered as a single layer)",86.75,24,44.8993
"2025-05-12 06:00:00","2025-05-12 09:00:00","PWAT","entire atmosphere (considered as a single layer)",87,24,46.3489
"2025-05-12 06:00:00","2025-05-12 09:00:00","PWAT","entire atmosphere (considered as a single layer)",87.25,24,46.6961
"2025-05-12 06:00:00","2025-05-12 09:00:00","PWAT","entire atmosphere (considered as a single layer)",87.5,24,46.9889
"2025-05-12 06:00:00","2025-05-12 09:00:00","PWAT","entire atmosphere (considered as a single layer)",87.75,24,49.2657
"2025-05-12 06:00:00","2025-05-12 09:00:00","PWAT","entire atmosphere (considered as a single layer)",88,24,50.7105
"2025-05-12 06:00:00","2025-05-12 09:00:00","PWAT","entire atmosphere (considered as a single layer)",88.25,24,50.0209
"2025-05-12 06:00:00","2025-05-12 09:00:00","PWAT","entire atmosphere (considered as a single layer)",88.5,24,49.0321
"2025-05-12 06:00:00","2025-05-12 09:00:00","PWAT","entire atmosphere (considered as a single layer)",88.75,24,48.0849
"2025-05-12 06:00:00","2025-05-12 09:00:00","PWAT","entire atmosphere (considered as a single layer)",89,24,49.2561
"2025-05-12 06:00:00","2025-05-12 09:00:00","PWAT","entire atmosphere (considered as a single layer)",82,24.25,35.4401
"2025-05-12 06:00:00","2025-05-12 09:00:00","PWAT","entire atmosphere (considered as a single layer)",82.25,24.25,35.3793
"2025-05-12 06:00:00","2025-05-12 09:00:00","PWAT","entire atmosphere (considered as a single layer)",82.5,24.25,35.6657
"2025-05-12 06:00:00","2025-05-12 09:00:00","PWAT","entire atmosphere (considered as a single layer)",82.75,24.25,36.6785
"2025-05-12 06:00:00","2025-05-12 09:00:00","PWAT","entire atmosphere (considered as a single layer)",83,24.25,37.7185
"2025-05-12 06:00:00","2025-05-12 09:00:00","PWAT","entire atmosphere (considered as a single layer)",83.25,24.25,37.7649
"2025-05-12 06:00:00","2025-05-12 09:00:00","PWAT","entire atmosphere (considered as a single layer)",83.5,24.25,37.6065
"2025-05-12 06:00:00","2025-05-12 09:00:00","PWAT","entire atmosphere (considered as a single layer)",83.75,24.25,39.3313
"2025-05-12 06:00:00","2025-05-12 09:00:00","PWAT","entire atmosphere (considered as a single layer)",84,24.25,40.5713
"2025-05-12 06:00:00","2025-05-12 09:00:00","PWAT","entire atmosphere (considered as a single layer)",84.25,24.25,40.3601
"2025-05-12 06:00:00","2025-05-12 09:00:00","PWAT","entire atmosphere (considered as a single layer)",84.5,24.25,40.5521
"2025-05-12 06:00:00","2025-05-12 09:00:00","PWAT","entire atmosphere (considered as a single layer)",84.75,24.25,40.2977
"2025-05-12 06:00:00","2025-05-12 09:00:00","PWAT","entire atmosphere (considered as a single layer)",85,24.25,39.6369
"2025-05-12 06:00:00","2025-05-12 09:00:00","PWAT","entire atmosphere (considered as a single layer)",85.25,24.25,40.1313
"2025-05-12 06:00:00","2025-05-12 09:00:00","PWAT","entire atmosphere (considered as a single layer)",85.5,24.25,40.1505
"2025-05-12 06:00:00","2025-05-12 09:00:00","PWAT","entire atmosphere (considered as a single layer)",85.75,24.25,39.9553
"2025-05-12 06:00:00","2025-05-12 09:00:00","PWAT","entire atmosphere (considered as a single layer)",86,24.25,40.2801
"2025-05-12 06:00:00","2025-05-12 09:00:00","PWAT","entire atmosphere (considered as a single layer)",86.25,24.25,40.9297
"2025-05-12 06:00:00","2025-05-12 09:00:00","PWAT","entire atmosphere (considered as a single layer)",86.5,24.25,42.6945
"2025-05-12 06:00:00","2025-05-12 09:00:00","PWAT","entire atmosphere (considered as a single layer)",86.75,24.25,45.5697
"2025-05-12 06:00:00","2025-05-12 09:00:00","PWAT","entire atmosphere (considered as a single layer)",87,24.25,46.1041
"2025-05-12 06:00:00","2025-05-12 09:00:00","PWAT","entire atmosphere (considered as a single layer)",87.25,24.25,45.8513
"2025-05-12 06:00:00","2025-05-12 09:00:00","PWAT","entire atmosphere (considered as a single layer)",87.5,24.25,46.2449
"2025-05-12 06:00:00","2025-05-12 09:00:00","PWAT","entire atmosphere (considered as a single layer)",87.75,24.25,47.6321
"2025-05-12 06:00:00","2025-05-12 09:00:00","PWAT","entire atmosphere (considered as a single layer)",88,24.25,48.8049
"2025-05-12 06:00:00","2025-05-12 09:00:00","PWAT","entire atmosphere (considered as a single layer)",88.25,24.25,48.7745
"2025-05-12 06:00:00","2025-05-12 09:00:00","PWAT","entire atmosphere (considered as a single layer)",88.5,24.25,49.0705
"2025-05-12 06:00:00","2025-05-12 09:00:00","PWAT","entire atmosphere (considered as a single layer)",88.75,24.25,48.2689
"2025-05-12 06:00:00","2025-05-12 09:00:00","PWAT","entire atmosphere (considered as a single layer)",89,24.25,48.3649
"2025-05-12 06:00:00","2025-05-12 09:00:00","PWAT","entire atmosphere (considered as a single layer)",82,24.5,35.7809
"2025-05-12 06:00:00","2025-05-12 09:00:00","PWAT","entire atmosphere (considered as a single layer)",82.25,24.5,36.0865
"2025-05-12 06:00:00","2025-05-12 09:00:00","PWAT","entire atmosphere (considered as a single layer)",82.5,24.5,36.2385
"2025-05-12 06:00:00","2025-05-12 09:00:00","PWAT","entire atmosphere (considered as a single layer)",82.75,24.5,36.6001
"2025-05-12 06:00:00","2025-05-12 09:00:00","PWAT","entire atmosphere (considered as a single layer)",83,24.5,37.0625
"2025-05-12 06:00:00","2025-05-12 09:00:00","PWAT","entire atmosphere (considered as a single layer)",83.25,24.5,36.8001
"2025-05-12 06:00:00","2025-05-12 09:00:00","PWAT","entire atmosphere (considered as a single layer)",83.5,24.5,36.1665
"2025-05-12 06:00:00","2025-05-12 09:00:00","PWAT","entire atmosphere (considered as a single layer)",83.75,24.5,37.1809
"2025-05-12 06:00:00","2025-05-12 09:00:00","PWAT","entire atmosphere (considered as a single layer)",84,24.5,39.7265
"2025-05-12 06:00:00","2025-05-12 09:00:00","PWAT","entire atmosphere (considered as a single layer)",84.25,24.5,41.2065
"2025-05-12 06:00:00","2025-05-12 09:00:00","PWAT","entire atmosphere (considered as a single layer)",84.5,24.5,43.6753
"2025-05-12 06:00:00","2025-05-12 09:00:00","PWAT","entire atmosphere (considered as a single layer)",84.75,24.5,44.3217
"2025-05-12 06:00:00","2025-05-12 09:00:00","PWAT","entire atmosphere (considered as a single layer)",85,24.5,42.0721
"2025-05-12 06:00:00","2025-05-12 09:00:00","PWAT","entire atmosphere (considered as a single layer)",85.25,24.5,41.0177
"2025-05-12 06:00:00","2025-05-12 09:00:00","PWAT","entire atmosphere (considered as a single layer)",85.5,24.5,39.9809
"2025-05-12 06:00:00","2025-05-12 09:00:00","PWAT","entire atmosphere (considered as a single layer)",85.75,24.5,39.9489
"2025-05-12 06:00:00","2025-05-12 09:00:00","PWAT","entire atmosphere (considered as a single layer)",86,24.5,41.7505
"2025-05-12 06:00:00","2025-05-12 09:00:00","PWAT","entire atmosphere (considered as a single layer)",86.25,24.5,44.9153
"2025-05-12 06:00:00","2025-05-12 09:00:00","PWAT","entire atmosphere (considered as a single layer)",86.5,24.5,47.1105
"2025-05-12 06:00:00","2025-05-12 09:00:00","PWAT","entire atmosphere (considered as a single layer)",86.75,24.5,46.4257
"2025-05-12 06:00:00","2025-05-12 09:00:00","PWAT","entire atmosphere (considered as a single layer)",87,24.5,46.9809
"2025-05-12 06:00:00","2025-05-12 09:00:00","PWAT","entire atmosphere (considered as a single layer)",87.25,24.5,45.3377
"2025-05-12 06:00:00","2025-05-12 09:00:00","PWAT","entire atmosphere (considered as a single layer)",87.5,24.5,44.8673
"2025-05-12 06:00:00","2025-05-12 09:00:00","PWAT","entire atmosphere (considered as a single layer)",87.75,24.5,46.0097
"2025-05-12 06:00:00","2025-05-12 09:00:00","PWAT","entire atmosphere (considered as a single layer)",88,24.5,46.4993
"2025-05-12 06:00:00","2025-05-12 09:00:00","PWAT","entire atmosphere (considered as a single layer)",88.25,24.5,46.3809
"2025-05-12 06:00:00","2025-05-12 09:00:00","PWAT","entire atmosphere (considered as a single layer)",88.5,24.5,48.8305
"2025-05-12 06:00:00","2025-05-12 09:00:00","PWAT","entire atmosphere (considered as a single layer)",88.75,24.5,50.3825
"2025-05-12 06:00:00","2025-05-12 09:00:00","PWAT","entire atmosphere (considered as a single layer)",89,24.5,50.7297
"2025-05-12 06:00:00","2025-05-12 09:00:00","PWAT","entire atmosphere (considered as a single layer)",82,24.75,35.8753
"2025-05-12 06:00:00","2025-05-12 09:00:00","PWAT","entire atmosphere (considered as a single layer)",82.25,24.75,36.4497
"2025-05-12 06:00:00","2025-05-12 09:00:00","PWAT","entire atmosphere (considered as a single layer)",82.5,24.75,36.6241
"2025-05-12 06:00:00","2025-05-12 09:00:00","PWAT","entire atmosphere (considered as a single layer)",82.75,24.75,36.4001
"2025-05-12 06:00:00","2025-05-12 09:00:00","PWAT","entire atmosphere (considered as a single layer)",83,24.75,36.5425
"2025-05-12 06:00:00","2025-05-12 09:00:00","PWAT","entire atmosphere (considered as a single layer)",83.25,24.75,36.5489
"2025-05-12 06:00:00","2025-05-12 09:00:00","PWAT","entire atmosphere (considered as a single layer)",83.5,24.75,35.7873
"2025-05-12 06:00:00","2025-05-12 09:00:00","PWAT","entire atmosphere (considered as a single layer)",83.75,24.75,35.6113
"2025-05-12 06:00:00","2025-05-12 09:00:00","PWAT","entire atmosphere (considered as a single layer)",84,24.75,38.3921
"2025-05-12 06:00:00","2025-05-12 09:00:00","PWAT","entire atmosphere (considered as a single layer)",84.25,24.75,41.5249
"2025-05-12 06:00:00","2025-05-12 09:00:00","PWAT","entire atmosphere (considered as a single layer)",84.5,24.75,43.8897
"2025-05-12 06:00:00","2025-05-12 09:00:00","PWAT","entire atmosphere (considered as a single layer)",84.75,24.75,44.9457
"2025-05-12 06:00:00","2025-05-12 09:00:00","PWAT","entire atmosphere (considered as a single layer)",85,24.75,42.4945
"2025-05-12 06:00:00","2025-05-12 09:00:00","PWAT","entire atmosphere (considered as a single layer)",85.25,24.75,42.1729
"2025-05-12 06:00:00","2025-05-12 09:00:00","PWAT","entire atmosphere (considered as a single layer)",85.5,24.75,42.7905
"2025-05-12 06:00:00","2025-05-12 09:00:00","PWAT","entire atmosphere (considered as a single layer)",85.75,24.75,44.3793
"2025-05-12 06:00:00","2025-05-12 09:00:00","PWAT","entire atmosphere (considered as a single layer)",86,24.75,46.8353
"2025-05-12 06:00:00","2025-05-12 09:00:00","PWAT","entire atmosphere (considered as a single layer)",86.25,24.75,49.1793
"2025-05-12 06:00:00","2025-05-12 09:00:00","PWAT","entire atmosphere (considered as a single layer)",86.5,24.75,50.5281
"2025-05-12 06:00:00","2025-05-12 09:00:00","PWAT","entire atmosphere (considered as a single layer)",86.75,24.75,48.5889
"2025-05-12 06:00:00","2025-05-12 09:00:00","PWAT","entire atmosphere (considered as a single layer)",87,24.75,47.5553
"2025-05-12 06:00:00","2025-05-12 09:00:00","PWAT","entire atmosphere (considered as a single layer)",87.25,24.75,46.3729
"2025-05-12 06:00:00","2025-05-12 09:00:00","PWAT","entire atmosphere (considered as a single layer)",87.5,24.75,45.3361
"2025-05-12 06:00:00","2025-05-12 09:00:00","PWAT","entire atmosphere (considered as a single layer)",87.75,24.75,46.7217
"2025-05-12 06:00:00","2025-05-12 09:00:00","PWAT","entire atmosphere (considered as a single layer)",88,24.75,46.9345
"2025-05-12 06:00:00","2025-05-12 09:00:00","PWAT","entire atmosphere (considered as a single layer)",88.25,24.75,47.6865
"2025-05-12 06:00:00","2025-05-12 09:00:00","PWAT","entire atmosphere (considered as a single layer)",88.5,24.75,49.8353
"2025-05-12 06:00:00","2025-05-12 09:00:00","PWAT","entire atmosphere (considered as a single layer)",88.75,24.75,51.3713
"2025-05-12 06:00:00","2025-05-12 09:00:00","PWAT","entire atmosphere (considered as a single layer)",89,24.75,52.9649
"2025-05-12 06:00:00","2025-05-12 09:00:00","PWAT","entire atmosphere (considered as a single layer)",82,25,37.5409
"2025-05-12 06:00:00","2025-05-12 09:00:00","PWAT","entire atmosphere (considered as a single layer)",82.25,25,37.6833
"2025-05-12 06:00:00","2025-05-12 09:00:00","PWAT","entire atmosphere (considered as a single layer)",82.5,25,37.9553
"2025-05-12 06:00:00","2025-05-12 09:00:00","PWAT","entire atmosphere (considered as a single layer)",82.75,25,37.9809
"2025-05-12 06:00:00","2025-05-12 09:00:00","PWAT","entire atmosphere (considered as a single layer)",83,25,37.7233
"2025-05-12 06:00:00","2025-05-12 09:00:00","PWAT","entire atmosphere (considered as a single layer)",83.25,25,37.5825
"2025-05-12 06:00:00","2025-05-12 09:00:00","PWAT","entire atmosphere (considered as a single layer)",83.5,25,38.1153
"2025-05-12 06:00:00","2025-05-12 09:00:00","PWAT","entire atmosphere (considered as a single layer)",83.75,25,38.4097
"2025-05-12 06:00:00","2025-05-12 09:00:00","PWAT","entire atmosphere (considered as a single layer)",84,25,38.6209
"2025-05-12 06:00:00","2025-05-12 09:00:00","PWAT","entire atmosphere (considered as a single layer)",84.25,25,40.7665
"2025-05-12 06:00:00","2025-05-12 09:00:00","PWAT","entire atmosphere (considered as a single layer)",84.5,25,42.4449
"2025-05-12 06:00:00","2025-05-12 09:00:00","PWAT","entire atmosphere (considered as a single layer)",84.75,25,42.7617
"2025-05-12 06:00:00","2025-05-12 09:00:00","PWAT","entire atmosphere (considered as a single layer)",85,25,42.6305
"2025-05-12 06:00:00","2025-05-12 09:00:00","PWAT","entire atmosphere (considered as a single layer)",85.25,25,43.0801
"2025-05-12 06:00:00","2025-05-12 09:00:00","PWAT","entire atmosphere (considered as a single layer)",85.5,25,44.6881
"2025-05-12 06:00:00","2025-05-12 09:00:00","PWAT","entire atmosphere (considered as a single layer)",85.75,25,46.6433
"2025-05-12 06:00:00","2025-05-12 09:00:00","PWAT","entire atmosphere (considered as a single layer)",86,25,49.7169
"2025-05-12 06:00:00","2025-05-12 09:00:00","PWAT","entire atmosphere (considered as a single layer)",86.25,25,50.2385
"2025-05-12 06:00:00","2025-05-12 09:00:00","PWAT","entire atmosphere (considered as a single layer)",86.5,25,49.8129
"2025-05-12 06:00:00","2025-05-12 09:00:00","PWAT","entire atmosphere (considered as a single layer)",86.75,25,48.8017
"2025-05-12 06:00:00","2025-05-12 09:00:00","PWAT","entire atmosphere (considered as a single layer)",87,25,48.1233
"2025-05-12 06:00:00","2025-05-12 09:00:00","PWAT","entire atmosphere (considered as a single layer)",87.25,25,47.5441
"2025-05-12 06:00:00","2025-05-12 09:00:00","PWAT","entire atmosphere (considered as a single layer)",87.5,25,46.0369
"2025-05-12 06:00:00","2025-05-12 09:00:00","PWAT","entire atmosphere (considered as a single layer)",87.75,25,45.7025
"2025-05-12 06:00:00","2025-05-12 09:00:00","PWAT","entire atmosphere (considered as a single layer)",88,25,46.5745
"2025-05-12 06:00:00","2025-05-12 09:00:00","PWAT","entire atmosphere (considered as a single layer)",88.25,25,47.3809
"2025-05-12 06:00:00","2025-05-12 09:00:00","PWAT","entire atmosphere (considered as a single layer)",88.5,25,49.0769
"2025-05-12 06:00:00","2025-05-12 09:00:00","PWAT","entire atmosphere (considered as a single layer)",88.75,25,50.1537
"2025-05-12 06:00:00","2025-05-12 09:00:00","PWAT","entire atmosphere (considered as a single layer)",89,25,51.5601
"2025-05-12 06:00:00","2025-05-12 09:00:00","PWAT","entire atmosphere (considered as a single layer)",82,25.25,37.1473
"2025-05-12 06:00:00","2025-05-12 09:00:00","PWAT","entire atmosphere (considered as a single layer)",82.25,25.25,37.6289
"2025-05-12 06:00:00","2025-05-12 09:00:00","PWAT","entire atmosphere (considered as a single layer)",82.5,25.25,38.4993
"2025-05-12 06:00:00","2025-05-12 09:00:00","PWAT","entire atmosphere (considered as a single layer)",82.75,25.25,38.8705
"2025-05-12 06:00:00","2025-05-12 09:00:00","PWAT","entire atmosphere (considered as a single layer)",83,25.25,38.9873
"2025-05-12 06:00:00","2025-05-12 09:00:00","PWAT","entire atmosphere (considered as a single layer)",83.25,25.25,39.4689
"2025-05-12 06:00:00","2025-05-12 09:00:00","PWAT","entire atmosphere (considered as a single layer)",83.5,25.25,39.6545
"2025-05-12 06:00:00","2025-05-12 09:00:00","PWAT","entire atmosphere (considered as a single layer)",83.75,25.25,39.3953
"2025-05-12 06:00:00","2025-05-12 09:00:00","PWAT","entire atmosphere (considered as a single layer)",84,25.25,38.8481
"2025-05-12 06:00:00","2025-05-12 09:00:00","PWAT","entire atmosphere (considered as a single layer)",84.25,25.25,39.0385
"2025-05-12 06:00:00","2025-05-12 09:00:00","PWAT","entire atmosphere (considered as a single layer)",84.5,25.25,42.4481
"2025-05-12 06:00:00","2025-05-12 09:00:00","PWAT","entire atmosphere (considered as a single layer)",84.75,25.25,43.9217
"2025-05-12 06:00:00","2025-05-12 09:00:00","PWAT","entire atmosphere (considered as a single layer)",85,25.25,45.8977
"2025-05-12 06:00:00","2025-05-12 09:00:00","PWAT","entire atmosphere (considered as a single layer)",85.25,25.25,49.0897
"2025-05-12 06:00:00","2025-05-12 09:00:00","PWAT","entire atmosphere (considered as a single layer)",85.5,25.25,51.2593
"2025-05-12 06:00:00","2025-05-12 09:00:00","PWAT","entire atmosphere (considered as a single layer)",85.75,25.25,50.9233
"2025-05-12 06:00:00","2025-05-12 09:00:00","PWAT","entire atmosphere (considered as a single layer)",86,25.25,50.8961
"2025-05-12 06:00:00","2025-05-12 09:00:00","PWAT","entire atmosphere (considered as a single layer)",86.25,25.25,49.5553
"2025-05-12 06:00:00","2025-05-12 09:00:00","PWAT","entire atmosphere (considered as a single layer)",86.5,25.25,46.6145
"2025-05-12 06:00:00","2025-05-12 09:00:00","PWAT","entire atmosphere (considered as a single layer)",86.75,25.25,47.8689
"2025-05-12 06:00:00","2025-05-12 09:00:00","PWAT","entire atmosphere (considered as a single layer)",87,25.25,48.9713
"2025-05-12 06:00:00","2025-05-12 09:00:00","PWAT","entire atmosphere (considered as a single layer)",87.25,25.25,48.8225
"2025-05-12 06:00:00","2025-05-12 09:00:00","PWAT","entire atmosphere (considered as a single layer)",87.5,25.25,47.6129
"2025-05-12 06:00:00","2025-05-12 09:00:00","PWAT","entire atmosphere (considered as a single layer)",87.75,25.25,46.6657
"2025-05-12 06:00:00","2025-05-12 09:00:00","PWAT","entire atmosphere (considered as a single layer)",88,25.25,47.8161
"2025-05-12 06:00:00","2025-05-12 09:00:00","PWAT","entire atmosphere (considered as a single layer)",88.25,25.25,49.6129
"2025-05-12 06:00:00","2025-05-12 09:00:00","PWAT","entire atmosphere (considered as a single layer)",88.5,25.25,51.2241
"2025-05-12 06:00:00","2025-05-12 09:00:00","PWAT","entire atmosphere (considered as a single layer)",88.75,25.25,50.5585
"2025-05-12 06:00:00","2025-05-12 09:00:00","PWAT","entire atmosphere (considered as a single layer)",89,25.25,51.5185
"2025-05-12 06:00:00","2025-05-12 09:00:00","PWAT","entire atmosphere (considered as a single layer)",82,25.5,38.6673
"2025-05-12 06:00:00","2025-05-12 09:00:00","PWAT","entire atmosphere (considered as a single layer)",82.25,25.5,38.5809
"2025-05-12 06:00:00","2025-05-12 09:00:00","PWAT","entire atmosphere (considered as a single layer)",82.5,25.5,38.3841
"2025-05-12 06:00:00","2025-05-12 09:00:00","PWAT","entire atmosphere (considered as a single layer)",82.75,25.5,38.5777
"2025-05-12 06:00:00","2025-05-12 09:00:00","PWAT","entire atmosphere (considered as a single layer)",83,25.5,38.3425
"2025-05-12 06:00:00","2025-05-12 09:00:00","PWAT","entire atmosphere (considered as a single layer)",83.25,25.5,39.5425
"2025-05-12 06:00:00","2025-05-12 09:00:00","PWAT","entire atmosphere (considered as a single layer)",83.5,25.5,40.8225
"2025-05-12 06:00:00","2025-05-12 09:00:00","PWAT","entire atmosphere (considered as a single layer)",83.75,25.5,40.4817
"2025-05-12 06:00:00","2025-05-12 09:00:00","PWAT","entire atmosphere (considered as a single layer)",84,25.5,40.1025
"2025-05-12 06:00:00","2025-05-12 09:00:00","PWAT","entire atmosphere (considered as a single layer)",84.25,25.5,39.4961
"2025-05-12 06:00:00","2025-05-12 09:00:00","PWAT","entire atmosphere (considered as a single layer)",84.5,25.5,41.0481
"2025-05-12 06:00:00","2025-05-12 09:00:00","PWAT","entire atmosphere (considered as a single layer)",84.75,25.5,44.2241
"2025-05-12 06:00:00","2025-05-12 09:00:00","PWAT","entire atmosphere (considered as a single layer)",85,25.5,48.0289
"2025-05-12 06:00:00","2025-05-12 09:00:00","PWAT","entire atmosphere (considered as a single layer)",85.25,25.5,47.8081
"2025-05-12 06:00:00","2025-05-12 09:00:00","PWAT","entire atmosphere (considered as a single layer)",85.5,25.5,47.1217
"2025-05-12 06:00:00","2025-05-12 09:00:00","PWAT","entire atmosphere (considered as a single layer)",85.75,25.5,46.7089
"2025-05-12 06:00:00","2025-05-12 09:00:00","PWAT","entire atmosphere (considered as a single layer)",86,25.5,45.8529
"2025-05-12 06:00:00","2025-05-12 09:00:00","PWAT","entire atmosphere (considered as a single layer)",86.25,25.5,44.6065
"2025-05-12 06:00:00","2025-05-12 09:00:00","PWAT","entire atmosphere (considered as a single layer)",86.5,25.5,45.6417
"2025-05-12 06:00:00","2025-05-12 09:00:00","PWAT","entire atmosphere (considered as a single layer)",86.75,25.5,46.7681
"2025-05-12 06:00:00","2025-05-12 09:00:00","PWAT","entire atmosphere (considered as a single layer)",87,25.5,47.6897
"2025-05-12 06:00:00","2025-05-12 09:00:00","PWAT","entire atmosphere (considered as a single layer)",87.25,25.5,48.5217
"2025-05-12 06:00:00","2025-05-12 09:00:00","PWAT","entire atmosphere (considered as a single layer)",87.5,25.5,49.0465
"2025-05-12 06:00:00","2025-05-12 09:00:00","PWAT","entire atmosphere (considered as a single layer)",87.75,25.5,48.4529
"2025-05-12 06:00:00","2025-05-12 09:00:00","PWAT","entire atmosphere (considered as a single layer)",88,25.5,49.2065
"2025-05-12 06:00:00","2025-05-12 09:00:00","PWAT","entire atmosphere (considered as a single layer)",88.25,25.5,51.6417
"2025-05-12 06:00:00","2025-05-12 09:00:00","PWAT","entire atmosphere (considered as a single layer)",88.5,25.5,52.2817
"2025-05-12 06:00:00","2025-05-12 09:00:00","PWAT","entire atmosphere (considered as a single layer)",88.75,25.5,50.8897
"2025-05-12 06:00:00","2025-05-12 09:00:00","PWAT","entire atmosphere (considered as a single layer)",89,25.5,51.0801
"2025-05-12 06:00:00","2025-05-12 09:00:00","PWAT","entire atmosphere (considered as a single layer)",82,25.75,41.3025
"2025-05-12 06:00:00","2025-05-12 09:00:00","PWAT","entire atmosphere (considered as a single layer)",82.25,25.75,39.4417
"2025-05-12 06:00:00","2025-05-12 09:00:00","PWAT","entire atmosphere (considered as a single layer)",82.5,25.75,39.0225
"2025-05-12 06:00:00","2025-05-12 09:00:00","PWAT","entire atmosphere (considered as a single layer)",82.75,25.75,39.5377
"2025-05-12 06:00:00","2025-05-12 09:00:00","PWAT","entire atmosphere (considered as a single layer)",83,25.75,39.0417
"2025-05-12 06:00:00","2025-05-12 09:00:00","PWAT","entire atmosphere (considered as a single layer)",83.25,25.75,39.9953
"2025-05-12 06:00:00","2025-05-12 09:00:00","PWAT","entire atmosphere (considered as a single layer)",83.5,25.75,41.6289
"2025-05-12 06:00:00","2025-05-12 09:00:00","PWAT","entire atmosphere (considered as a single layer)",83.75,25.75,41.6929
"2025-05-12 06:00:00","2025-05-12 09:00:00","PWAT","entire atmosphere (considered as a single layer)",84,25.75,41.3393
"2025-05-12 06:00:00","2025-05-12 09:00:00","PWAT","entire atmosphere (considered as a single layer)",84.25,25.75,40.8561
"2025-05-12 06:00:00","2025-05-12 09:00:00","PWAT","entire atmosphere (considered as a single layer)",84.5,25.75,40.7873
"2025-05-12 06:00:00","2025-05-12 09:00:00","PWAT","entire atmosphere (considered as a single layer)",84.75,25.75,45.1905
"2025-05-12 06:00:00","2025-05-12 09:00:00","PWAT","entire atmosphere (considered as a single layer)",85,25.75,47.3521
"2025-05-12 06:00:00","2025-05-12 09:00:00","PWAT","entire atmosphere (considered as a single layer)",85.25,25.75,44.6209
"2025-05-12 06:00:00","2025-05-12 09:00:00","PWAT","entire atmosphere (considered as a single layer)",85.5,25.75,41.9649
"2025-05-12 06:00:00","2025-05-12 09:00:00","PWAT","entire atmosphere (considered as a single layer)",85.75,25.75,41.8257
"2025-05-12 06:00:00","2025-05-12 09:00:00","PWAT","entire atmosphere (considered as a single layer)",86,25.75,43.4049
"2025-05-12 06:00:00","2025-05-12 09:00:00","PWAT","entire atmosphere (considered as a single layer)",86.25,25.75,44.3505
"2025-05-12 06:00:00","2025-05-12 09:00:00","PWAT","entire atmosphere (considered as a single layer)",86.5,25.75,44.8833
"2025-05-12 06:00:00","2025-05-12 09:00:00","PWAT","entire atmosphere (considered as a single layer)",86.75,25.75,47.3937
"2025-05-12 06:00:00","2025-05-12 09:00:00","PWAT","entire atmosphere (considered as a single layer)",87,25.75,47.7217
"2025-05-12 06:00:00","2025-05-12 09:00:00","PWAT","entire atmosphere (considered as a single layer)",87.25,25.75,48.4401
"2025-05-12 06:00:00","2025-05-12 09:00:00","PWAT","entire atmosphere (considered as a single layer)",87.5,25.75,48.8481
"2025-05-12 06:00:00","2025-05-12 09:00:00","PWAT","entire atmosphere (considered as a single layer)",87.75,25.75,49.4625
"2025-05-12 06:00:00","2025-05-12 09:00:00","PWAT","entire atmosphere (considered as a single layer)",88,25.75,51.7009
"2025-05-12 06:00:00","2025-05-12 09:00:00","PWAT","entire atmosphere (considered as a single layer)",88.25,25.75,52.6097
"2025-05-12 06:00:00","2025-05-12 09:00:00","PWAT","entire atmosphere (considered as a single layer)",88.5,25.75,51.7441
"2025-05-12 06:00:00","2025-05-12 09:00:00","PWAT","entire atmosphere (considered as a single layer)",88.75,25.75,50.9121
"2025-05-12 06:00:00","2025-05-12 09:00:00","PWAT","entire atmosphere (considered as a single layer)",89,25.75,51.1281
"2025-05-12 06:00:00","2025-05-12 09:00:00","PWAT","entire atmosphere (considered as a single layer)",82,26,41.2177
"2025-05-12 06:00:00","2025-05-12 09:00:00","PWAT","entire atmosphere (considered as a single layer)",82.25,26,40.9201
"2025-05-12 06:00:00","2025-05-12 09:00:00","PWAT","entire atmosphere (considered as a single layer)",82.5,26,40.7809
"2025-05-12 06:00:00","2025-05-12 09:00:00","PWAT","entire atmosphere (considered as a single layer)",82.75,26,40.9169
"2025-05-12 06:00:00","2025-05-12 09:00:00","PWAT","entire atmosphere (considered as a single layer)",83,26,41.0289
"2025-05-12 06:00:00","2025-05-12 09:00:00","PWAT","entire atmosphere (considered as a single layer)",83.25,26,41.7425
"2025-05-12 06:00:00","2025-05-12 09:00:00","PWAT","entire atmosphere (considered as a single layer)",83.5,26,42.3313
"2025-05-12 06:00:00","2025-05-12 09:00:00","PWAT","entire atmosphere (considered as a single layer)",83.75,26,41.7169
"2025-05-12 06:00:00","2025-05-12 09:00:00","PWAT","entire atmosphere (considered as a single layer)",84,26,41.1649
"2025-05-12 06:00:00","2025-05-12 09:00:00","PWAT","entire atmosphere (considered as a single layer)",84.25,26,41.8353
"2025-05-12 06:00:00","2025-05-12 09:00:00","PWAT","entire atmosphere (considered as a single layer)",84.5,26,42.3057
"2025-05-12 06:00:00","2025-05-12 09:00:00","PWAT","entire atmosphere (considered as a single layer)",84.75,26,44.6593
"2025-05-12 06:00:00","2025-05-12 09:00:00","PWAT","entire atmosphere (considered as a single layer)",85,26,42.7681
"2025-05-12 06:00:00","2025-05-12 09:00:00","PWAT","entire atmosphere (considered as a single layer)",85.25,26,40.5089
"2025-05-12 06:00:00","2025-05-12 09:00:00","PWAT","entire atmosphere (considered as a single layer)",85.5,26,39.6769
"2025-05-12 06:00:00","2025-05-12 09:00:00","PWAT","entire atmosphere (considered as a single layer)",85.75,26,41.5809
"2025-05-12 06:00:00","2025-05-12 09:00:00","PWAT","entire atmosphere (considered as a single layer)",86,26,43.5057
"2025-05-12 06:00:00","2025-05-12 09:00:00","PWAT","entire atmosphere (considered as a single layer)",86.25,26,42.5905
"2025-05-12 06:00:00","2025-05-12 09:00:00","PWAT","entire atmosphere (considered as a single layer)",86.5,26,44.2113
"2025-05-12 06:00:00","2025-05-12 09:00:00","PWAT","entire atmosphere (considered as a single layer)",86.75,26,47.1313
"2025-05-12 06:00:00","2025-05-12 09:00:00","PWAT","entire atmosphere (considered as a single layer)",87,26,48.0721
"2025-05-12 06:00:00","2025-05-12 09:00:00","PWAT","entire atmosphere (considered as a single layer)",87.25,26,49.3761
"2025-05-12 06:00:00","2025-05-12 09:00:00","PWAT","entire atmosphere (considered as a single layer)",87.5,26,50.6625
"2025-05-12 06:00:00","2025-05-12 09:00:00","PWAT","entire atmosphere (considered as a single layer)",87.75,26,52.1713
"2025-05-12 06:00:00","2025-05-12 09:00:00","PWAT","entire atmosphere (considered as a single layer)",88,26,52.5969
"2025-05-12 06:00:00","2025-05-12 09:00:00","PWAT","entire atmosphere (considered as a single layer)",88.25,26,51.6737
"2025-05-12 06:00:00","2025-05-12 09:00:00","PWAT","entire atmosphere (considered as a single layer)",88.5,26,50.7569
"2025-05-12 06:00:00","2025-05-12 09:00:00","PWAT","entire atmosphere (considered as a single layer)",88.75,26,51.6753
"2025-05-12 06:00:00","2025-05-12 09:00:00","PWAT","entire atmosphere (considered as a single layer)",89,26,51.6017
"2025-05-12 06:00:00","2025-05-12 09:00:00","PWAT","entire atmosphere (considered as a single layer)",82,26.25,41.6193
"2025-05-12 06:00:00","2025-05-12 09:00:00","PWAT","entire atmosphere (considered as a single layer)",82.25,26.25,41.8081
"2025-05-12 06:00:00","2025-05-12 09:00:00","PWAT","entire atmosphere (considered as a single layer)",82.5,26.25,42.0417
"2025-05-12 06:00:00","2025-05-12 09:00:00","PWAT","entire atmosphere (considered as a single layer)",82.75,26.25,41.5489
"2025-05-12 06:00:00","2025-05-12 09:00:00","PWAT","entire atmosphere (considered as a single layer)",83,26.25,41.2385
"2025-05-12 06:00:00","2025-05-12 09:00:00","PWAT","entire atmosphere (considered as a single layer)",83.25,26.25,41.6289
"2025-05-12 06:00:00","2025-05-12 09:00:00","PWAT","entire atmosphere (considered as a single layer)",83.5,26.25,41.2993
"2025-05-12 06:00:00","2025-05-12 09:00:00","PWAT","entire atmosphere (considered as a single layer)",83.75,26.25,40.1377
"2025-05-12 06:00:00","2025-05-12 09:00:00","PWAT","entire atmosphere (considered as a single layer)",84,26.25,39.6193
"2025-05-12 06:00:00","2025-05-12 09:00:00","PWAT","entire atmosphere (considered as a single layer)",84.25,26.25,38.8849
"2025-05-12 06:00:00","2025-05-12 09:00:00","PWAT","entire atmosphere (considered as a single layer)",84.5,26.25,38.2689
"2025-05-12 06:00:00","2025-05-12 09:00:00","PWAT","entire atmosphere (considered as a single layer)",84.75,26.25,39.0945
"2025-05-12 06:00:00","2025-05-12 09:00:00","PWAT","entire atmosphere (considered as a single layer)",85,26.25,38.2769
"2025-05-12 06:00:00","2025-05-12 09:00:00","PWAT","entire atmosphere (considered as a single layer)",85.25,26.25,38.0193
"2025-05-12 06:00:00","2025-05-12 09:00:00","PWAT","entire atmosphere (considered as a single layer)",85.5,26.25,41.5425
"2025-05-12 06:00:00","2025-05-12 09:00:00","PWAT","entire atmosphere (considered as a single layer)",85.75,26.25,43.1073
"2025-05-12 06:00:00","2025-05-12 09:00:00","PWAT","entire atmosphere (considered as a single layer)",86,26.25,41.4897
"2025-05-12 06:00:00","2025-05-12 09:00:00","PWAT","entire atmosphere (considered as a single layer)",86.25,26.25,43.7825
"2025-05-12 06:00:00","2025-05-12 09:00:00","PWAT","entire atmosphere (considered as a single layer)",86.5,26.25,45.9777
"2025-05-12 06:00:00","2025-05-12 09:00:00","PWAT","entire atmosphere (considered as a single layer)",86.75,26.25,47.5585
"2025-05-12 06:00:00","2025-05-12 09:00:00","PWAT","entire atmosphere (considered as a single layer)",87,26.25,48.3617
"2025-05-12 06:00:00","2025-05-12 09:00:00","PWAT","entire atmosphere (considered as a single layer)",87.25,26.25,50.1649
"2025-05-12 06:00:00","2025-05-12 09:00:00","PWAT","entire atmosphere (considered as a single layer)",87.5,26.25,51.8049
"2025-05-12 06:00:00","2025-05-12 09:00:00","PWAT","entire atmosphere (considered as a single layer)",87.75,26.25,52.1537
"2025-05-12 06:00:00","2025-05-12 09:00:00","PWAT","entire atmosphere (considered as a single layer)",88,26.25,51.5873
"2025-05-12 06:00:00","2025-05-12 09:00:00","PWAT","entire atmosphere (considered as a single layer)",88.25,26.25,51.1169
"2025-05-12 06:00:00","2025-05-12 09:00:00","PWAT","entire atmosphere (considered as a single layer)",88.5,26.25,50.6993
"2025-05-12 06:00:00","2025-05-12 09:00:00","PWAT","entire atmosphere (considered as a single layer)",88.75,26.25,50.0945
"2025-05-12 06:00:00","2025-05-12 09:00:00","PWAT","entire atmosphere (considered as a single layer)",89,26.25,49.6913
"2025-05-12 06:00:00","2025-05-12 09:00:00","PWAT","entire atmosphere (considered as a single layer)",82,26.5,42.2913
"2025-05-12 06:00:00","2025-05-12 09:00:00","PWAT","entire atmosphere (considered as a single layer)",82.25,26.5,41.3665
"2025-05-12 06:00:00","2025-05-12 09:00:00","PWAT","entire atmosphere (considered as a single layer)",82.5,26.5,42.7329
"2025-05-12 06:00:00","2025-05-12 09:00:00","PWAT","entire atmosphere (considered as a single layer)",82.75,26.5,43.1473
"2025-05-12 06:00:00","2025-05-12 09:00:00","PWAT","entire atmosphere (considered as a single layer)",83,26.5,42.3681
"2025-05-12 06:00:00","2025-05-12 09:00:00","PWAT","entire atmosphere (considered as a single layer)",83.25,26.5,40.1889
"2025-05-12 06:00:00","2025-05-12 09:00:00","PWAT","entire atmosphere (considered as a single layer)",83.5,26.5,38.8545
"2025-05-12 06:00:00","2025-05-12 09:00:00","PWAT","entire atmosphere (considered as a single layer)",83.75,26.5,38.8625
"2025-05-12 06:00:00","2025-05-12 09:00:00","PWAT","entire atmosphere (considered as a single layer)",84,26.5,38.5665
"2025-05-12 06:00:00","2025-05-12 09:00:00","PWAT","entire atmosphere (considered as a single layer)",84.25,26.5,37.6657
"2025-05-12 06:00:00","2025-05-12 09:00:00","PWAT","entire atmosphere (considered as a single layer)",84.5,26.5,36.7729
"2025-05-12 06:00:00","2025-05-12 09:00:00","PWAT","entire atmosphere (considered as a single layer)",84.75,26.5,37.7777
"2025-05-12 06:00:00","2025-05-12 09:00:00","PWAT","entire atmosphere (considered as a single layer)",85,26.5,38.5633
"2025-05-12 06:00:00","2025-05-12 09:00:00","PWAT","entire atmosphere (considered as a single layer)",85.25,26.5,39.9537
"2025-05-12 06:00:00","2025-05-12 09:00:00","PWAT","entire atmosphere (considered as a single layer)",85.5,26.5,41.3297
"2025-05-12 06:00:00","2025-05-12 09:00:00","PWAT","entire atmosphere (considered as a single layer)",85.75,26.5,41.7105
"2025-05-12 06:00:00","2025-05-12 09:00:00","PWAT","entire atmosphere (considered as a single layer)",86,26.5,43.1297
"2025-05-12 06:00:00","2025-05-12 09:00:00","PWAT","entire atmosphere (considered as a single layer)",86.25,26.5,45.1585
"2025-05-12 06:00:00","2025-05-12 09:00:00","PWAT","entire atmosphere (considered as a single layer)",86.5,26.5,46.7697
"2025-05-12 06:00:00","2025-05-12 09:00:00","PWAT","entire atmosphere (considered as a single layer)",86.75,26.5,47.4641
"2025-05-12 06:00:00","2025-05-12 09:00:00","PWAT","entire atmosphere (considered as a single layer)",87,26.5,47.9857
"2025-05-12 06:00:00","2025-05-12 09:00:00","PWAT","entire atmosphere (considered as a single layer)",87.25,26.5,48.2049
"2025-05-12 06:00:00","2025-05-12 09:00:00","PWAT","entire atmosphere (considered as a single layer)",87.5,26.5,48.7793
"2025-05-12 06:00:00","2025-05-12 09:00:00","PWAT","entire atmosphere (considered as a single layer)",87.75,26.5,48.6417
"2025-05-12 06:00:00","2025-05-12 09:00:00","PWAT","entire atmosphere (considered as a single layer)",88,26.5,48.4097
"2025-05-12 06:00:00","2025-05-12 09:00:00","PWAT","entire atmosphere (considered as a single layer)",88.25,26.5,48.0753
"2025-05-12 06:00:00","2025-05-12 09:00:00","PWAT","entire atmosphere (considered as a single layer)",88.5,26.5,47.5329
"2025-05-12 06:00:00","2025-05-12 09:00:00","PWAT","entire atmosphere (considered as a single layer)",88.75,26.5,47.5857
"2025-05-12 06:00:00","2025-05-12 09:00:00","PWAT","entire atmosphere (considered as a single layer)",89,26.5,48.2609
"2025-05-12 06:00:00","2025-05-12 09:00:00","PWAT","entire atmosphere (considered as a single layer)",82,26.75,41.0545
"2025-05-12 06:00:00","2025-05-12 09:00:00","PWAT","entire atmosphere (considered as a single layer)",82.25,26.75,41.2177
"2025-05-12 06:00:00","2025-05-12 09:00:00","PWAT","entire atmosphere (considered as a single layer)",82.5,26.75,43.3809
"2025-05-12 06:00:00","2025-05-12 09:00:00","PWAT","entire atmosphere (considered as a single layer)",82.75,26.75,43.3105
"2025-05-12 06:00:00","2025-05-12 09:00:00","PWAT","entire atmosphere (considered as a single layer)",83,26.75,42.2161
"2025-05-12 06:00:00","2025-05-12 09:00:00","PWAT","entire atmosphere (considered as a single layer)",83.25,26.75,40.4513
"2025-05-12 06:00:00","2025-05-12 09:00:00","PWAT","entire atmosphere (considered as a single layer)",83.5,26.75,41.1073
"2025-05-12 06:00:00","2025-05-12 09:00:00","PWAT","entire atmosphere (considered as a single layer)",83.75,26.75,40.3361
"2025-05-12 06:00:00","2025-05-12 09:00:00","PWAT","entire atmosphere (considered as a single layer)",84,26.75,39.8401
"2025-05-12 06:00:00","2025-05-12 09:00:00","PWAT","entire atmosphere (considered as a single layer)",84.25,26.75,38.6881
"2025-05-12 06:00:00","2025-05-12 09:00:00","PWAT","entire atmosphere (considered as a single layer)",84.5,26.75,38.3057
"2025-05-12 06:00:00","2025-05-12 09:00:00","PWAT","entire atmosphere (considered as a single layer)",84.75,26.75,38.8433
"2025-05-12 06:00:00","2025-05-12 09:00:00","PWAT","entire atmosphere (considered as a single layer)",85,26.75,40.4433
"2025-05-12 06:00:00","2025-05-12 09:00:00","PWAT","entire atmosphere (considered as a single layer)",85.25,26.75,40.9409
"2025-05-12 06:00:00","2025-05-12 09:00:00","PWAT","entire atmosphere (considered as a single layer)",85.5,26.75,41.4257
"2025-05-12 06:00:00","2025-05-12 09:00:00","PWAT","entire atmosphere (considered as a single layer)",85.75,26.75,43.4609
"2025-05-12 06:00:00","2025-05-12 09:00:00","PWAT","entire atmosphere (considered as a single layer)",86,26.75,45.3233
"2025-05-12 06:00:00","2025-05-12 09:00:00","PWAT","entire atmosphere (considered as a single layer)",86.25,26.75,46.1057
"2025-05-12 06:00:00","2025-05-12 09:00:00","PWAT","entire atmosphere (considered as a single layer)",86.5,26.75,45.0801
"2025-05-12 06:00:00","2025-05-12 09:00:00","PWAT","entire atmosphere (considered as a single layer)",86.75,26.75,44.9841
"2025-05-12 06:00:00","2025-05-12 09:00:00","PWAT","entire atmosphere (considered as a single layer)",87,26.75,45.9217
"2025-05-12 06:00:00","2025-05-12 09:00:00","PWAT","entire atmosphere (considered as a single layer)",87.25,26.75,44.4209
"2025-05-12 06:00:00","2025-05-12 09:00:00","PWAT","entire atmosphere (considered as a single layer)",87.5,26.75,41.6241
"2025-05-12 06:00:00","2025-05-12 09:00:00","PWAT","entire atmosphere (considered as a single layer)",87.75,26.75,42.8625
"2025-05-12 06:00:00","2025-05-12 09:00:00","PWAT","entire atmosphere (considered as a single layer)",88,26.75,43.7905
"2025-05-12 06:00:00","2025-05-12 09:00:00","PWAT","entire atmosphere (considered as a single layer)",88.25,26.75,45.1953
"2025-05-12 06:00:00","2025-05-12 09:00:00","PWAT","entire atmosphere (considered as a single layer)",88.5,26.75,49.4577
"2025-05-12 06:00:00","2025-05-12 09:00:00","PWAT","entire atmosphere (considered as a single layer)",88.75,26.75,51.4273
"2025-05-12 06:00:00","2025-05-12 09:00:00","PWAT","entire atmosphere (considered as a single layer)",89,26.75,51.2225
"2025-05-12 06:00:00","2025-05-12 09:00:00","PWAT","entire atmosphere (considered as a single layer)",82,27,40.6017
"2025-05-12 06:00:00","2025-05-12 09:00:00","PWAT","entire atmosphere (considered as a single layer)",82.25,27,42.1857
"2025-05-12 06:00:00","2025-05-12 09:00:00","PWAT","entire atmosphere (considered as a single layer)",82.5,27,42.0401
"2025-05-12 06:00:00","2025-05-12 09:00:00","PWAT","entire atmosphere (considered as a single layer)",82.75,27,42.7777
"2025-05-12 06:00:00","2025-05-12 09:00:00","PWAT","entire atmosphere (considered as a single layer)",83,27,40.9489
"2025-05-12 06:00:00","2025-05-12 09:00:00","PWAT","entire atmosphere (considered as a single layer)",83.25,27,39.7729
"2025-05-12 06:00:00","2025-05-12 09:00:00","PWAT","entire atmosphere (considered as a single layer)",83.5,27,41.2225
"2025-05-12 06:00:00","2025-05-12 09:00:00","PWAT","entire atmosphere (considered as a single layer)",83.75,27,40.2321
"2025-05-12 06:00:00","2025-05-12 09:00:00","PWAT","entire atmosphere (considered as a single layer)",84,27,40.1761
"2025-05-12 06:00:00","2025-05-12 09:00:00","PWAT","entire atmosphere (considered as a single layer)",84.25,27,38.5729
"2025-05-12 06:00:00","2025-05-12 09:00:00","PWAT","entire atmosphere (considered as a single layer)",84.5,27,38.3009
"2025-05-12 06:00:00","2025-05-12 09:00:00","PWAT","entire atmosphere (considered as a single layer)",84.75,27,39.8801
"2025-05-12 06:00:00","2025-05-12 09:00:00","PWAT","entire atmosphere (considered as a single layer)",85,27,41.1601
"2025-05-12 06:00:00","2025-05-12 09:00:00","PWAT","entire atmosphere (considered as a single layer)",85.25,27,42.1185
"2025-05-12 06:00:00","2025-05-12 09:00:00","PWAT","entire atmosphere (considered as a single layer)",85.5,27,43.1153
"2025-05-12 06:00:00","2025-05-12 09:00:00","PWAT","entire atmosphere (considered as a single layer)",85.75,27,43.3153
"2025-05-12 06:00:00","2025-05-12 09:00:00","PWAT","entire atmosphere (considered as a single layer)",86,27,42.5505
"2025-05-12 06:00:00","2025-05-12 09:00:00","PWAT","entire atmosphere (considered as a single layer)",86.25,27,40.9137
"2025-05-12 06:00:00","2025-05-12 09:00:00","PWAT","entire atmosphere (considered as a single layer)",86.5,27,38.9937
"2025-05-12 06:00:00","2025-05-12 09:00:00","PWAT","entire atmosphere (considered as a single layer)",86.75,27,37.4001
"2025-05-12 06:00:00","2025-05-12 09:00:00","PWAT","entire atmosphere (considered as a single layer)",87,27,35.5105
"2025-05-12 06:00:00","2025-05-12 09:00:00","PWAT","entire atmosphere (considered as a single layer)",87.25,27,37.7361
"2025-05-12 06:00:00","2025-05-12 09:00:00","PWAT","entire atmosphere (considered as a single layer)",87.5,27,34.7633
"2025-05-12 06:00:00","2025-05-12 09:00:00","PWAT","entire atmosphere (considered as a single layer)",87.75,27,32.7345
"2025-05-12 06:00:00","2025-05-12 09:00:00","PWAT","entire atmosphere (considered as a single layer)",88,27,28.9201
"2025-05-12 06:00:00","2025-05-12 09:00:00","PWAT","entire atmosphere (considered as a single layer)",88.25,27,35.9425
"2025-05-12 06:00:00","2025-05-12 09:00:00","PWAT","entire atmosphere (considered as a single layer)",88.5,27,44.1313
"2025-05-12 06:00:00","2025-05-12 09:00:00","PWAT","entire atmosphere (considered as a single layer)",88.75,27,43.7569
"2025-05-12 06:00:00","2025-05-12 09:00:00","PWAT","entire atmosphere (considered as a single layer)",89,27,40.9985
"2025-05-12 06:00:00","2025-05-12 09:00:00","PWAT","entire atmosphere (considered as a single layer)",82,27.25,40.0145
"2025-05-12 06:00:00","2025-05-12 09:00:00","PWAT","entire atmosphere (considered as a single layer)",82.25,27.25,42.5025
"2025-05-12 06:00:00","2025-05-12 09:00:00","PWAT","entire atmosphere (considered as a single layer)",82.5,27.25,43.0081
"2025-05-12 06:00:00","2025-05-12 09:00:00","PWAT","entire atmosphere (considered as a single layer)",82.75,27.25,41.3345
"2025-05-12 06:00:00","2025-05-12 09:00:00","PWAT","entire atmosphere (considered as a single layer)",83,27.25,38.3745
"2025-05-12 06:00:00","2025-05-12 09:00:00","PWAT","entire atmosphere (considered as a single layer)",83.25,27.25,37.0769
"2025-05-12 06:00:00","2025-05-12 09:00:00","PWAT","entire atmosphere (considered as a single layer)",83.5,27.25,36.9393
"2025-05-12 06:00:00","2025-05-12 09:00:00","PWAT","entire atmosphere (considered as a single layer)",83.75,27.25,37.0225
"2025-05-12 06:00:00","2025-05-12 09:00:00","PWAT","entire atmosphere (considered as a single layer)",84,27.25,37.8785
"2025-05-12 06:00:00","2025-05-12 09:00:00","PWAT","entire atmosphere (considered as a single layer)",84.25,27.25,38.5089
"2025-05-12 06:00:00","2025-05-12 09:00:00","PWAT","entire atmosphere (considered as a single layer)",84.5,27.25,39.3793
"2025-05-12 06:00:00","2025-05-12 09:00:00","PWAT","entire atmosphere (considered as a single layer)",84.75,27.25,40.5873
"2025-05-12 06:00:00","2025-05-12 09:00:00","PWAT","entire atmosphere (considered as a single layer)",85,27.25,39.7873
"2025-05-12 06:00:00","2025-05-12 09:00:00","PWAT","entire atmosphere (considered as a single layer)",85.25,27.25,40.9185
"2025-05-12 06:00:00","2025-05-12 09:00:00","PWAT","entire atmosphere (considered as a single layer)",85.5,27.25,41.8001
"2025-05-12 06:00:00","2025-05-12 09:00:00","PWAT","entire atmosphere (considered as a single layer)",85.75,27.25,42.3425
"2025-05-12 06:00:00","2025-05-12 09:00:00","PWAT","entire atmosphere (considered as a single layer)",86,27.25,38.1937
"2025-05-12 06:00:00","2025-05-12 09:00:00","PWAT","entire atmosphere (considered as a single layer)",86.25,27.25,34.9953
"2025-05-12 06:00:00","2025-05-12 09:00:00","PWAT","entire atmosphere (considered as a single layer)",86.5,27.25,35.6145
"2025-05-12 06:00:00","2025-05-12 09:00:00","PWAT","entire atmosphere (considered as a single layer)",86.75,27.25,34.1633
"2025-05-12 06:00:00","2025-05-12 09:00:00","PWAT","entire atmosphere (considered as a single layer)",87,27.25,29.7425
"2025-05-12 06:00:00","2025-05-12 09:00:00","PWAT","entire atmosphere (considered as a single layer)",87.25,27.25,37.4529
"2025-05-12 06:00:00","2025-05-12 09:00:00","PWAT","entire atmosphere (considered as a single layer)",87.5,27.25,30.4641
"2025-05-12 06:00:00","2025-05-12 09:00:00","PWAT","entire atmosphere (considered as a single layer)",87.75,27.25,33.1521
"2025-05-12 06:00:00","2025-05-12 09:00:00","PWAT","entire atmosphere (considered as a single layer)",88,27.25,24.0209
"2025-05-12 06:00:00","2025-05-12 09:00:00","PWAT","entire atmosphere (considered as a single layer)",88.25,27.25,33.5201
"2025-05-12 06:00:00","2025-05-12 09:00:00","PWAT","entire atmosphere (considered as a single layer)",88.5,27.25,38.0881
"2025-05-12 06:00:00","2025-05-12 09:00:00","PWAT","entire atmosphere (considered as a single layer)",88.75,27.25,26.2753
"2025-05-12 06:00:00","2025-05-12 09:00:00","PWAT","entire atmosphere (considered as a single layer)",89,27.25,19.9857
"2025-05-12 06:00:00","2025-05-12 09:00:00","PWAT","entire atmosphere (considered as a single layer)",82,27.5,39.1393
"2025-05-12 06:00:00","2025-05-12 09:00:00","PWAT","entire atmosphere (considered as a single layer)",82.25,27.5,40.5105
"2025-05-12 06:00:00","2025-05-12 09:00:00","PWAT","entire atmosphere (considered as a single layer)",82.5,27.5,40.5953
"2025-05-12 06:00:00","2025-05-12 09:00:00","PWAT","entire atmosphere (considered as a single layer)",82.75,27.5,40.8561
"2025-05-12 06:00:00","2025-05-12 09:00:00","PWAT","entire atmosphere (considered as a single layer)",83,27.5,36.9633
"2025-05-12 06:00:00","2025-05-12 09:00:00","PWAT","entire atmosphere (considered as a single layer)",83.25,27.5,36.6785
"2025-05-12 06:00:00","2025-05-12 09:00:00","PWAT","entire atmosphere (considered as a single layer)",83.5,27.5,37.8801
"2025-05-12 06:00:00","2025-05-12 09:00:00","PWAT","entire atmosphere (considered as a single layer)",83.75,27.5,36.0129
"2025-05-12 06:00:00","2025-05-12 09:00:00","PWAT","entire atmosphere (considered as a single layer)",84,27.5,37.2097
"2025-05-12 06:00:00","2025-05-12 09:00:00","PWAT","entire atmosphere (considered as a single layer)",84.25,27.5,38.1873
"2025-05-12 06:00:00","2025-05-12 09:00:00","PWAT","entire atmosphere (considered as a single layer)",84.5,27.5,39.4609
"2025-05-12 06:00:00","2025-05-12 09:00:00","PWAT","entire atmosphere (considered as a single layer)",84.75,27.5,37.7793
"2025-05-12 06:00:00","2025-05-12 09:00:00","PWAT","entire atmosphere (considered as a single layer)",85,27.5,35.0113
"2025-05-12 06:00:00","2025-05-12 09:00:00","PWAT","entire atmosphere (considered as a single layer)",85.25,27.5,34.6625
"2025-05-12 06:00:00","2025-05-12 09:00:00","PWAT","entire atmosphere (considered as a single layer)",85.5,27.5,33.9153
"2025-05-12 06:00:00","2025-05-12 09:00:00","PWAT","entire atmosphere (considered as a single layer)",85.75,27.5,36.7057
"2025-05-12 06:00:00","2025-05-12 09:00:00","PWAT","entire atmosphere (considered as a single layer)",86,27.5,33.0497
"2025-05-12 06:00:00","2025-05-12 09:00:00","PWAT","entire atmosphere (considered as a single layer)",86.25,27.5,27.0065
"2025-05-12 06:00:00","2025-05-12 09:00:00","PWAT","entire atmosphere (considered as a single layer)",86.5,27.5,19.9521
"2025-05-12 06:00:00","2025-05-12 09:00:00","PWAT","entire atmosphere (considered as a single layer)",86.75,27.5,22.4241
"2025-05-12 06:00:00","2025-05-12 09:00:00","PWAT","entire atmosphere (considered as a single layer)",87,27.5,23.2609
"2025-05-12 06:00:00","2025-05-12 09:00:00","PWAT","entire atmosphere (considered as a single layer)",87.25,27.5,32.8177
"2025-05-12 06:00:00","2025-05-12 09:00:00","PWAT","entire atmosphere (considered as a single layer)",87.5,27.5,23.3425
"2025-05-12 06:00:00","2025-05-12 09:00:00","PWAT","entire atmosphere (considered as a single layer)",87.75,27.5,22.5489
"2025-05-12 06:00:00","2025-05-12 09:00:00","PWAT","entire atmosphere (considered as a single layer)",88,27.5,13.6833
"2025-05-12 06:00:00","2025-05-12 09:00:00","PWAT","entire atmosphere (considered as a single layer)",88.25,27.5,14.4289
"2025-05-12 06:00:00","2025-05-12 09:00:00","PWAT","entire atmosphere (considered as a single layer)",88.5,27.5,26.1281
"2025-05-12 06:00:00","2025-05-12 09:00:00","PWAT","entire atmosphere (considered as a single layer)",88.75,27.5,15.0817
"2025-05-12 06:00:00","2025-05-12 09:00:00","PWAT","entire atmosphere (considered as a single layer)",89,27.5,10.8385
"2025-05-12 06:00:00","2025-05-12 09:00:00","PWAT","entire atmosphere (considered as a single layer)",82,27.75,38.2497
"2025-05-12 06:00:00","2025-05-12 09:00:00","PWAT","entire atmosphere (considered as a single layer)",82.25,27.75,38.8737
"2025-05-12 06:00:00","2025-05-12 09:00:00","PWAT","entire atmosphere (considered as a single layer)",82.5,27.75,37.4465
"2025-05-12 06:00:00","2025-05-12 09:00:00","PWAT","entire atmosphere (considered as a single layer)",82.75,27.75,38.5745
"2025-05-12 06:00:00","2025-05-12 09:00:00","PWAT","entire atmosphere (considered as a single layer)",83,27.75,38.7617
"2025-05-12 06:00:00","2025-05-12 09:00:00","PWAT","entire atmosphere (considered as a single layer)",83.25,27.75,38.8897
"2025-05-12 06:00:00","2025-05-12 09:00:00","PWAT","entire atmosphere (considered as a single layer)",83.5,27.75,37.4273
"2025-05-12 06:00:00","2025-05-12 09:00:00","PWAT","entire atmosphere (considered as a single layer)",83.75,27.75,35.1969
"2025-05-12 06:00:00","2025-05-12 09:00:00","PWAT","entire atmosphere (considered as a single layer)",84,27.75,36.4737
"2025-05-12 06:00:00","2025-05-12 09:00:00","PWAT","entire atmosphere (considered as a single layer)",84.25,27.75,36.1105
"2025-05-12 06:00:00","2025-05-12 09:00:00","PWAT","entire atmosphere (considered as a single layer)",84.5,27.75,36.1809
"2025-05-12 06:00:00","2025-05-12 09:00:00","PWAT","entire atmosphere (considered as a single layer)",84.75,27.75,33.2913
"2025-05-12 06:00:00","2025-05-12 09:00:00","PWAT","entire atmosphere (considered as a single layer)",85,27.75,32.7313
"2025-05-12 06:00:00","2025-05-12 09:00:00","PWAT","entire atmosphere (considered as a single layer)",85.25,27.75,31.1745
"2025-05-12 06:00:00","2025-05-12 09:00:00","PWAT","entire atmosphere (considered as a single layer)",85.5,27.75,28.4593
"2025-05-12 06:00:00","2025-05-12 09:00:00","PWAT","entire atmosphere (considered as a single layer)",85.75,27.75,29.1489
"2025-05-12 06:00:00","2025-05-12 09:00:00","PWAT","entire atmosphere (considered as a single layer)",86,27.75,25.3233
"2025-05-12 06:00:00","2025-05-12 09:00:00","PWAT","entire atmosphere (considered as a single layer)",86.25,27.75,19.4801
"2025-05-12 06:00:00","2025-05-12 09:00:00","PWAT","entire atmosphere (considered as a single layer)",86.5,27.75,9.27852
"2025-05-12 06:00:00","2025-05-12 09:00:00","PWAT","entire atmosphere (considered as a single layer)",86.75,27.75,8.80172
"2025-05-12 06:00:00","2025-05-12 09:00:00","PWAT","entire atmosphere (considered as a single layer)",87,27.75,6.99692
"2025-05-12 06:00:00","2025-05-12 09:00:00","PWAT","entire atmosphere (considered as a single layer)",87.25,27.75,14.8433
"2025-05-12 06:00:00","2025-05-12 09:00:00","PWAT","entire atmosphere (considered as a single layer)",87.5,27.75,12.8289
"2025-05-12 06:00:00","2025-05-12 09:00:00","PWAT","entire atmosphere (considered as a single layer)",87.75,27.75,8.44172
"2025-05-12 06:00:00","2025-05-12 09:00:00","PWAT","entire atmosphere (considered as a single layer)",88,27.75,5.59532
"2025-05-12 06:00:00","2025-05-12 09:00:00","PWAT","entire atmosphere (considered as a single layer)",88.25,27.75,5.54892
"2025-05-12 06:00:00","2025-05-12 09:00:00","PWAT","entire atmosphere (considered as a single layer)",88.5,27.75,10.9825
"2025-05-12 06:00:00","2025-05-12 09:00:00","PWAT","entire atmosphere (considered as a single layer)",88.75,27.75,9.34412
"2025-05-12 06:00:00","2025-05-12 09:00:00","PWAT","entire atmosphere (considered as a single layer)",89,27.75,7.60492
"2025-05-12 06:00:00","2025-05-12 09:00:00","PWAT","entire atmosphere (considered as a single layer)",82,28,35.8049
"2025-05-12 06:00:00","2025-05-12 09:00:00","PWAT","entire atmosphere (considered as a single layer)",82.25,28,37.1569
"2025-05-12 06:00:00","2025-05-12 09:00:00","PWAT","entire atmosphere (considered as a single layer)",82.5,28,37.4369
"2025-05-12 06:00:00","2025-05-12 09:00:00","PWAT","entire atmosphere (considered as a single layer)",82.75,28,34.1841
"2025-05-12 06:00:00","2025-05-12 09:00:00","PWAT","entire atmosphere (considered as a single layer)",83,28,34.2305
"2025-05-12 06:00:00","2025-05-12 09:00:00","PWAT","entire atmosphere (considered as a single layer)",83.25,28,38.5089
"2025-05-12 06:00:00","2025-05-12 09:00:00","PWAT","entire atmosphere (considered as a single layer)",83.5,28,38.8225
"2025-05-12 06:00:00","2025-05-12 09:00:00","PWAT","entire atmosphere (considered as a single layer)",83.75,28,36.9505
"2025-05-12 06:00:00","2025-05-12 09:00:00","PWAT","entire atmosphere (considered as a single layer)",84,28,37.7505
"2025-05-12 06:00:00","2025-05-12 09:00:00","PWAT","entire atmosphere (considered as a single layer)",84.25,28,37.3633
"2025-05-12 06:00:00","2025-05-12 09:00:00","PWAT","entire atmosphere (considered as a single layer)",84.5,28,33.5361
"2025-05-12 06:00:00","2025-05-12 09:00:00","PWAT","entire atmosphere (considered as a single layer)",84.75,28,32.5185
"2025-05-12 06:00:00","2025-05-12 09:00:00","PWAT","entire atmosphere (considered as a single layer)",85,28,29.4417
"2025-05-12 06:00:00","2025-05-12 09:00:00","PWAT","entire atmosphere (considered as a single layer)",85.25,28,23.1153
"2025-05-12 06:00:00","2025-05-12 09:00:00","PWAT","entire atmosphere (considered as a single layer)",85.5,28,18.2241
"2025-05-12 06:00:00","2025-05-12 09:00:00","PWAT","entire atmosphere (considered as a single layer)",85.75,28,17.3569
"2025-05-12 06:00:00","2025-05-12 09:00:00","PWAT","entire atmosphere (considered as a single layer)",86,28,12.8545
"2025-05-12 06:00:00","2025-05-12 09:00:00","PWAT","entire atmosphere (considered as a single layer)",86.25,28,10.4321
"2025-05-12 06:00:00","2025-05-12 09:00:00","PWAT","entire atmosphere (considered as a single layer)",86.5,28,5.75532
"2025-05-12 06:00:00","2025-05-12 09:00:00","PWAT","entire atmosphere (considered as a single layer)",86.75,28,4.16492
"2025-05-12 06:00:00","2025-05-12 09:00:00","PWAT","entire atmosphere (considered as a single layer)",87,28,2.72332
"2025-05-12 06:00:00","2025-05-12 09:00:00","PWAT","entire atmosphere (considered as a single layer)",87.25,28,7.76652
"2025-05-12 06:00:00","2025-05-12 09:00:00","PWAT","entire atmosphere (considered as a single layer)",87.5,28,7.90572
"2025-05-12 06:00:00","2025-05-12 09:00:00","PWAT","entire atmosphere (considered as a single layer)",87.75,28,4.61772
"2025-05-12 06:00:00","2025-05-12 09:00:00","PWAT","entire atmosphere (considered as a single layer)",88,28,3.44972
"2025-05-12 06:00:00","2025-05-12 09:00:00","PWAT","entire atmosphere (considered as a single layer)",88.25,28,4.67372
"2025-05-12 06:00:00","2025-05-12 09:00:00","PWAT","entire atmosphere (considered as a single layer)",88.5,28,5.60332
"2025-05-12 06:00:00","2025-05-12 09:00:00","PWAT","entire atmosphere (considered as a single layer)",88.75,28,4.29932
"2025-05-12 06:00:00","2025-05-12 09:00:00","PWAT","entire atmosphere (considered as a single layer)",89,28,5.35692
